budget_cf_company_clean.companyid,budget_cf_company_clean.companyno,budget_cf_company_clean.parentcompanyid,budget_cf_company_clean.companycode,budget_cf_company_clean.companyname,budget_cf_company_clean.recordstatus,budget_cf_company_clean.modifyuserid,budget_cf_company_clean.modifydate,budget_cf_company_clean.parentcompanyno,budget_cf_company_clean.companytype,budget_cf_company_clean.rentalplazaid,budget_cf_company_clean.propertyplazaid,budget_cf_company_clean.shortcode,budget_cf_company_clean.opendate,budget_cf_company_clean.companystatus,budget_cf_company_clean.preparestartdate,budget_cf_company_clean.prepareenddate,budget_cf_company_clean.selfarea,budget_cf_company_clean.salearea,budget_cf_company_clean.saleprepareenddate,budget_cf_company_clean.salepreparestartdate,budget_cf_company_clean.saleopendate,budget_cf_company_clean.companybudgettype,budget_cf_company_clean.companyorder,budget_cf_company_clean.assetscompanytype,budget_cf_company_clean.ehrid,budget_cf_company_clean.erpid,budget_cf_company_clean.isforsale,budget_cf_company_clean.isforself,budget_cf_company_clean.companyattribute
4370,66862,6392,103696,长春红旗街万达广场,ACTIVE,46498,2016-09-02 15:23:50.902038,0,PLAZA,1000276,,CCHQJ,2010-10-29 00:00:00.0,OPERATE,,,0,0,,,,OPERATE,28,HEAVYASSET,66862,,N,Y,
5340,721013,6392,105704,长春宽城万达广场,ACTIVE,46498,2016-09-02 15:24:19.326331,0,PLAZA,1000463,,CCKC,2013-08-16 00:00:00.0,OPERATE,,,0,29880,,,2014-06-30 00:00:00.0,OPERATE,82,HEAVYASSET,721013,,Y,Y,
4351,67116,4655,103950,合肥天鹅湖万达广场,ACTIVE,44857,2016-08-12 17:15:21.525201,0,PLAZA,1000363,,HFTEH,2012-07-20 00:00:00.0,OPERATE,,,0,3501124,,,2012-12-31 00:00:00.0,OPERATE,59,HEAVYASSET,67116,,Y,Y,
5335,721166,6403,105804,无锡惠山万达广场,ACTIVE,46498,2016-09-02 15:35:18.888498,0,PLAZA,1000524,,WXHS,2013-06-21 00:00:00.0,OPERATE,,,0,0,,,2013-12-20 00:00:00.0,OPERATE,78,HEAVYASSET,721166,SG08201,Y,Y,
4367,66558,5315,103392,济南魏家庄万达广场,ACTIVE,44262,2014-03-24 16:50:43.79966,0,PLAZA,1000263,,JNWJZ,2010-11-19 00:00:00.0,OPERATE,,,0,0,,,,OPERATE,31,HEAVYASSET,66558,,,Y,
4335,66592,4333,103426,西安民乐园万达广场,ACTIVE,48159,2015-09-01 13:38:22.532907,0,PLAZA,1000290,,XAMLY,2009-12-19 00:00:00.0,OPERATE,,,0,0,,,2009-12-11 00:00:00.0,OPERATE,24,HEAVYASSET,66592,,Y,Y,
4347,67136,5321,103970,南昌红谷滩万达广场,ACTIVE,50392,2016-08-15 13:49:39.88274,0,PLAZA,1000384,,NCHGT,2012-08-25 00:00:00.0,OPERATE,,,0,0,,,2012-08-25 00:00:00.0,OPERATE,62,HEAVYASSET,67136,,Y,Y,
4638,66965,6401,103799,漳州碧湖万达广场,ACTIVE,46498,2016-09-02 15:53:15.704312,0,PLAZA,1000397,,ZZ,2012-10-26 00:00:00.0,OPERATE,,,0,0,,,2013-03-31 00:00:00.0,OPERATE,69,HEAVYASSET,66965,,Y,Y,
5330,721008,4407,105700,哈尔滨哈西万达广场,ACTIVE,48159,2015-09-01 13:36:19.119725,0,PLAZA,1000583,,HEBHX,2013-09-13 00:00:00.0,OPERATE,,,0,0,,,2013-09-28 00:00:00.0,OPERATE,85,HEAVYASSET,721008,,Y,Y,
4415,67077,6403,103911,江阴万达广场,ACTIVE,46498,2016-09-02 15:40:48.107959,0,PLAZA,1000386,,JY,2012-09-22 00:00:00.0,OPERATE,2011-06-20 00:00:00.0,2012-09-15 00:00:00.0,195000,366000,,,2013-03-30 00:00:00.0,OPERATE,66,HEAVYASSET,67077,,Y,Y,
5323,721164,6403,105777,太仓万达广场,ACTIVE,46498,2016-09-02 15:35:52.929007,0,PLAZA,1000395,,TC,2012-12-07 00:00:00.0,OPERATE,,,0,0,,,2016-01-01 00:00:00.0,OPERATE,71,HEAVYASSET,721164,,Y,Y,
5325,138788688,4336,108660,丹东万达广场,ACTIVE,48711,2016-08-12 11:26:45.838558,0,PLAZA,1000625,,DD,2013-12-20 00:00:00.0,OPERATE,,,0,0,,,2013-12-20 00:00:00.0,OPERATE,91,HEAVYASSET,138788688,,Y,Y,
5336,,4355,,武汉汉街万达广场,ACTIVE,27914,2017-09-22 15:22:13.143516,0,PLAZA,1000483,,WHHJWD,2013-09-28 00:00:00.0,OPERATE,,,0,0,,,,OPERATE,86,HEAVYASSET,572051833,SG06001,N,Y,
5363,69810942,4381,107895,南京江宁万达广场,ACTIVE,47636,2017-12-27 17:18:17.781791,0,PLAZA,1000626,,NJJN,2013-12-21 00:00:00.0,OPERATE,2013-12-21 00:00:00.0,2013-12-21 00:00:00.0,146600,0,2013-12-21 00:00:00.0,2013-12-21 00:00:00.0,2014-12-19 00:00:00.0,OPERATE,92,HEAVYASSET,152997206,,Y,Y,DEVELOPMENT
5364,184830027,5315,111375,济宁太白路万达广场,ACTIVE,46498,2015-07-15 23:51:04.678038,0,PLAZA,1000664,,JN,2014-07-05 00:00:00.0,OPERATE,2012-08-31 00:00:00.0,2014-07-05 00:00:00.0,0,0,2014-07-05 00:00:00.0,2012-08-31 00:00:00.0,2014-07-06 00:00:00.0,OPERATE,99,HEAVYASSET,184830027,,Y,Y,
5368,184829968,6394,111374,潍坊万达广场,ACTIVE,46498,2016-09-02 15:43:18.41974,0,PLAZA,1000646,,WF,2014-05-23 00:00:00.0,OPERATE,2012-02-21 00:00:00.0,2014-05-22 00:00:00.0,0,0,2014-12-31 00:00:00.0,2012-02-21 00:00:00.0,2014-12-31 00:00:00.0,OPERATE,95,HEAVYASSET,184829968,,Y,Y,
5353,129863772,4381,108654,徐州云龙万达广场,ACTIVE,47079,2016-08-12 17:17:03.314549,0,PLAZA,1000624,,XZYL,2013-12-06 00:00:00.0,OPERATE,,,0,0,,,2014-05-26 00:00:00.0,OPERATE,90,HEAVYASSET,129863772,,Y,Y,
4328,67131,5321,103965,南昌八一万达广场,ACTIVE,25607,2014-03-30 10:27:43.115592,0,PLAZA,1001064,,NCBY,2003-08-28 00:00:00.0,OPERATE,,,0,0,,,,OPERATE,3,HEAVYASSET,67131,,,Y,
4329,66682,5322,103516,重庆南坪万达广场,ACTIVE,51037,2016-08-15 13:59:46.52786,0,PLAZA,1000294,,CQNP,2009-12-11 00:00:00.0,OPERATE,,,0,0,,,2009-12-11 00:00:00.0,OPERATE,22,HEAVYASSET,66682,,N,Y,
4330,67051,6403,103885,苏州平江万达广场,ACTIVE,45099,2018-02-27 12:08:08.714989,0,PLAZA,1000296,,SZPJ,2009-09-17 00:00:00.0,OPERATE,,,0,0,,,2009-12-10 00:00:00.0,OPERATE,18,HEAVYASSET,67051,,N,Y,
4332,66648,5319,103482,洛阳万达广场,ACTIVE,48159,2015-09-01 13:35:13.20888,0,PLAZA,1000300,,LY,2009-12-22 00:00:00.0,OPERATE,,,0,0,,,2010-01-01 00:00:00.0,OPERATE,25,HEAVYASSET,66648,,Y,Y,
4334,66582,4333,103416,西安碑林区万达广场,ACTIVE,1,2011-06-23 00:00:00.0,1189,PLAZA,1000293,,XABLQ,2008-05-16 00:00:00.0,OPERATE,,,,,,,,OPERATE,16,HEAVYASSET,66582,,,Y,
4337,66895,4336,103729,沈阳太原街万达广场,ACTIVE,1,2011-06-23 00:00:00.0,1192,PLAZA,1000277,,SYTYJ,2009-11-20 00:00:00.0,OPERATE,,,,,,,,OPERATE,20,HEAVYASSET,66895,,,Y,
4338,66904,4336,103738,沈阳铁西万达广场,ACTIVE,28447,2015-12-14 17:10:50.728077,0,PLAZA,1000266,,SYTX,2010-08-20 00:00:00.0,OPERATE,,,,,,,,OPERATE,26,HEAVYASSET,66904,SG04500,,Y,
4339,66887,4336,103721,沈阳北一路万达广场,ACTIVE,44593,2016-08-12 13:43:01.341771,0,PLAZA,1000392,,SYBYL,2012-08-31 00:00:00.0,OPERATE,,,0,0,,,2012-10-25 00:00:00.0,OPERATE,63,HEAVYASSET,66887,,Y,Y,
4343,66211,6395,103045,天津河东万达广场,ACTIVE,46498,2016-09-02 15:31:19.21648,0,PLAZA,1000275,,TJHD,2010-11-20 00:00:00.0,OPERATE,,,0,0,,,2010-11-20 00:00:00.0,OPERATE,32,HEAVYASSET,66211,,Y,Y,
4345,66761,6396,103595,太原龙湖万达广场,ACTIVE,46498,2016-09-02 15:37:37.54663,0,PLAZA,1001008,,TYLH,2015-09-30 00:00:00.0,OPERATE,2009-04-09 00:00:00.0,2015-09-29 00:00:00.0,0,0,2012-12-31 00:00:00.0,2008-08-19 00:00:00.0,2013-01-01 00:00:00.0,OPERATE,,HEAVYASSET,66761,,N,Y,
5342,69810926,4634,107894,广州番禺万达广场,ACTIVE,46498,2014-11-27 10:08:57.003262,0,PLAZA,1000503,,GZFY,2014-11-08 00:00:00.0,OPERATE,2011-05-31 00:00:00.0,2014-11-08 00:00:00.0,0,0,2014-11-08 00:00:00.0,2011-05-31 00:00:00.0,2014-11-08 00:00:00.0,OPERATE,110,HEAVYASSET,69810926,,Y,Y,
5347,185034942,4634,111404,广州增城万达广场,ACTIVE,46498,2014-08-04 15:47:17.939846,0,PLAZA,1000643,,GZZC,2014-05-16 00:00:00.0,OPERATE,2012-03-31 00:00:00.0,2014-05-16 00:00:00.0,0,0,2014-05-16 00:00:00.0,2012-03-31 00:00:00.0,2014-05-16 00:00:00.0,OPERATE,94,HEAVYASSET,185034942,,Y,Y,
5300,66818,4407,103652,哈尔滨香坊万达广场,ACTIVE,1,2011-12-15 20:30:00.877524,0,PLAZA,1000297,,HEBXF,2007-10-25 00:00:00.0,OPERATE,,,,,,,,OPERATE,14,HEAVYASSET,66818,,,Y,
5303,66340,4355,103174,武汉中央文化区汉街,ACTIVE,44805,2013-12-08 11:29:39.021309,0,PLAZA,1000286,,WHHJ,2011-09-30 00:00:00.0,OPERATE,,,,,,,,OPERATE,49,HEAVYASSET,66340,,,Y,
5332,15401071,6393,106749,大连高新万达广场,ACTIVE,46498,2016-09-02 15:15:49.810735,0,PLAZA,1000423,,DLGX,2013-05-25 00:00:00.0,OPERATE,,,0,0,,,2013-11-01 00:00:00.0,OPERATE,75,HEAVYASSET,66919,,Y,Y,
5333,15901635,4336,106956,沈阳奥体万达广场,ACTIVE,38225,2012-08-03 10:17:47.031013,0,PLAZA,1000544,,SYAT,2013-07-26 00:00:00.0,OPERATE,,,,,,,,OPERATE,81,HEAVYASSET,15901635,,,Y,
5341,69810920,4391,107892,余姚万达广场,ACTIVE,48277,2016-08-12 14:25:55.858377,0,PLAZA,1000543,,YY,2013-11-01 00:00:00.0,OPERATE,,,0,0,,,2014-09-30 00:00:00.0,OPERATE,87,HEAVYASSET,69810920,,Y,Y,
5343,69810923,6401,107893,厦门集美万达广场,ACTIVE,46498,2016-09-02 15:53:49.230001,0,PLAZA,1000546,,XMJM,2013-06-08 00:00:00.0,OPERATE,,,0,0,,,2013-10-26 00:00:00.0,OPERATE,77,HEAVYASSET,69810923,,Y,Y,
5344,721016,4336,105710,抚顺万达广场,ACTIVE,42644,2016-08-12 17:36:03.760838,0,PLAZA,1000547,,FS,2013-10-25 00:00:00.0,OPERATE,,,0,0,,,2013-12-31 00:00:00.0,OPERATE,83,HEAVYASSET,721016,,Y,Y,
4346,66539,6394,103373,青岛李沧万达广场,ACTIVE,46498,2016-09-02 15:41:04.722598,0,PLAZA,1000396,,QDLC,2012-09-21 00:00:00.0,OPERATE,,,0,0,,,2013-04-30 00:00:00.0,OPERATE,65,HEAVYASSET,66539,,Y,Y,
4348,66614,5319,103448,郑州中原万达广场,ACTIVE,48159,2015-09-01 13:38:02.237047,0,PLAZA,1000287,,ZZZY,2011-10-28 00:00:00.0,OPERATE,,,0,0,,,2011-12-28 00:00:00.0,OPERATE,50,HEAVYASSET,66614,,Y,Y,
4349,67009,4636,103843,福州金融街万达广场,ACTIVE,51604,2016-08-15 09:59:36.735431,0,PLAZA,1000272,,FZJRJ,2010-12-22 00:00:00.0,OPERATE,,,0,0,,,2010-12-22 00:00:00.0,OPERATE,39,HEAVYASSET,67009,,Y,Y,
4350,67100,4655,103934,合肥包河万达广场,ACTIVE,46498,2018-03-07 10:05:43.331126,0,PLAZA,1000110,,HFBH,2010-12-23 00:00:00.0,OPERATE,,,0,0,,,2010-12-23 00:00:00.0,OPERATE,40,HEAVYASSET,67100,,Y,Y,
4352,66832,6558,103666,大庆萨尔图万达广场,ACTIVE,46498,2017-04-13 09:49:04.269485,0,PLAZA,1000299,,DQ,2011-11-25 00:00:00.0,OPERATE,,,0,0,,,2011-11-25 00:00:00.0,OPERATE,52,HEAVYASSET,66832,,Y,Y,
4353,66632,5389,103466,银川金凤万达广场,ACTIVE,45755,2016-08-12 13:36:32.799793,0,PLAZA,1000283,,YCJF,2011-09-09 00:00:00.0,OPERATE,,,0,0,,,2011-09-09 00:00:00.0,OPERATE,47,HEAVYASSET,66632,,Y,Y,
4354,66423,4381,103257,镇江万达广场,ACTIVE,48521,2016-04-26 11:22:50.94464,0,PLAZA,1000278,,ZJ,2011-08-12 00:00:00.0,OPERATE,,,0,0,,,,OPERATE,44,HEAVYASSET,66423,,N,Y,
4357,66328,4355,103162,武汉经开万达广场,ACTIVE,1,2011-06-23 00:00:00.0,1271,PLAZA,1000301,,WHJK,2011-08-27 00:00:00.0,OPERATE,,,,,,,,OPERATE,45,HEAVYASSET,66328,,,Y,
4628,66981,4636,103815,宁德万达广场,ACTIVE,48159,2015-09-01 13:46:02.036798,0,PLAZA,1000389,,ND,2012-08-11 00:00:00.0,OPERATE,,,0,0,,,2013-04-30 00:00:00.0,OPERATE,61,HEAVYASSET,66981,,Y,Y,
4630,67122,4655,103956,芜湖镜湖万达广场,ACTIVE,49357,2016-08-12 17:53:13.603836,0,PLAZA,1000387,,WHJH,2012-09-07 00:00:00.0,OPERATE,,,0,42872,,,2013-04-01 00:00:00.0,OPERATE,64,HEAVYASSET,67122,,Y,Y,
4631,66515,4391,103349,温州龙湾万达广场,ACTIVE,45317,2016-08-17 10:53:25.964199,0,PLAZA,1000385,,WZLW,2012-11-30 00:00:00.0,OPERATE,,,0,0,,,2013-06-25 00:00:00.0,OPERATE,70,HEAVYASSET,66515,,Y,Y,
5324,27089500,4655,107024,蚌埠万达广场,ACTIVE,51771,2016-09-08 18:21:28.171811,0,PLAZA,1000623,,BB,2013-11-29 00:00:00.0,OPERATE,,,0,0,2014-03-28 00:00:00.0,,2014-03-28 00:00:00.0,OPERATE,89,HEAVYASSET,27089500,,Y,Y,
5326,16397635,6400,106980,东莞长安万达广场,ACTIVE,46498,2016-12-29 17:21:09.562415,0,PLAZA,1000545,,DGCA,2013-07-20 00:00:00.0,OPERATE,,,0,0,,,2013-07-20 00:00:00.0,OPERATE,80,HEAVYASSET,16397635,,Y,Y,
5328,69431002,6393,107885,大连万达中心,ACTIVE,46498,2016-09-02 15:13:23.445906,0,PLAZA,1001204,,DLWDZX,2012-02-25 00:00:00.0,OPERATE,,,0,0,,,,OPERATE,57,HEAVYASSET,69431002,SG24201,N,Y,
5334,721165,6403,105791,宜兴万达广场,ACTIVE,46498,2016-09-02 16:29:21.386194,0,PLAZA,1000523,,YX,2013-05-31 00:00:00.0,OPERATE,,,0,0,,,2013-05-31 00:00:00.0,OPERATE,76,HEAVYASSET,721165,,Y,Y,
4642,721020,4636,105747,莆田万达广场,ACTIVE,46498,2017-01-18 14:36:39.325395,0,PLAZA,1000393,,PT,2012-12-15 00:00:00.0,OPERATE,,,0,0,,,2013-04-01 00:00:00.0,OPERATE,72,HEAVYASSET,721020,,Y,Y,
4643,66604,5319,103438,郑州二七万达广场,ACTIVE,48159,2015-09-01 13:37:37.245526,0,PLAZA,1000388,,ZZEQ,2012-10-13 00:00:00.0,OPERATE,,,0,0,,,2013-06-01 00:00:00.0,OPERATE,68,HEAVYASSET,66604,,Y,Y,
4645,66700,4653,103534,绵阳涪城,ACTIVE,44071,2016-08-17 15:57:38.354201,0,PLAZA,1000394,,MY,2012-12-21 00:00:00.0,OPERATE,,,0,0,,,2013-05-25 00:00:00.0,OPERATE,73,HEAVYASSET,66700,,Y,Y,
4646,66991,6401,103825,晋江万达广场,ACTIVE,45398,2016-08-10 16:47:59.649423,0,PLAZA,1000390,,JJ,2012-08-10 00:00:00.0,OPERATE,,,0,34414,,,2013-01-01 00:00:00.0,OPERATE,60,HEAVYASSET,66991,,Y,Y,
5339,69810917,4333,107891,西安大明宫万达广场,ACTIVE,47175,2016-08-15 10:52:20.437281,0,PLAZA,1000603,,XADMG,2013-11-22 00:00:00.0,OPERATE,,,0,0,,,2015-11-30 00:00:00.0,OPERATE,88,HEAVYASSET,69810917,,Y,Y,
4654,66665,4653,103499,成都金牛万达广场,ACTIVE,44317,2016-12-15 10:22:14.264109,0,PLAZA,1000383,,CDJN,2012-12-22 00:00:00.0,OPERATE,,,0,0,,,2015-11-01 00:00:00.0,OPERATE,74,HEAVYASSET,66665,SG07100,Y,Y,
4359,66307,4355,103141,武汉菱角湖广场,ACTIVE,44180,2014-03-27 14:23:51.050263,0,PLAZA,1000292,,WHLJHGC,2010-12-18 00:00:00.0,OPERATE,2009-12-05 00:00:00.0,2010-12-18 00:00:00.0,96000,420000,,,,OPERATE,38,HEAVYASSET,66307,,,Y,
4361,67019,6401,103853,厦门湖里万达广场,ACTIVE,46498,2017-09-04 15:18:58.492784,0,PLAZA,1000267,,XMHL,2011-09-02 00:00:00.0,OPERATE,2011-09-02 00:00:00.0,,0,0,,2012-03-03 00:00:00.0,2012-03-03 00:00:00.0,OPERATE,46,HEAVYASSET,67019,,Y,Y,
4369,66857,6392,103691,长春重庆路万达广场,ACTIVE,46498,2016-09-02 15:22:45.348316,0,PLAZA,1001065,,CCCQL,2003-01-16 00:00:00.0,OPERATE,,,0,0,,,,OPERATE,1,HEAVYASSET,66857,,N,Y,
4371,66728,4402,103562,石家庄裕华万达广场,ACTIVE,46498,2017-04-07 18:13:37.640938,0,PLAZA,1000269,,SJZYH,2011-09-23 00:00:00.0,OPERATE,,,0,0,,,,OPERATE,48,HEAVYASSET,66728,,Y,Y,
4372,66768,5869,103602,呼和浩特万达广场,ACTIVE,43951,2016-08-13 21:23:38.305454,0,PLAZA,1000303,,HHHT,2010-11-05 00:00:00.0,OPERATE,,,0,0,,,2016-07-01 00:00:00.0,OPERATE,30,HEAVYASSET,66768,,Y,Y,
4373,66410,4381,103244,泰州万达广场,ACTIVE,45915,2016-08-11 16:41:53.78961,0,PLAZA,1000273,,TZ,2011-12-09 00:00:00.0,OPERATE,,,0,0,,,2011-12-09 00:00:00.0,OPERATE,54,HEAVYASSET,66410,,Y,Y,
4374,66363,4355,103197,襄阳万达广场,ACTIVE,48291,2016-08-16 15:55:44.692685,0,PLAZA,1000281,,XY,2010-11-26 00:00:00.0,OPERATE,2009-03-26 00:00:00.0,2010-11-26 00:00:00.0,0,0,,,2010-11-26 00:00:00.0,OPERATE,33,HEAVYASSET,66363,,Y,Y,
4375,67159,4634,103993,广州白云万达广场,ACTIVE,33466,2016-08-16 10:17:25.4571,0,PLAZA,1000280,,GZBY,2010-12-17 00:00:00.0,OPERATE,,,0,0,,,2010-12-17 00:00:00.0,OPERATE,36,HEAVYASSET,67159,,Y,Y,
4377,66262,4376,103096,上海江桥万达广场,ACTIVE,50966,2016-08-11 14:04:32.875462,0,PLAZA,1000108,,SHJQ,2011-06-18 00:00:00.0,OPERATE,,,0,0,,,2011-06-18 00:00:00.0,OPERATE,42,HEAVYASSET,66262,,Y,Y,
4378,66254,4376,103088,上海宝山万达广场,ACTIVE,43812,2016-08-12 14:44:52.50455,0,PLAZA,1000343,,SHBS,2012-06-29 00:00:00.0,OPERATE,,,0,0,,,2012-10-15 00:00:00.0,OPERATE,58,HEAVYASSET,66254,,Y,Y,
4379,66283,4376,103117,上海周浦万达广场,ACTIVE,50945,2016-08-12 19:39:01.738219,0,PLAZA,1000274,,SHZP,2009-09-19 00:00:00.0,OPERATE,,,0,0,,,2009-09-19 00:00:00.0,OPERATE,19,HEAVYASSET,66283,,Y,Y,
4380,66274,4376,103108,上海五角场万达广场,ACTIVE,48159,2015-09-01 13:33:42.103712,0,PLAZA,1000107,,SHWJC,2006-12-23 00:00:00.0,OPERATE,,,0,0,,,2007-05-31 00:00:00.0,OPERATE,12,HEAVYASSET,66274,,Y,Y,
4384,66396,4381,103230,南京建邺万达广场,ACTIVE,1,2011-06-23 00:00:00.0,1190,PLAZA,1000289,,NJJY,2009-12-18 00:00:00.0,OPERATE,,,,,,,,OPERATE,23,HEAVYASSET,66396,,,Y,
4386,,5869,GC029,包头万达广场,ACTIVE,46498,2015-07-16 11:47:09.309567,0,PLAZA,1000302,,GC029,2010-11-04 00:00:00.0,OPERATE,2009-10-27 00:00:00.0,2010-11-04 00:00:00.0,0,0,2010-12-15 00:00:00.0,2009-09-10 00:00:00.0,2010-12-15 00:00:00.0,OPERATE,29,HEAVYASSET,66786,,Y,Y,
4389,66547,6394,103381,青岛台东路万达广场,ACTIVE,46498,2016-09-02 15:40:14.207856,0,PLAZA,1001066,,QDTD,2003-09-25 00:00:00.0,OPERATE,,,0,0,,,,OPERATE,5,HEAVYASSET,66547,,N,Y,
4390,66529,6394,103363,青岛CBD万达广场,ACTIVE,47354,2017-10-18 10:13:53.044827,0,PLAZA,1000271,,QDCBD,2009-11-27 00:00:00.0,OPERATE,,,0,171680,,,2009-12-21 00:00:00.0,OPERATE,21,HEAVYASSET,66529,,Y,Y,DEVELOPMENT
4392,66485,4391,103319,宁波江北万达广场,ACTIVE,44806,2015-10-26 17:52:57.365777,0,PLAZA,1000264,,NBJB,2010-12-10 00:00:00.0,OPERATE,,,0,0,,,2011-04-30 00:00:00.0,OPERATE,35,HEAVYASSET,66485,,Y,Y,
4393,66500,6404,GC037,绍兴柯桥万达广场,ACTIVE,46498,2016-09-02 15:26:00.168609,0,PLAZA,1000295,,SXKQ,2010-12-17 00:00:00.0,OPERATE,2009-10-17 00:00:00.0,2010-12-17 00:00:00.0,0,0,2010-12-17 00:00:00.0,2009-10-17 00:00:00.0,2010-12-17 00:00:00.0,OPERATE,37,HEAVYASSET,66500,,Y,Y,
4394,66475,4391,103309,宁波鄞州万达广场,ACTIVE,1,2014-03-24 15:34:11.337932,0,PLAZA,1000109,,NBYZ,2006-12-22 00:00:00.0,OPERATE,,,0,0,,,,OPERATE,13,HEAVYASSET,66475,,,Y,
4395,66973,6401,103807,泉州万达广场,ACTIVE,45395,2018-03-09 11:40:32.368587,0,PLAZA,1000391,,QZ,2012-09-29 00:00:00.0,OPERATE,,,0,0,,,2013-05-25 00:00:00.0,OPERATE,67,HEAVYASSET,66973,SG05600,Y,Y,
4396,66694,5322,103528,重庆万州万达广场,ACTIVE,48159,2015-09-01 13:47:41.28527,0,PLAZA,1000563,,CQWZ,2013-07-05 00:00:00.0,OPERATE,,,0,0,,,2013-09-01 00:00:00.0,OPERATE,79,HEAVYASSET,66694,,Y,Y,
4397,66999,4636,103833,福州仓山万达广场,ACTIVE,44376,2016-08-11 16:10:48.02129,0,PLAZA,1000268,,FZCS,2011-12-02 00:00:00.0,OPERATE,,,0,0,,,2011-12-02 00:00:00.0,OPERATE,53,HEAVYASSET,66999,,Y,Y,
4398,67067,6403,103901,常州新北万达广场,ACTIVE,46498,2016-09-02 15:39:00.931837,0,PLAZA,1000285,,CZ,2011-12-10 00:00:00.0,OPERATE,,,0,0,,,2012-05-01 00:00:00.0,OPERATE,55,HEAVYASSET,67067,,Y,Y,
4399,66349,6397,103183,长沙开福万达广场,ACTIVE,45287,2017-08-19 14:49:56.977072,0,PLAZA,1000403,,CSKF,2013-09-27 00:00:00.0,OPERATE,,,0,0,,,2013-09-27 00:00:00.0,OPERATE,84,HEAVYASSET,66349,,Y,Y,DEVELOPMENT
4403,66231,4402,103065,廊坊万达广场,ACTIVE,46789,2016-08-14 10:41:02.098006,0,PLAZA,1000282,,LF,2011-11-11 00:00:00.0,OPERATE,,,0,0,,,2012-01-01 00:00:00.0,OPERATE,51,HEAVYASSET,66231,,Y,Y,
4405,66202,4402,103036,北京石景山万达广场,ACTIVE,49326,2015-12-08 16:12:34.538574,0,PLAZA,1000265,,BJSJSWDGC,2008-12-20 00:00:00.0,OPERATE,,,0,0,,,2009-12-01 00:00:00.0,OPERATE,17,HEAVYASSET,66202,,Y,Y,
4406,66194,4402,103028,北京CBD万达广场,ACTIVE,48159,2015-09-01 13:34:12.976508,0,PLAZA,1001067,,BJCBD,2006-12-28 00:00:00.0,OPERATE,,,0,0,,,2005-06-30 00:00:00.0,OPERATE,11,HEAVYASSET,66194,,Y,Y,
4409,66379,4355,103213,宜昌万达广场,ACTIVE,46498,2015-07-15 23:53:00.977529,0,PLAZA,1000298,,YC,2010-11-27 00:00:00.0,OPERATE,,,0,0,,,,OPERATE,34,HEAVYASSET,66379,,,Y,
4410,66743,6395,103577,唐山路南万达广场,ACTIVE,46498,2017-04-07 18:15:20.914651,0,PLAZA,1000323,,TSLN,2011-12-23 00:00:00.0,OPERATE,,,0,0,,,,OPERATE,56,HEAVYASSET,66743,SG03800,N,Y,
4411,66672,4653,103506,成都锦华路万达广场,ACTIVE,30967,2017-06-27 16:55:02.303775,0,PLAZA,1000284,,CDJHL,2007-12-22 00:00:00.0,OPERATE,,,0,0,,,2007-12-22 00:00:00.0,OPERATE,15,HEAVYASSET,66672,,Y,Y,
4412,67038,6403,103872,无锡滨湖万达广场,ACTIVE,46498,2016-09-02 15:39:32.413848,0,PLAZA,1000288,,WXBH,2010-09-17 00:00:00.0,OPERATE,,,0,0,,,,OPERATE,27,HEAVYASSET,67038,,N,Y,
4413,66435,4381,103269,淮安万达广场,ACTIVE,48159,2015-09-01 13:35:48.808536,0,PLAZA,1000270,,HA,2011-01-07 00:00:00.0,OPERATE,,,0,0,,,2011-03-30 00:00:00.0,OPERATE,41,HEAVYASSET,66435,,Y,Y,
4414,67170,6402,104004,南宁青秀万达广场,ACTIVE,47241,2017-02-07 16:35:57.472979,0,PLAZA,1000771,,NN,2014-12-18 00:00:00.0,OPERATE,2013-01-01 00:00:00.0,2014-12-18 00:00:00.0,0,0,2015-10-20 00:00:00.0,2014-01-01 00:00:00.0,2015-10-20 00:00:00.0,OPERATE,117,HEAVYASSET,292471775,,Y,Y,DEVELOPMENT
5369,138788597,5869,108659,赤峰万达广场,ACTIVE,51553,2016-08-16 17:39:29.139574,0,PLAZA,1000644,,CF,2014-06-20 00:00:00.0,OPERATE,2011-12-30 00:00:00.0,2014-06-20 00:00:00.0,0,0,2014-06-20 00:00:00.0,2011-12-30 00:00:00.0,2014-09-30 00:00:00.0,OPERATE,97,HEAVYASSET,138788597,,Y,Y,
5370,396443401,4376,113123,上海松江万达广场,ACTIVE,46498,2015-02-02 11:46:28.662406,0,PLAZA,1000663,,SHSJ,2014-05-30 00:00:00.0,OPERATE,2012-02-05 00:00:00.0,2014-05-30 00:00:00.0,0,0,2014-05-30 00:00:00.0,2012-02-05 00:00:00.0,2014-05-30 00:00:00.0,OPERATE,96,HEAVYASSET,396443401,,Y,Y,
5371,396443070,5389,113112,银川西夏万达广场 ,ACTIVE,46498,2014-12-29 14:14:40.922737,0,PLAZA,1000704,,YCXX,2014-07-18 00:00:00.0,OPERATE,2012-07-30 00:00:00.0,2014-07-18 00:00:00.0,0,0,2014-10-31 00:00:00.0,2012-07-30 00:00:00.0,2014-11-01 00:00:00.0,PREPARE,100,HEAVYASSET,396443070,,Y,Y,
5372,316377927,5869,111906,满洲里万达广场,ACTIVE,48159,2015-09-01 13:47:16.122148,0,PLAZA,1000645,,MZL,2014-06-27 00:00:00.0,OPERATE,2012-06-30 00:00:00.0,2014-06-27 00:00:00.0,0,0,2014-06-27 00:00:00.0,2012-06-30 00:00:00.0,2014-08-18 00:00:00.0,OPERATE,98,HEAVYASSET,316377927,,Y,Y,
1000,0SGTEST,4331,0SGTEST,全面预算模拟测试公司,ACTIVE,46498,2017-08-19 16:37:03.709072,0,PLAZA,1000287,,QMYS1,2011-10-28 00:00:00.0,OPERATE,2012-01-01 00:00:00.0,2014-01-09 00:00:00.0,0,0,2014-01-09 00:00:00.0,2012-01-10 00:00:00.0,2014-01-10 00:00:00.0,OPERATE,1000,HEAVYASSET,0SGTEST,,Y,Y,
5373,185035145,4634,111405,佛山南海万达广场,ACTIVE,46498,2014-12-22 10:05:19.974761,0,PLAZA,1000706,,FSNH,2014-08-29 00:00:00.0,OPERATE,2012-06-20 00:00:00.0,2014-08-28 00:00:00.0,0,0,2014-08-28 00:00:00.0,2012-06-20 00:00:00.0,2014-12-31 00:00:00.0,OPERATE,103,HEAVYASSET,185035145,,Y,Y,
5374,441414498,6401,113465,龙岩万达广场,ACTIVE,46498,2016-09-02 15:54:50.399954,0,PLAZA,1000766,,LY,2014-11-07 00:00:00.0,OPERATE,2012-12-30 00:00:00.0,2014-11-07 00:00:00.0,0,0,2015-05-31 00:00:00.0,2012-12-30 00:00:00.0,2015-05-31 00:00:00.0,OPERATE,109,HEAVYASSET,441414498,,Y,Y,
5375,197830134,5389,111414,兰州城关万达广场,ACTIVE,51713,2017-12-06 12:54:17.595722,0,PLAZA,1000765,,LZCG,2014-10-24 00:00:00.0,OPERATE,2012-04-20 00:00:00.0,2014-10-23 00:00:00.0,0,0,2015-10-31 00:00:00.0,2012-07-30 00:00:00.0,2015-10-31 00:00:00.0,PREPARE,107,HEAVYASSET,197830134,SG09700,Y,Y,
5377,69810945,4402,107896,天津万达中心,ACTIVE,46498,2015-07-15 23:18:23.030889,0,PLAZA,0,,TJWDZX,2013-08-30 00:00:00.0,OPERATE,,,0,0,,,,OPERATE,93,HEAVYASSET,69810945,,,Y,
5378,66708,4653,103542,成都河滨印象物业,ACTIVE,46498,2016-08-24 10:54:19.530807,0,PLAZA,0,,CDHBYX,,OPERATE,,,0,99999,,,2003-01-01 00:00:00.0,OPERATE,5,HEAVYASSET,66708,,Y,N,
5380,484545906,4391,113820,温州平阳万达广场,ACTIVE,47467,2017-08-17 15:26:55.335282,0,PLAZA,1000769,,WZPY,2014-12-06 00:00:00.0,OPERATE,2013-02-28 00:00:00.0,2014-12-06 00:00:00.0,0,0,2014-12-06 00:00:00.0,2013-02-28 00:00:00.0,2014-12-29 00:00:00.0,,115,HEAVYASSET,484545906,,Y,Y,
5381,491603545,4336,113988,营口万达广场,ACTIVE,48159,2015-08-18 11:32:26.442054,0,PLAZA,1000885,,YK,2015-06-19 00:00:00.0,OPERATE,2014-01-01 00:00:00.0,2015-06-18 00:00:00.0,0,0,2015-06-19 00:00:00.0,,2015-06-19 00:00:00.0,PREPARE,,HEAVYASSET,491603545,,Y,Y,
5382,394704239,4634,112812,广东江门万达广场,ACTIVE,46498,2014-12-22 10:05:48.867443,0,PLAZA,1000767,,JM,2014-11-28 00:00:00.0,OPERATE,2013-04-05 00:00:00.0,2014-11-28 00:00:00.0,0,0,2014-12-30 00:00:00.0,2013-04-05 00:00:00.0,2014-12-31 00:00:00.0,,112,HEAVYASSET,394704239,,Y,Y,
5383,331861891,4655,112197,马鞍山万达广场,ACTIVE,46498,2015-07-15 23:55:29.975039,0,PLAZA,1000708,,MAS,2014-09-19 00:00:00.0,OPERATE,2012-09-20 00:00:00.0,2014-09-12 00:00:00.0,0,0,2014-11-30 00:00:00.0,2012-09-20 00:00:00.0,2014-12-31 00:00:00.0,OPERATE,1105,HEAVYASSET,331861891,,Y,Y,
5384,441625726,4636,113478,福清万达广场,ACTIVE,46498,2015-02-03 11:54:21.292375,0,PLAZA,1000768,,FQ,2014-12-05 00:00:00.0,OPERATE,2012-12-30 00:00:00.0,2014-12-05 00:00:00.0,0,0,2015-10-31 00:00:00.0,2012-12-30 00:00:00.0,2015-10-31 00:00:00.0,OPERATE,114,HEAVYASSET,441625726,,Y,Y,
5400,484546227,6404,113833,杭州拱墅万达广场,ACTIVE,46498,2016-09-02 15:33:59.153831,0,PLAZA,1000770,,HZGS,2014-12-12 00:00:00.0,OPERATE,2013-05-30 00:00:00.0,2014-12-12 00:00:00.0,0,0,2014-12-12 00:00:00.0,2013-05-30 00:00:00.0,2014-12-13 00:00:00.0,OPERATE,116,HEAVYASSET,484546227,,Y,Y,
5402,483387920,4355,113643,荆州万达广场,ACTIVE,46498,2015-07-15 23:52:09.964875,0,PLAZA,1000764,,JZ,2014-09-20 00:00:00.0,OPERATE,2013-01-20 00:00:00.0,2014-09-20 00:00:00.0,0,0,2014-09-20 00:00:00.0,2013-01-20 00:00:00.0,2015-06-30 00:00:00.0,OPERATE,106,HEAVYASSET,483387920,,Y,Y,
5403,231012829,6399,111535,昆明CBD万达广场,ACTIVE,46498,2015-07-15 23:58:49.392396,0,PLAZA,1000744,,KMCBD,2014-10-31 00:00:00.0,OPERATE,2012-07-28 00:00:00.0,2014-11-01 00:00:00.0,0,0,2014-10-31 00:00:00.0,2012-07-28 00:00:00.0,2014-11-01 00:00:00.0,OPERATE,108,HEAVYASSET,231012829,,Y,Y,
5404,278372524,6394,111664,烟台芝罘万达广场,ACTIVE,46498,2016-09-02 15:42:34.660057,0,PLAZA,1000773,,YTZF,2014-11-21 00:00:00.0,OPERATE,2012-04-30 00:00:00.0,2014-11-21 00:00:00.0,0,0,2015-10-31 00:00:00.0,2012-04-30 00:00:00.0,2015-10-31 00:00:00.0,OPERATE,111,HEAVYASSET,278372524,,Y,Y,
5391,347489180,6403,112338,常州武进万达广场,ACTIVE,46498,2016-09-02 15:40:21.524537,0,PLAZA,1000705,,CZWJ,2014-08-08 00:00:00.0,OPERATE,2012-09-20 00:00:00.0,2014-08-08 00:00:00.0,0,0,2015-04-30 00:00:00.0,2012-09-20 00:00:00.0,2015-04-30 00:00:00.0,OPERATE,102,HEAVYASSET,347489180,,Y,Y,
5394,240061314,6400,111603,东莞东城万达广场,ACTIVE,46498,2016-09-02 15:58:00.072049,0,PLAZA,1000707,,DGDC,2014-09-12 00:00:00.0,OPERATE,2012-05-30 00:00:00.0,2014-09-12 00:00:00.0,0,0,2014-12-31 00:00:00.0,2012-05-30 00:00:00.0,2015-05-31 00:00:00.0,OPERATE,104,HEAVYASSET,240061314,,Y,Y,
5396,720899,4355,GC043,武汉万达中心,ACTIVE,44921,2016-09-02 16:28:04.830672,0,PLAZA,1001044,,WHWDZX,2011-09-30 00:00:00.0,OPERATE,,,66335,0,,,,OPERATE,43,HEAVYASSET,720899,SG03701,N,Y,
5401,426147731,4402,113350,北京通州万达广场,ACTIVE,36240,2015-02-03 10:27:23.948033,0,PLAZA,1000772,,BJTZ,2014-11-29 00:00:00.0,OPERATE,2012-08-05 00:00:00.0,2014-11-28 00:00:00.0,0,0,2014-11-29 00:00:00.0,2012-08-05 00:00:00.0,2014-11-30 00:00:00.0,OPERATE,113,HEAVYASSET,426147731,,,Y,
5405,264050326,4391,111646,金华万达广场,ACTIVE,46498,2015-07-16 00:19:12.916082,0,PLAZA,1000685,,JH,2014-07-25 00:00:00.0,OPERATE,2012-09-01 00:00:00.0,2014-07-25 00:00:00.0,0,0,2014-07-25 00:00:00.0,2012-09-01 00:00:00.0,2014-07-26 00:00:00.0,,101,HEAVYASSET,264050326,,Y,Y,
5880,783309128,6392,116445,四平万达广场,ACTIVE,46498,2016-09-02 15:26:07.298083,0,PLAZA,1001111,,SP,2016-07-01 00:00:00.0,OPERATE,2013-09-01 00:00:00.0,2016-06-30 00:00:00.0,0,0,,,,PREPARE,,HEAVYASSET,783309128,,N,Y,
5881,624056472,6558,114838,鸡西万达广场,ACTIVE,46498,2017-04-13 09:50:53.328691,0,PLAZA,1001112,,JXWD,2016-07-15 00:00:00.0,OPERATE,2013-07-10 00:00:00.0,2016-07-14 00:00:00.0,0,0,2016-07-14 00:00:00.0,2013-07-10 00:00:00.0,2016-07-15 00:00:00.0,PREPARE,,HEAVYASSET,624056472,,Y,Y,
5882,1116347094,4655,121883,瑶海万达广场,ACTIVE,49326,2016-09-09 10:10:54.065218,0,PLAZA,1001120,,HFYH,2016-09-09 00:00:00.0,OPERATE,2015-07-01 00:00:00.0,2016-09-08 00:00:00.0,150000,0,2016-09-08 00:00:00.0,2015-07-01 00:00:00.0,2016-09-09 00:00:00.0,PREPARE,,HEAVYASSET,1116347094,,N,Y,
5883,1065456700,5869,119751,通辽万达广场,ACTIVE,45178,2016-08-16 11:59:57.895177,0,PLAZA,1001114,,TLWD,2016-07-22 00:00:00.0,OPERATE,2013-07-24 00:00:00.0,2016-07-22 00:00:00.0,146000,0,2016-07-21 00:00:00.0,2014-12-22 00:00:00.0,2016-07-22 00:00:00.0,OPERATE,,HEAVYASSET,1065456700,,Y,Y,
5892,1113958797,4655,121836,宿州万达广场,ACTIVE,50476,2016-12-30 09:55:35.477427,0,PLAZA,1001141,,SZ,2016-12-02 00:00:00.0,OPERATE,2015-01-01 00:00:00.0,2016-12-01 00:00:00.0,0,0,,,,PREPARE,,HEAVYASSET,1113958797,,N,Y,
5901,1387408686,4653,125419,成都青羊万达广场,ACTIVE,49326,2016-12-13 15:46:58.971888,0,PLAZA,1001142,,CDQY,2016-12-10 00:00:00.0,OPERATE,2015-06-30 00:00:00.0,2016-12-09 00:00:00.0,67460,41500,2016-08-31 00:00:00.0,2016-06-10 00:00:00.0,2016-09-01 00:00:00.0,PREPARE,,HEAVYASSET,1387408686,,Y,Y,
5903,,6400,,梅州万达广场,ACTIVE,51532,2016-12-29 22:09:58.84771,0,PLAZA,1001127,,MZ,2016-09-23 00:00:00.0,OPERATE,2015-01-05 00:00:00.0,2016-09-22 00:00:00.0,130000,0,2016-09-22 00:00:00.0,2015-05-23 00:00:00.0,2016-09-23 00:00:00.0,OPERATE,,LIGHTASSET,1150724242,,N,Y,
5748,599700425,4333,114616,渭南万达广场,ACTIVE,48159,2015-08-18 11:36:29.664772,0,PLAZA,1000984,,WN,2015-08-07 00:00:00.0,OPERATE,2013-09-11 00:00:00.0,2015-08-06 00:00:00.0,0,0,2015-08-08 00:00:00.0,,2015-08-08 00:00:00.0,OPERATE,,HEAVYASSET,599700425,,Y,Y,
5756,554058013,4634,114280,广州萝岗万达广场,ACTIVE,48159,2015-08-18 11:34:09.949381,0,PLAZA,1000904,,BG,2015-07-17 00:00:00.0,OPERATE,2013-11-25 00:00:00.0,2015-07-16 00:00:00.0,0,0,2015-11-30 00:00:00.0,,2015-11-30 00:00:00.0,PREPARE,,HEAVYASSET,554058013,,Y,Y,
5757,747038558,4376,115998,上海金山万达广场,ACTIVE,46498,2016-01-19 14:36:38.477231,0,PLAZA,1000905,,SHJS,2015-07-17 00:00:00.0,OPERATE,2014-06-01 00:00:00.0,2015-07-16 00:00:00.0,0,0,2015-07-18 00:00:00.0,,2015-07-18 00:00:00.0,PREPARE,,HEAVYASSET,747038558,,Y,Y,
5758,620131808,5319,114709,安阳万达广场,ACTIVE,48159,2015-08-18 11:35:23.816328,0,PLAZA,1000907,,AY,2015-07-25 00:00:00.0,OPERATE,2013-09-10 00:00:00.0,2015-07-24 00:00:00.0,0,0,2015-07-25 00:00:00.0,,2015-07-25 00:00:00.0,PREPARE,,HEAVYASSET,620131808,,Y,Y,
5759,484866509,6558,113851,齐齐哈尔万达广场,ACTIVE,46498,2017-04-13 09:49:56.295152,0,PLAZA,1000906,,QQ,2015-08-01 00:00:00.0,OPERATE,2013-09-01 00:00:00.0,2015-07-31 00:00:00.0,0,0,2015-07-31 00:00:00.0,,2015-07-31 00:00:00.0,PREPARE,,HEAVYASSET,484866509,,Y,Y,
5775,827784353,6402,117150,桂林高新万达广场,ACTIVE,46498,2016-09-02 16:12:30.554328,0,PLAZA,1000924,,GL,2015-09-12 00:00:00.0,OPERATE,2014-05-20 00:00:00.0,2015-09-11 00:00:00.0,0,0,2015-11-12 00:00:00.0,,2015-11-12 00:00:00.0,PREPARE,,HEAVYASSET,827784353,,Y,Y,
5776,607883457,6402,114642,柳州城中万达广场,ACTIVE,56211,2017-08-25 16:13:59.864487,0,PLAZA,1001012,,LZ,2015-11-27 00:00:00.0,OPERATE,2013-10-25 00:00:00.0,2015-11-26 00:00:00.0,0,0,2015-11-27 00:00:00.0,,2015-11-27 00:00:00.0,PREPARE,,HEAVYASSET,607883457,,N,Y,
5788,818517864,6402,117044,南宁安吉万达广场,ACTIVE,48658,2017-08-21 11:42:28.302249,0,PLAZA,1000944,,AJ,2015-12-05 00:00:00.0,OPERATE,2014-03-07 00:00:00.0,2015-12-04 00:00:00.0,0,0,2015-12-05 00:00:00.0,,2015-12-05 00:00:00.0,PREPARE,,HEAVYASSET,818517864,SG13400,N,Y,DEVELOPMENT
5777,786166164,4655,116609,阜阳万达广场,ACTIVE,51707,2018-05-19 23:18:51.755678,0,PLAZA,1001006,,FY,2015-08-29 00:00:00.0,OPERATE,2014-04-09 00:00:00.0,2015-08-28 00:00:00.0,0,0,2015-10-23 00:00:00.0,,2015-10-23 00:00:00.0,PREPARE,,HEAVYASSET,786166164,,N,Y,DEVELOPMENT
5865,1144680262,6404,122294,诸暨万达广场,ACTIVE,31990,2017-09-08 15:56:03.92748,0,PLAZA,1001607,,ZJ,2017-08-11 00:00:00.0,OPERATE,2015-01-01 00:00:00.0,2017-08-11 00:00:00.0,148700,45000,,,2017-03-01 00:00:00.0,PREPARE,,HEAVYASSET,1144680262,,Y,Y,DEVELOPMENT
5885,1185333801,6401,122629,漳州台商万达广场,ACTIVE,49326,2017-01-06 09:13:14.531971,0,PLAZA,1001128,,ZZTS,2017-01-06 00:00:00.0,OPERATE,2014-12-18 00:00:00.0,2017-01-05 00:00:00.0,14,26,2016-11-29 00:00:00.0,2016-09-01 00:00:00.0,2016-11-30 00:00:00.0,PREPARE,,HEAVYASSET,1185333801,,Y,Y,
5886,691039325,5389,115671,西宁万达广场,ACTIVE,46498,2016-07-29 15:47:24.513954,0,PLAZA,1001115,,XNWD,2016-07-29 00:00:00.0,OPERATE,2013-09-25 00:00:00.0,2016-07-28 00:00:00.0,188000,0,2016-07-28 00:00:00.0,2014-11-01 00:00:00.0,2016-07-29 00:00:00.0,PREPARE,,HEAVYASSET,691039325,,N,Y,
5890,1110323076,4381,121792,徐州铜山万达广场,ACTIVE,54726,2018-05-21 17:19:22.162914,0,PLAZA,1001132,,XZTS,2016-10-28 00:00:00.0,OPERATE,2014-10-27 00:00:00.0,2016-10-27 00:00:00.0,0,0,,2016-08-01 00:00:00.0,2016-10-28 00:00:00.0,OPERATE,,HEAVYASSET,1110323076,SG16400,Y,Y,DEVELOPMENT
5871,818222337,5869,117023,乌海万达广场,ACTIVE,46498,2016-07-26 09:23:18.166866,0,PLAZA,1001109,,WHGC,2016-06-25 00:00:00.0,OPERATE,2013-11-13 00:00:00.0,2016-06-24 00:00:00.0,0,0,2016-06-24 00:00:00.0,2014-10-25 00:00:00.0,2016-06-25 00:00:00.0,PREPARE,,HEAVYASSET,818222337,,Y,Y,
5872,1069520841,6558,119879,牡丹江万达广场,ACTIVE,46498,2017-04-13 09:51:18.959655,0,PLAZA,1001113,,MDJ,2016-07-22 00:00:00.0,OPERATE,2014-12-01 00:00:00.0,2016-07-21 00:00:00.0,0,0,2016-08-11 00:00:00.0,2014-12-12 00:00:00.0,2016-08-12 00:00:00.0,PREPARE,,HEAVYASSET,1069520841,,Y,Y,
5753,622025720,4653,114786,内江万达广场,ACTIVE,48108,2017-08-17 11:31:58.321824,0,PLAZA,1000886,,NJ,2015-06-26 00:00:00.0,OPERATE,2014-01-01 00:00:00.0,2015-06-25 00:00:00.0,0,0,2015-12-31 00:00:00.0,2015-06-01 00:00:00.0,2015-12-31 00:00:00.0,OPERATE,,HEAVYASSET,622025720,,Y,Y,DEVELOPMENT
5806,934351669,4391,117963,台州万达广场,ACTIVE,49382,2016-08-19 17:19:24.504191,0,PLAZA,1001106,,TZ,2016-06-17 00:00:00.0,OPERATE,2014-07-09 00:00:00.0,2016-06-16 00:00:00.0,0,0,2016-06-16 00:00:00.0,2014-07-09 00:00:00.0,2016-06-17 00:00:00.0,PREPARE,,HEAVYASSET,934351669,,Y,Y,
5874,1031905166,4653,118906,成都蜀都万达广场,ACTIVE,50125,2016-08-17 15:08:04.020069,0,PLAZA,1001084,,CDSD,2016-04-29 00:00:00.0,OPERATE,2014-10-22 00:00:00.0,2016-04-28 00:00:00.0,0,14100,,,2016-09-30 00:00:00.0,PREPARE,,HEAVYASSET,1031905166,,Y,Y,
5878,899555364,5315,117853,济南高新万达广场,ACTIVE,51948,2017-03-06 09:36:18.489922,0,PLAZA,1001108,,JNGX,2016-06-18 00:00:00.0,OPERATE,2014-07-16 00:00:00.0,2016-06-17 00:00:00.0,0,0,,2016-08-01 00:00:00.0,2016-09-30 00:00:00.0,OPERATE,,HEAVYASSET,899555364,,Y,Y,
5884,1095275167,6392,121210,延吉万达广场,ACTIVE,49326,2016-09-09 10:12:01.099707,0,PLAZA,1001121,,YJ,2016-09-09 00:00:00.0,OPERATE,2014-10-22 00:00:00.0,2016-09-08 00:00:00.0,0,0,2016-09-08 00:00:00.0,2014-10-22 00:00:00.0,2016-09-09 00:00:00.0,PREPARE,,HEAVYASSET,1095275167,,N,Y,
5887,1111860637,4653,121813,遂宁万达广场,ACTIVE,49195,2016-12-15 17:11:16.726836,0,PLAZA,1001131,,SNWD,2016-10-21 00:00:00.0,OPERATE,2014-12-11 00:00:00.0,2016-10-20 00:00:00.0,0,0,,,2016-11-30 00:00:00.0,PREPARE,,HEAVYASSET,1111860637,SG16500,Y,Y,
5888,1107624711,6394,121677,青岛港区万达广场,ACTIVE,46498,2017-09-29 10:25:58.090501,0,PLAZA,1001506,,QDGQ,2017-09-29 00:00:00.0,OPERATE,2014-06-19 00:00:00.0,2017-09-29 00:00:00.0,0,0,,,,PREPARE,,HEAVYASSET,1107624711,,N,Y,
5889,1253804163,4355,123696,十堰万达广场,ACTIVE,46498,2016-08-05 09:28:18.249186,0,PLAZA,1001116,,SY,2016-08-05 00:00:00.0,OPERATE,2015-03-03 00:00:00.0,2016-08-04 00:00:00.0,0,0,,,,PREPARE,,HEAVYASSET,1253804163,,N,Y,
5891,1100460204,4655,121332,亳州万达广场,ACTIVE,46498,2016-08-12 12:07:01.763531,0,PLAZA,1001117,,BZ,2016-08-12 00:00:00.0,OPERATE,2015-03-15 00:00:00.0,2016-08-11 00:00:00.0,0,0,,,2016-08-12 00:00:00.0,PREPARE,,HEAVYASSET,1100460204,,N,Y,
5893,1189648190,6400,123016,东莞虎门万达广场,ACTIVE,49326,2016-12-16 09:53:36.848049,0,PLAZA,1001143,,DGHM,2016-12-16 00:00:00.0,OPERATE,2014-12-03 00:00:00.0,2016-12-15 00:00:00.0,0,0,2016-12-16 00:00:00.0,2014-12-03 00:00:00.0,2016-12-16 00:00:00.0,PREPARE,,HEAVYASSET,1189648190,,Y,Y,
5894,882641336,6398,WLMQWDGC,乌鲁木齐万达广场,ACTIVE,46498,2016-09-02 15:52:19.198939,0,PLAZA,1001119,,WLMQ,2016-08-12 00:00:00.0,OPERATE,2013-12-27 00:00:00.0,2016-08-11 00:00:00.0,0,0,2018-07-28 00:00:00.0,2016-08-12 00:00:00.0,2018-07-28 00:00:00.0,PREPARE,,HEAVYASSET,882641336,,Y,Y,
5761,622026203,4653,114797,广元万达广场,ACTIVE,48159,2015-08-18 11:31:50.9984,0,PLAZA,1000864,,GY,2015-06-05 00:00:00.0,OPERATE,2014-01-01 00:00:00.0,2015-06-04 00:00:00.0,0,0,2015-12-14 00:00:00.0,2015-06-15 00:00:00.0,2015-12-15 00:00:00.0,PREPARE,,HEAVYASSET,622026203,,Y,Y,
5763,783308661,4355,116434,黄石万达广场,ACTIVE,48159,2015-08-18 11:33:34.708529,0,PLAZA,1000887,,HS,2015-07-03 00:00:00.0,OPERATE,2014-04-01 00:00:00.0,2015-07-02 00:00:00.0,0,0,2015-07-03 00:00:00.0,,2015-07-03 00:00:00.0,OPERATE,,HEAVYASSET,783308661,,,Y,
5764,658722648,5315,115181,东营万达广场,ACTIVE,48159,2015-08-18 11:37:16.480973,0,PLAZA,1000985,,DY,2015-08-15 00:00:00.0,OPERATE,2013-06-19 00:00:00.0,2015-08-14 00:00:00.0,0,0,2015-08-15 00:00:00.0,,2015-08-15 00:00:00.0,PREPARE,,HEAVYASSET,658722648,,Y,Y,
5765,750916324,5315,116078,泰安万达广场,ACTIVE,44806,2015-09-03 16:45:01.200017,0,PLAZA,1001004,,TA,2015-08-21 00:00:00.0,OPERATE,2013-07-02 00:00:00.0,2015-08-20 00:00:00.0,0,0,2015-08-21 00:00:00.0,,2015-08-21 00:00:00.0,PREPARE,,HEAVYASSET,750916324,,Y,Y,
5766,882639903,6393,117704,大连开发区万达广场,ACTIVE,46498,2016-09-02 15:16:48.546994,0,PLAZA,1001005,,DLKFQ,2015-08-29 00:00:00.0,OPERATE,2014-07-01 00:00:00.0,2015-08-28 00:00:00.0,0,0,2015-08-29 00:00:00.0,,2015-08-29 00:00:00.0,OPERATE,,HEAVYASSET,882639903,,Y,Y,
5767,624055733,6558,114827,佳木斯万达广场,ACTIVE,46498,2017-04-13 09:50:26.434159,0,PLAZA,1001007,,JMS,2015-09-12 00:00:00.0,OPERATE,2014-08-01 00:00:00.0,2015-09-11 00:00:00.0,0,0,2015-09-12 00:00:00.0,,2015-09-12 00:00:00.0,OPERATE,,HEAVYASSET,624055733,,Y,Y,
5769,855627992,5322,117384,重庆巴南万达广场,ACTIVE,46498,2015-12-03 17:03:50.220017,0,PLAZA,1001009,,BN,2015-10-30 00:00:00.0,OPERATE,2013-01-01 00:00:00.0,2015-10-29 00:00:00.0,0,0,2015-10-30 00:00:00.0,,2015-10-30 00:00:00.0,OPERATE,,HEAVYASSET,855627992,,N,Y,
5770,831775994,6400,117170,东莞厚街万达广场,ACTIVE,46498,2016-09-02 16:01:03.65991,0,PLAZA,1001010,,HJ,2015-11-06 00:00:00.0,OPERATE,2014-05-21 00:00:00.0,2015-11-05 00:00:00.0,0,0,2015-11-06 00:00:00.0,,2015-11-06 00:00:00.0,OPERATE,,HEAVYASSET,831775994,,Y,Y,
5771,721010398,5315,115914,德州万达广场,ACTIVE,49326,2015-12-07 09:47:55.884782,0,PLAZA,1001011,,DZ,2015-11-06 00:00:00.0,OPERATE,2014-01-08 00:00:00.0,2015-11-05 00:00:00.0,0,0,2015-11-07 00:00:00.0,,2015-11-07 00:00:00.0,PREPARE,,HEAVYASSET,721010398,,Y,Y,
5810,531253203,4634,114187,广东湛江万达广场,ACTIVE,46498,2017-04-07 18:24:53.110541,0,PLAZA,1001110,,GDZJ,2016-06-25 00:00:00.0,OPERATE,2013-12-20 00:00:00.0,2016-06-24 00:00:00.0,0,0,2016-06-24 00:00:00.0,2015-01-01 00:00:00.0,2016-06-25 00:00:00.0,PREPARE,,HEAVYASSET,531253203,,Y,Y,
5864,1118824005,6404,122177,绍兴上虞万达广场,ACTIVE,49326,2016-11-25 09:18:14.208562,0,PLAZA,1001138,,SXSY,2016-11-25 00:00:00.0,OPERATE,2015-09-25 00:00:00.0,2016-11-24 00:00:00.0,0,0,,,,,,LIGHTASSET,1118824005,,N,Y,
5897,1304102761,4634,124575,佛山三水万达广场,ACTIVE,55869,2017-09-21 14:33:03.566582,0,PLAZA,1001133,,FSSS,2016-11-18 00:00:00.0,OPERATE,2015-04-29 00:00:00.0,2016-11-17 00:00:00.0,0,0,2016-11-17 00:00:00.0,2015-07-18 00:00:00.0,2016-11-18 00:00:00.0,PREPARE,,HEAVYASSET,1304102761,SG17700,Y,Y,
5898,1069521910,5321,119901,上饶万达广场,ACTIVE,49326,2016-11-25 09:17:11.057738,0,PLAZA,1001137,,SRWD,2016-11-25 00:00:00.0,OPERATE,2014-07-04 00:00:00.0,2016-11-24 00:00:00.0,0,0,2016-11-24 00:00:00.0,2015-03-24 00:00:00.0,2016-11-25 00:00:00.0,PREPARE,,HEAVYASSET,1063569113,,Y,Y,
5902,1423241474,4402,125749,北京丰台科技园万达广场,ACTIVE,57220,2018-03-07 16:26:35.353703,0,PLAZA,1001145,,BJFTKJY,2016-12-22 00:00:00.0,OPERATE,2015-07-21 00:00:00.0,2016-12-21 00:00:00.0,0,0,2016-12-21 00:00:00.0,2015-04-22 00:00:00.0,2016-12-22 00:00:00.0,OPERATE,,HEAVYASSET,1423241474,,Y,Y,
5904,1383421697,4653,125318,德阳万达广场,ACTIVE,48159,2016-09-27 16:07:34.460763,0,PLAZA,1001125,,DY,2016-09-17 00:00:00.0,OPERATE,2015-07-10 00:00:00.0,2016-09-16 00:00:00.0,0,0,2016-09-16 00:00:00.0,2015-05-17 00:00:00.0,2016-09-17 00:00:00.0,PREPARE,,LIGHTASSET,1383421697,,Y,Y,
5762,678734037,6404,115296,嘉兴万达广场,ACTIVE,46498,2016-09-02 15:31:59.419226,0,PLAZA,1000884,,JX,2015-06-12 00:00:00.0,OPERATE,2013-11-01 00:00:00.0,2015-06-11 00:00:00.0,0,0,2015-06-12 00:00:00.0,,2015-08-15 00:00:00.0,OPERATE,,HEAVYASSET,678734037,,Y,Y,
5773,818847109,6403,117103,苏州吴中万达广场,ACTIVE,46498,2016-09-02 15:41:33.786516,0,PLAZA,1001013,,SZ,2015-12-11 00:00:00.0,OPERATE,2014-04-08 00:00:00.0,2015-12-10 00:00:00.0,0,0,2015-12-11 00:00:00.0,,2015-12-11 00:00:00.0,OPERATE,,HEAVYASSET,818847109,,Y,Y,
5774,819388137,6403,117119,南通万达广场,ACTIVE,46498,2016-09-02 15:41:58.419864,0,PLAZA,1001014,,NT,2015-12-11 00:00:00.0,OPERATE,2014-09-01 00:00:00.0,2015-12-10 00:00:00.0,0,0,2015-12-12 00:00:00.0,,2015-12-12 00:00:00.0,OPERATE,,HEAVYASSET,819388137,,Y,Y,
5787,902178043,4634,117922,广州南沙万达广场,ACTIVE,48159,2016-08-18 15:04:41.331368,0,PLAZA,1001015,,gzns,2015-12-22 00:00:00.0,OPERATE,2014-07-04 00:00:00.0,2015-12-21 00:00:00.0,0,0,2015-12-21 00:00:00.0,,2015-12-22 00:00:00.0,OPERATE,,HEAVYASSET,902178043,,Y,Y,
5873,1110322328,4355,121781,荆门万达广场,ACTIVE,46498,2016-07-25 18:47:38.79618,0,PLAZA,1001104,,JM,2016-06-03 00:00:00.0,OPERATE,2014-01-26 00:00:00.0,2016-06-03 00:00:00.0,0,0,,,,PREPARE,,HEAVYASSET,1110322328,,N,Y,
5875,873151234,6397,117667,湘潭万达广场,ACTIVE,46567,2016-09-06 17:32:52.625028,0,PLAZA,1001105,,XTWD,2016-06-10 00:00:00.0,OPERATE,2014-03-12 00:00:00.0,2016-06-09 00:00:00.0,0,2018903,2016-07-20 00:00:00.0,2016-06-10 00:00:00.0,2016-07-20 00:00:00.0,PREPARE,,HEAVYASSET,873151234,,Y,Y,
5876,938723245,4336,118159,盘锦万达广场,ACTIVE,49326,2016-09-09 10:12:22.706122,0,PLAZA,1001122,,PJ,2016-09-09 00:00:00.0,OPERATE,2014-07-30 00:00:00.0,2016-09-08 00:00:00.0,94700,0,,,,PREPARE,,HEAVYASSET,938723245,,N,Y,
5877,1061540192,4653,118967,资阳万达广场,ACTIVE,49505,2016-08-17 15:29:43.092918,0,PLAZA,1001107,,ZY,2016-06-17 00:00:00.0,OPERATE,2014-11-05 00:00:00.0,2016-06-16 00:00:00.0,0,13373,,,2016-12-24 00:00:00.0,PREPARE,,HEAVYASSET,1061540192,,Y,Y,
5879,956806309,4391,118344,义乌万达广场,ACTIVE,48159,2016-09-27 16:09:49.000337,0,PLAZA,1001118,,YWWD,2016-09-16 00:00:00.0,OPERATE,2014-06-19 00:00:00.0,2016-09-16 00:00:00.0,0,0,2016-09-16 00:00:00.0,2014-12-26 00:00:00.0,2016-09-16 00:00:00.0,PREPARE,,HEAVYASSET,956806309,,Y,Y,
5933,1387409163,6397,125440,常德万达广场,ACTIVE,48159,2016-09-27 16:08:18.84447,0,PLAZA,1001124,,CD,2016-09-16 00:00:00.0,OPERATE,2015-07-16 00:00:00.0,2016-09-15 00:00:00.0,0,0,2016-12-31 00:00:00.0,2016-10-01 00:00:00.0,2016-12-31 00:00:00.0,PREPARE,,HEAVYASSET,1387409163,,Y,Y,
6152,1666236004,4634,129240,清远万达广场,ACTIVE,49326,2017-01-04 17:00:57.051889,0,PLAZA,1001284,,,2016-12-29 00:00:00.0,OPERATE,2016-01-13 00:00:00.0,2016-12-28 00:00:00.0,126000,0,,,,,,LIGHTASSET,1666236004,,N,Y,
5913,1436506469,5322,126334,重庆永川万达广场,ACTIVE,48159,2016-09-27 16:08:47.003553,0,PLAZA,1001123,,CQYZ,2016-09-16 00:00:00.0,OPERATE,2015-07-16 00:00:00.0,2016-09-15 00:00:00.0,0,0,,2016-08-01 00:00:00.0,2016-08-01 00:00:00.0,PREPARE,,LIGHTASSET,1436506469,,Y,Y,
5914,1390440260,4653,125524,乐山万达广场,ACTIVE,48159,2016-09-27 16:09:09.936435,0,PLAZA,1001126,,LS,2016-09-23 00:00:00.0,OPERATE,2015-07-23 00:00:00.0,2016-09-22 00:00:00.0,0,0,,2016-11-30 00:00:00.0,2016-11-30 00:00:00.0,PREPARE,,LIGHTASSET,1390440260,,Y,Y,
5916,1436506069,5321,126310,宜春万达广场,ACTIVE,49326,2016-10-21 10:22:56.224476,0,PLAZA,1001130,,YC,2016-10-21 00:00:00.0,OPERATE,2015-08-21 00:00:00.0,2016-10-20 00:00:00.0,0,0,,,,,,LIGHTASSET,1436506069,,N,Y,
5918,1436507376,5319,126388,郑州惠济万达广场,ACTIVE,49326,2016-11-21 15:10:32.960751,0,PLAZA,1001134,,ZZHJ,2016-11-18 00:00:00.0,OPERATE,2015-09-18 00:00:00.0,2016-11-17 00:00:00.0,0,0,,,,PREPARE,,LIGHTASSET,1436507376,,N,Y,
5919,1436505264,4381,126280,连云港万达广场,ACTIVE,49326,2016-11-21 15:12:24.488726,0,PLAZA,1001135,,LYG,2016-11-18 00:00:00.0,OPERATE,2015-09-18 00:00:00.0,2016-11-17 00:00:00.0,0,0,,,,,,LIGHTASSET,1436505264,,N,Y,
5920,1436506371,4336,126328,营口鲅鱼圈万达广场,ACTIVE,46498,2016-12-07 18:26:13.713147,0,PLAZA,1001136,,YKBYQ,2016-11-19 00:00:00.0,OPERATE,2015-09-19 00:00:00.0,2016-11-18 00:00:00.0,0,0,,,,PREPARE,,LIGHTASSET,1436506371,,N,Y,
5921,1436506270,4336,126322,辽阳万达广场,ACTIVE,49326,2017-07-28 17:01:09.197145,0,PLAZA,1001139,,LY,2017-07-28 00:00:00.0,OPERATE,2015-09-25 00:00:00.0,2017-07-28 00:00:00.0,0,0,,,,PREPARE,,LIGHTASSET,1436506270,,Y,Y,
5922,1436506167,4336,126316,朝阳万达广场,ACTIVE,49326,2016-11-28 13:38:22.848672,0,PLAZA,1001140,,CY,2016-11-26 00:00:00.0,OPERATE,2015-09-26 00:00:00.0,2016-11-25 00:00:00.0,0,0,,,,,,LIGHTASSET,1436506167,,N,Y,
5923,1436506566,4402,126340,北京槐房万达广场,ACTIVE,55332,2017-08-04 14:16:38.569602,0,PLAZA,1001146,,BJHF,2016-12-22 00:00:00.0,OPERATE,2015-10-22 00:00:00.0,2016-12-21 00:00:00.0,0,0,,,,,,LIGHTASSET,1436506566,SG21700,N,Y,
5924,1436505364,4653,126286,成都双流万达广场,ACTIVE,49326,2016-12-19 09:14:51.179222,0,PLAZA,1001144,,CDSL,2016-12-17 00:00:00.0,OPERATE,2015-10-17 00:00:00.0,2016-12-16 00:00:00.0,0,0,,,,,,LIGHTASSET,1436505364,SG21000,N,Y,
5925,1436507157,6394,126376,烟台开发区万达广场,ACTIVE,49326,2016-12-23 08:52:47.909742,0,PLAZA,1001147,,YTKFQ,2016-12-23 00:00:00.0,OPERATE,2015-10-23 00:00:00.0,2016-12-22 00:00:00.0,0,0,,,,,,LIGHTASSET,1436507157,SG21900,N,Y,
5926,1436507060,4634,126370,海口秀英万达广场,ACTIVE,46498,2017-04-07 18:25:23.640132,0,PLAZA,1001148,,HKXY,2016-12-23 00:00:00.0,OPERATE,2015-10-23 00:00:00.0,2016-12-22 00:00:00.0,0,0,,,,,,LIGHTASSET,1436507060,,N,Y,
5927,1436506863,4655,126358,阜阳颍泉万达广场,ACTIVE,46498,2017-07-05 21:57:24.872427,0,PLAZA,1001150,,FYYQ,2017-06-16 00:00:00.0,OPERATE,2015-10-29 00:00:00.0,2017-06-15 00:00:00.0,0,0,,,,PREPARE,,LIGHTASSET,1436506863,,N,Y,
5928,1436505880,4636,126304,福建三明万达广场,ACTIVE,49326,2017-01-03 16:46:06.442279,0,PLAZA,1001153,,FJSM,2016-12-30 00:00:00.0,OPERATE,2015-10-30 00:00:00.0,2016-12-29 00:00:00.0,0,0,2017-01-30 00:00:00.0,2016-08-01 00:00:00.0,2017-01-31 00:00:00.0,PREPARE,,LIGHTASSET,1436505880,,Y,Y,
5929,1436506764,4655,126352,六安万达广场,ACTIVE,54815,2017-08-16 15:51:46.392557,0,PLAZA,1001154,,LA,2016-12-31 00:00:00.0,OPERATE,2015-10-31 00:00:00.0,2016-12-30 00:00:00.0,0,0,,2016-09-01 00:00:00.0,2017-12-30 00:00:00.0,PREPARE,,LIGHTASSET,1436506764,,Y,Y,
5932,1436507578,5321,126394,抚州万达广场,ACTIVE,46498,2017-07-05 21:02:33.969352,0,PLAZA,1001151,,FZ,2017-06-16 00:00:00.0,OPERATE,2015-10-30 00:00:00.0,2017-06-15 00:00:00.0,0,0,,,,,,LIGHTASSET,1436507578,,N,Y,
5915,1436505688,5319,126292,三门峡万达广场,ACTIVE,49326,2016-10-21 10:21:03.998796,0,PLAZA,1001129,,SMX,2016-10-21 00:00:00.0,OPERATE,2015-08-21 00:00:00.0,2016-10-20 00:00:00.0,0,0,,,,,,LIGHTASSET,1436505688,,N,Y,
5930,1436505785,6404,126298,湖州万达广场,ACTIVE,46498,2016-12-29 11:56:42.982145,0,PLAZA,1001149,,HZ,2016-12-29 00:00:00.0,OPERATE,2015-10-29 00:00:00.0,2016-12-28 00:00:00.0,0,0,,,,,,LIGHTASSET,1436505785,,N,Y,
5931,1436506961,5315,126364,滨州万达广场,ACTIVE,49326,2017-01-03 16:45:19.704978,0,PLAZA,1001152,,BZ,2016-12-30 00:00:00.0,OPERATE,2015-10-30 00:00:00.0,2016-12-29 00:00:00.0,0,0,,,,,,LIGHTASSET,1436506961,,N,Y,
5934,1457373792,6397,126497,益阳万达广场,ACTIVE,46498,2017-06-23 17:55:27.140033,0,PLAZA,1001155,,YY,2017-06-23 00:00:00.0,OPERATE,2015-10-31 00:00:00.0,2017-06-22 00:00:00.0,0,0,,,,,,LIGHTASSET,1457373792,,N,Y,
5935,1457373694,6402,126491,柳州柳南万达广场,ACTIVE,49326,2017-01-03 16:48:02.162337,0,PLAZA,1001156,,LZLN,2016-12-31 00:00:00.0,OPERATE,2015-10-31 00:00:00.0,2016-12-30 00:00:00.0,0,0,,,,,,LIGHTASSET,1457373694,,N,Y,
6176,1776016195,5315,132522,枣庄万达广场,ACTIVE,46498,2017-06-30 09:28:28.183393,0,PLAZA,1001484,,枣庄万达广场,2017-06-29 00:00:00.0,OPERATE,2016-05-04 00:00:00.0,2017-06-29 00:00:00.0,115000,0,,2016-06-29 00:00:00.0,,OPERATE,,LIGHTASSET,1776016195,SG22700,Y,Y,
6214,1823894839,5322,132825,重庆北碚区万达广场,ACTIVE,49326,2017-08-25 15:38:43.623487,0,PLAZA,1001544,,北碚万达广场,2017-08-25 00:00:00.0,OPERATE,2016-07-01 00:00:00.0,,0,0,,,,PREPARE,,LIGHTASSET,1823894839,,N,Y,
6219,1880957755,5319,,焦作万达广场,ACTIVE,46498,2017-07-06 11:40:05.499469,0,PLAZA,1001584,,河南焦作,2017-06-30 00:00:00.0,OPERATE,2016-07-01 00:00:00.0,2017-06-29 00:00:00.0,0,0,,,,OPERATE,,LIGHTASSET,1880957755,,N,Y,
6263,1922910805,6396,133559,晋中万达广场,ACTIVE,33092,2017-08-25 22:40:12.204303,0,PLAZA,1001444,,晋中,2017-08-18 00:00:00.0,OPERATE,2016-08-19 00:00:00.0,2017-08-18 00:00:00.0,107000,0,,,2017-08-18 00:00:00.0,PREPARE,,LIGHTASSET,1922910805,SG24000,N,Y,DIRECT
6307,1825185272,4653,132912,雅安万达广场,ACTIVE,49326,2017-07-21 14:04:01.788934,0,PLAZA,1001505,,四川雅安,2017-07-21 00:00:00.0,OPERATE,2016-04-25 00:00:00.0,2017-07-21 00:00:00.0,0,0,,,,PREPARE,,LIGHTASSET,1825185272,,N,Y,
6319,,4376,,上海青浦万达广场,ACTIVE,46498,2016-12-02 14:48:38.106423,0,PLAZA,0,,上海青浦万达广场,,PREPARE,,,0,0,,,,,,,,,Y,N,
6449,,4407,,哈尔滨万达茂,ACTIVE,47442,2017-10-22 17:29:35.915894,0,PLAZA,1001651,,,2017-06-30 00:00:00.0,OPERATE,2016-11-30 00:00:00.0,2017-06-29 00:00:00.0,0,0,,,,OPERATE,,HEAVYASSET,1516294700,SG80100,N,Y,
6451,,5321,SG191,南昌万达茂,ACTIVE,46498,2016-12-12 10:33:44.092827,0,PLAZA,1001164,,NCWDM,2016-05-28 00:00:00.0,OPERATE,2015-05-27 00:00:00.0,2016-05-28 00:00:00.0,0,0,2016-05-28 00:00:00.0,2015-05-27 00:00:00.0,2016-05-28 00:00:00.0,PREPARE,,LIGHTASSET,1379008998,SG18100,N,Y,
6217,1905704101,6402,133416,南宁万达茂万达广场,ACTIVE,49326,2017-06-20 15:26:02.500096,0,PLAZA,1001404,,南宁万达茂,2017-06-17 00:00:00.0,OPERATE,2016-07-07 00:00:00.0,2017-06-17 00:00:00.0,0,0,,,,PREPARE,,HEAVYASSET,1905704101,SG24800,Y,Y,
6320,2050489945,6395,,天津塘沽万达广场,ACTIVE,49326,2017-12-29 08:30:59.950148,0,PLAZA,1001634,,TJTG,2017-12-29 00:00:00.0,OPERATE,2016-11-17 00:00:00.0,2017-12-28 00:00:00.0,160000,0,,,2018-09-30 00:00:00.0,OPERATE,,HEAVYASSET,2050489945,,Y,Y,DEVELOPMENT
6356,,6396,,大同万达广场,ACTIVE,49326,2017-10-20 08:48:02.289435,0,PLAZA,1001628,,DT,2017-10-20 00:00:00.0,OPERATE,2016-10-21 00:00:00.0,2017-10-20 00:00:00.0,110300,0,,,,PREPARE,,LIGHTASSET,2008502980,SG25000,N,Y,DIRECT
6359,1969805001,6397,133970,衡阳万达广场,ACTIVE,46498,2017-09-29 10:28:02.970813,0,PLAZA,1001627,,,2017-09-29 00:00:00.0,OPERATE,2016-07-13 00:00:00.0,2017-09-28 00:00:00.0,0,0,,2016-07-13 00:00:00.0,2017-09-29 00:00:00.0,OPERATE,,LIGHTASSET,1969805001,,Y,Y,
6361,,6402,ZT049,桂林叠彩万达广场,ACTIVE,54274,2018-02-27 15:02:59.048902,0,PLAZA,1001637,,桂林叠彩,2017-11-24 00:00:00.0,OPERATE,2016-09-21 00:00:00.0,2017-11-23 00:00:00.0,111000,0,,,,OPERATE,,LIGHTASSET,2042893664,,N,Y,
6362,,6399,,丹寨万达小镇,ACTIVE,46498,2017-08-16 10:28:34.610921,0,PLAZA,1001650,,,2017-07-01 00:00:00.0,OPERATE,2016-07-01 00:00:00.0,2017-07-01 00:00:00.0,0,0,,,,OPERATE,,LIGHTASSET,1968498902,SG28900,Y,Y,
6422,2013364900,6393,134502,大连甘井子万达广场,ACTIVE,46498,2017-09-29 10:25:17.024458,0,PLAZA,1001564,,大连甘井子,2017-09-29 00:00:00.0,OPERATE,2016-10-01 00:00:00.0,2017-09-29 00:00:00.0,0,0,,,,,,LIGHTASSET,2013364900,SG25900,N,Y,
6482,2131518593,6399,136164,六盘水万达广场,ACTIVE,49326,2017-12-08 08:30:38.539268,0,PLAZA,1001640,,,2017-12-08 00:00:00.0,OPERATE,2016-12-01 00:00:00.0,2017-12-08 00:00:00.0,0,0,2017-12-08 00:00:00.0,2016-12-01 00:00:00.0,2017-12-08 00:00:00.0,PREPARE,,LIGHTASSET,2131518593,SG27800,Y,Y,DIRECT
6254,1877227124,6398,133249,乌鲁木齐德汇万达广场,ACTIVE,49326,2018-01-29 10:39:10.084366,0,PLAZA,1001424,,WLMQDH,2018-01-28 00:00:00.0,OPERATE,2016-07-01 00:00:00.0,2018-01-27 00:00:00.0,0,0,,,,PREPARE,,LIGHTASSET,1877227124,SG24900,N,Y,COOPERATION
6510,2093823935,4653,135140,成都武侯万达广场,ACTIVE,49326,2017-12-22 08:33:50.743688,0,PLAZA,1001645,,成都武侯,2017-12-22 00:00:00.0,OPERATE,2016-10-26 00:00:00.0,2017-12-21 00:00:00.0,107800,0,,,,PREPARE,,LIGHTASSET,2093823935,SG27600,N,Y,COOPERATION
6218,1820506276,4381,132755,盐城万达广场,ACTIVE,46498,2017-06-30 09:38:07.860077,0,PLAZA,1001485,,盐城万达广场,2017-06-29 00:00:00.0,OPERATE,2016-05-31 00:00:00.0,2017-06-29 00:00:00.0,0,0,,,,,,LIGHTASSET,1820506276,SG23300,N,Y,
6228,1666235433,4634,,广州金沙洲万达广场,ACTIVE,46498,2017-06-30 09:31:02.778402,0,PLAZA,1001425,,,2017-06-30 00:00:00.0,OPERATE,2016-04-12 00:00:00.0,2017-06-29 00:00:00.0,110700,0,,,,OPERATE,,HEAVYASSET,1666235433,,Y,Y,
6305,1816140047,4653,132677,成都金堂万达广场,ACTIVE,49326,2017-12-08 08:31:10.512268,0,PLAZA,1001638,,,2017-12-08 00:00:00.0,OPERATE,2016-12-01 00:00:00.0,2017-12-07 00:00:00.0,102800,0,,,,PREPARE,,LIGHTASSET,1816140047,SG23100,N,Y,
6306,1860599928,4653,133017,成都崇州万达广场,ACTIVE,53973,2017-09-05 10:40:35.16598,0,PLAZA,1001624,,成都崇州,2017-09-01 00:00:00.0,OPERATE,2016-05-30 00:00:00.0,2017-08-31 00:00:00.0,94100,0,,,,PREPARE,,LIGHTASSET,1860599928,SG24500,Y,Y,DIRECT
6338,1251830559,6392,1251830559,车城万达广场,ACTIVE,48344,2017-10-10 10:40:39.889637,0,PLAZA,1001606,,车城,2017-09-08 00:00:00.0,OPERATE,2016-06-06 00:00:00.0,2017-09-08 00:00:00.0,130000,0,,,2017-09-08 00:00:00.0,OPERATE,,LIGHTASSET,1251830559,,Y,Y,DIRECT
6360,2044282889,6399,134769,曲靖万达广场,ACTIVE,49326,2017-10-27 08:27:39.436382,0,PLAZA,1001630,,曲靖广场,2017-10-27 00:00:00.0,OPERATE,2016-11-01 00:00:00.0,2017-10-27 00:00:00.0,0,0,2017-10-27 00:00:00.0,2016-11-01 00:00:00.0,2017-10-27 00:00:00.0,PREPARE,,LIGHTASSET,2044282889,SG25600,Y,Y,
6450,,4655,SG190,合肥万达茂,ACTIVE,44857,2017-08-27 10:15:42.24336,0,PLAZA,1001184,,,2016-09-24 00:00:00.0,OPERATE,2015-07-01 00:00:00.0,2016-09-23 00:00:00.0,200000,0,2016-09-23 00:00:00.0,2015-07-01 00:00:00.0,2016-09-23 00:00:00.0,PREPARE,,LIGHTASSET,1360939277,,N,Y,
6493,南通通州万达广场,6403,136411,南通通州万达广场,ACTIVE,49326,2017-12-15 08:48:50.283625,0,PLAZA,1001642,,南通通州万达广场,2017-12-15 00:00:00.0,OPERATE,2017-01-01 00:00:00.0,2017-12-15 00:00:00.0,0,0,,,,,,LIGHTASSET,167895107,,N,Y,DIRECT
6512,2093824672,4655,135175,宣城万达广场,ACTIVE,54385,2017-08-08 12:01:28.382129,0,PLAZA,1001641,,,2018-06-29 00:00:00.0,PREPARE,2016-10-25 00:00:00.0,2018-06-29 00:00:00.0,105900,0,,,,,,LIGHTASSET,2093824672,,N,Y,DIRECT
6174,1686865318,5321,,南昌西湖万达广场,ACTIVE,45237,2017-08-19 10:57:30.746219,0,PLAZA,1001464,,南昌西湖,2017-06-23 00:00:00.0,OPERATE,2016-04-21 00:00:00.0,2017-06-22 00:00:00.0,0,0,,,,PREPARE,,LIGHTASSET,1686865318,,N,Y,
6184,1069521433,5321,119890,九江万达广场,ACTIVE,46716,2017-12-11 17:58:56.584242,0,PLAZA,1001504,,江西九江,2017-07-08 00:00:00.0,OPERATE,2016-05-12 00:00:00.0,2017-07-08 00:00:00.0,0,0,,,2017-12-08 00:00:00.0,PREPARE,,LIGHTASSET,1069521433,SG15500,Y,Y,
6204,1436506664,6393,126346,大连庄河万达广场,ACTIVE,49326,2017-08-18 08:29:59.500023,0,PLAZA,1001286,,,2017-08-18 00:00:00.0,OPERATE,2016-06-21 00:00:00.0,2017-08-18 00:00:00.0,0,0,,,,PREPARE,,LIGHTASSET,1436506664,,N,Y,
6211,1825443141,5322,132920,重庆綦江区万达广场,ACTIVE,49326,2017-10-27 08:26:35.756774,0,PLAZA,1001629,,,2017-10-27 00:00:00.0,OPERATE,2016-06-10 00:00:00.0,,0,0,,,,,,LIGHTASSET,1825443141,SG23400,N,Y,
6264,1877763634,4381,133285,扬州邗江万达广场,ACTIVE,49124,2018-01-08 11:16:52.993412,0,PLAZA,1001639,,,2017-12-08 00:00:00.0,OPERATE,2016-12-01 00:00:00.0,2017-12-07 00:00:00.0,0,0,,,2017-12-08 00:00:00.0,OPERATE,,HEAVYASSET,1877763634,,Y,Y,
6348,1432452433,5869,126068,呼市回民区万达广场,ACTIVE,49326,2017-08-25 15:38:20.008487,0,PLAZA,1001525,,,2017-08-25 00:00:00.0,OPERATE,2015-06-10 00:00:00.0,2017-08-24 00:00:00.0,0,0,,,2017-08-25 00:00:00.0,PREPARE,,HEAVYASSET,1432452433,,Y,Y,
6355,,4402,,北京西铁营万达广场,ACTIVE,46498,2018-02-06 10:45:31.217163,0,PLAZA,1001644,,,2017-12-22 00:00:00.0,OPERATE,2017-01-01 00:00:00.0,2017-12-21 00:00:00.0,0,0,,,,PREPARE,,LIGHTASSET,2014525243,,N,Y,COOPERATION
6357,,4333,,西安高新万达广场,ACTIVE,49326,2017-11-20 09:43:42.791725,0,PLAZA,1001635,,,2017-11-18 00:00:00.0,OPERATE,2016-09-21 00:00:00.0,2017-11-17 00:00:00.0,0,0,,,2017-11-18 00:00:00.0,PREPARE,,HEAVYASSET,2020254030,,Y,Y,
6358,2175766,4376,,上海闵行颛桥万达广场,ACTIVE,49326,2017-12-25 08:27:55.5797,0,PLAZA,1001646,,,2017-12-22 00:00:00.0,OPERATE,2017-01-01 00:00:00.0,2017-12-22 00:00:00.0,0,0,2017-12-22 00:00:00.0,2017-01-01 00:00:00.0,2017-12-22 00:00:00.0,PREPARE,,LIGHTASSET,2081194639,,Y,Y,
6172,1772681744,4655,132506,铜陵万达广场,ACTIVE,44647,2018-01-11 17:43:24.550435,0,PLAZA,1001633,,安徽铜陵,2017-11-10 00:00:00.0,OPERATE,2016-04-06 00:00:00.0,2017-11-10 00:00:00.0,118000,0,,,,PREPARE,,LIGHTASSET,1772681744,,N,Y,DIRECT
6182,1516243969,6402,127793,南宁江南万达广场,ACTIVE,49326,2017-07-13 18:07:35.978008,0,PLAZA,1001405,,,2017-06-23 00:00:00.0,OPERATE,2016-06-01 00:00:00.0,2017-06-23 00:00:00.0,0,0,,,2017-11-30 00:00:00.0,OPERATE,,HEAVYASSET,1516243969,,Y,Y,
6205,1436507264,6393,126382,大连普兰店万达广场,ACTIVE,46498,2017-08-04 17:49:49.639911,0,PLAZA,1001285,,,2017-07-29 00:00:00.0,OPERATE,2016-06-21 00:00:00.0,2017-07-29 00:00:00.0,0,0,,,,,,LIGHTASSET,1436507264,,N,Y,
6339,1355562389,6392,125158,吉林昌邑万达广场,ACTIVE,49326,2017-09-15 11:18:20.359499,0,PLAZA,1001625,,吉林昌邑万达广场,2017-09-15 00:00:00.0,OPERATE,2016-07-25 00:00:00.0,2017-09-14 00:00:00.0,130000,130000,2017-09-14 00:00:00.0,2016-07-25 00:00:00.0,2017-09-15 00:00:00.0,PREPARE,,LIGHTASSET,1355562389,SG17800,Y,Y,
6341,1964151283,5319,133791,平顶山万达广场,ACTIVE,49326,2017-11-24 08:23:54.197453,0,PLAZA,1001524,,平顶山,2017-11-24 00:00:00.0,OPERATE,2016-07-04 00:00:00.0,2017-11-23 00:00:00.0,0,0,,,,PREPARE,,LIGHTASSET,1964151283,,Y,Y,DIRECT
6456,,6399,,西双版纳万达广场,ACTIVE,46498,2016-12-12 10:26:22.302268,0,PLAZA,1000964,,GC133,2015-09-26 00:00:00.0,OPERATE,2014-06-01 00:00:00.0,2015-09-26 00:00:00.0,42000,0,,,,OPERATE,,HEAVYASSET,820361888,SG14100,N,Y,
6480,,5389,,酒泉万达广场,ACTIVE,47270,2017-12-05 20:06:43.979323,0,PLAZA,1001631,,酒泉,2017-11-10 00:00:00.0,OPERATE,2016-07-12 00:00:00.0,2017-11-10 00:00:00.0,96000,0,,,,PREPARE,,LIGHTASSET,2123250979,,Y,Y,DIRECT
6494,2077827990,4391,135007,衢州万达广场,ACTIVE,49326,2017-12-15 08:50:03.011292,0,PLAZA,1001643,,衢州柯城,2017-12-15 00:00:00.0,OPERATE,2017-01-01 00:00:00.0,2017-12-14 00:00:00.0,0,0,,,,PREPARE,,LIGHTASSET,2077827990,,N,Y,DIRECT
6183,1802368489,6402,SY236,北海万达广场,ACTIVE,49326,2017-05-27 08:17:03.488743,0,PLAZA,1001364,,,2017-05-27 00:00:00.0,OPERATE,2016-04-23 00:00:00.0,2017-05-26 00:00:00.0,0,0,,,,PREPARE,,LIGHTASSET,1802368489,,N,Y,
6199,1113960024,6403,121847,常熟万达广场,ACTIVE,49326,2017-07-31 08:57:30.43411,0,PLAZA,1001605,,常熟万达广场,2017-07-22 00:00:00.0,OPERATE,2016-05-01 00:00:00.0,2017-07-22 00:00:00.0,17,2,2017-01-01 00:00:00.0,2017-01-01 00:00:00.0,2017-01-01 00:00:00.0,PREPARE,,HEAVYASSET,1113960024,,Y,Y,
6225,934944712,4653,117993,绵阳CBD万达广场,ACTIVE,57617,2018-04-13 11:47:44.027671,0,PLAZA,1001986,,,2018-12-21 00:00:00.0,PREPARE,2017-11-21 00:00:00.0,2018-12-20 00:00:00.0,198400,0,,2016-01-01 00:00:00.0,2016-08-27 00:00:00.0,OPERATE,,HEAVYASSET,934944712,,Y,Y,DEVELOPMENT
6226,1355562726,6403,125164,昆山万达广场,ACTIVE,49326,2017-07-10 13:35:57.782667,0,PLAZA,1001604,,昆山,2017-07-08 00:00:00.0,OPERATE,2016-06-01 00:00:00.0,2017-07-07 00:00:00.0,170900,0,2017-09-30 00:00:00.0,2016-06-01 00:00:00.0,2017-10-01 00:00:00.0,PREPARE,,HEAVYASSET,1355562726,,Y,Y,DEVELOPMENT
6334,1877227571,6400,133258,惠州大亚湾万达广场,ACTIVE,49326,2017-11-24 08:23:27.880085,0,PLAZA,1001636,,惠州大亚湾,2017-11-24 00:00:00.0,OPERATE,2016-06-13 00:00:00.0,2017-11-23 00:00:00.0,0,0,,,,PREPARE,,LIGHTASSET,1877227571,SG24400,N,Y,DIRECT
6337,1825443303,4336,132928,锦州万达广场,ACTIVE,49326,2017-09-01 08:53:17.203303,0,PLAZA,1001507,,,2017-09-01 00:00:00.0,OPERATE,2016-07-01 00:00:00.0,2017-08-31 00:00:00.0,131000,0,2017-08-31 00:00:00.0,2016-07-01 00:00:00.0,2017-09-01 00:00:00.0,PREPARE,,LIGHTASSET,1825443303,SG23900,Y,Y,
6340,1927227875,5319,133618,新乡牧野区万达广场,ACTIVE,56866,2018-03-28 11:48:14.39467,0,PLAZA,1001626,,,2017-12-23 00:00:00.0,OPERATE,2016-08-01 00:00:00.0,2017-12-22 00:00:00.0,0,0,,,,OPERATE,,LIGHTASSET,1927227875,,Y,Y,DIRECT
6373,2008503124,4333,HZ002,咸阳丽彩万达广场,ACTIVE,55018,2017-12-07 19:32:43.224942,0,PLAZA,1001384,,咸阳丽彩,2017-01-20 00:00:00.0,OPERATE,2016-09-01 00:00:00.0,2017-01-20 00:00:00.0,0,0,,,,OPERATE,,LIGHTASSET,2008503124,,N,Y,COOPERATION
6547,258756000,6399,137689,贵阳观山湖万达广场,ACTIVE,49326,2018-05-25 08:30:47.902357,0,PLAZA,1001647,,,2018-05-25 00:00:00.0,OPERATE,2017-03-01 00:00:00.0,2018-05-25 00:00:00.0,158600,0,,,,PREPARE,,LIGHTASSET,258756000,,N,Y,DIRECT
6562,263450460,4391,137705,奉化万达广场,ACTIVE,49490,2018-06-04 19:12:47.996525,0,PLAZA,1001805,,宁波奉化,2018-05-26 00:00:00.0,OPERATE,2017-01-21 00:00:00.0,2018-05-25 00:00:00.0,0,0,,,,OPERATE,,LIGHTASSET,263450460,,N,Y,COOPERATION
6563,304894974,5389,138188,石嘴山万达广场,ACTIVE,50171,2017-12-21 11:40:25.535025,0,PLAZA,1001632,,石嘴山,2018-07-06 00:00:00.0,PREPARE,2017-07-01 00:00:00.0,2018-07-06 00:00:00.0,0,0,,,,,,LIGHTASSET,304894974,,N,Y,DIRECT
6560,306324444,6394,138267,青岛东方影都万达茂,ACTIVE,49326,2018-04-28 12:02:51.620251,0,PLAZA,1001744,,,2018-04-28 00:00:00.0,OPERATE,2017-04-28 00:00:00.0,2018-04-28 00:00:00.0,0,0,,,,,,HEAVYASSET,306324444,,N,Y,DEVELOPMENT
6553,209251324,4402,137238,北京怀柔万达广场,ACTIVE,33092,2017-12-30 09:53:06.308442,0,PLAZA,1001724,,,2018-01-01 00:00:00.0,OPERATE,2017-03-27 00:00:00.0,,0,0,,,,PREPARE,,LIGHTASSET,209251324,,N,Y,COOPERATION
6573,346743272,4653,138745,泸州万达广场,ACTIVE,46498,2018-06-01 12:10:48.751069,0,PLAZA,1001808,,泸州万达,2018-06-01 00:00:00.0,OPERATE,2017-06-01 00:00:00.0,2018-05-31 00:00:00.0,113400,0,,,,PREPARE,,LIGHTASSET,346743272,SG29000,N,Y,DIRECT
6579,359340090,4381,138885,南京万达茂,ACTIVE,46498,2018-06-01 12:10:09.657469,0,PLAZA,1001809,,,2018-06-01 00:00:00.0,OPERATE,2017-06-28 00:00:00.0,2018-05-31 00:00:00.0,0,0,,,,,,HEAVYASSET,359340090,SG29600,N,Y,DEVELOPMENT
6589,1930751706,5869,133644,包头九原万达广场,ACTIVE,32853,2018-01-29 14:28:56.956618,0,PLAZA,1001810,,,2018-08-17 00:00:00.0,PREPARE,2017-06-28 00:00:00.0,2018-08-17 00:00:00.0,10900,0,2018-08-17 00:00:00.0,2017-06-28 00:00:00.0,2018-08-17 00:00:00.0,PREPARE,,LIGHTASSET,1930751706,,N,Y,DIRECT
6590,425054231,4333,139721,延安万达广场,ACTIVE,49326,2018-02-09 09:31:41.007359,0,PLAZA,1001785,,,2018-02-09 00:00:00.0,OPERATE,2017-06-01 00:00:00.0,2018-02-09 00:00:00.0,0,0,,,,PREPARE,,LIGHTASSET,425054231,,N,Y,COOPERATION
6595,409839556,4655,139655,淮北万达广场,ACTIVE,51449,2017-11-27 14:26:06.792072,0,PLAZA,1001812,,淮北万达,2018-09-28 00:00:00.0,PREPARE,2017-07-01 00:00:00.0,2018-09-27 00:00:00.0,100600,0,,,,,,LIGHTASSET,409839556,,N,Y,DIRECT
6603,427309384,4634,139732,江门新会万达广场,ACTIVE,45857,2017-08-20 16:27:27.402876,0,PLAZA,1001816,,,2018-08-24 00:00:00.0,PREPARE,2017-07-01 00:00:00.0,2018-08-23 00:00:00.0,0,0,,,,,,LIGHTASSET,427309384,,N,Y,
6634,,4655,,合肥巢湖万达广场,ACTIVE,44896,2017-12-14 16:43:44.643375,0,PLAZA,0,,,2018-11-02 00:00:00.0,PREPARE,2017-11-01 00:00:00.0,2018-11-01 00:00:00.0,0,0,,,,,,LIGHTASSET,568721024,,N,Y,DIRECT
6638,457277294,4634,139958,广州新塘万达广场,ACTIVE,56176,2017-11-07 14:21:58.740323,0,PLAZA,0,,GZXT,2018-12-28 00:00:00.0,PREPARE,2017-11-01 00:00:00.0,2018-12-27 00:00:00.0,0,0,2018-12-27 00:00:00.0,2017-11-01 00:00:00.0,2018-12-28 00:00:00.0,PREPARE,,LIGHTASSET,457277294,,Y,Y,COOPERATION
6644,,6403,,张家港万达广场,ACTIVE,30818,2018-02-07 10:35:01.348504,0,PLAZA,0,,,2018-12-28 00:00:00.0,PREPARE,2017-08-08 00:00:00.0,2018-12-27 00:00:00.0,119500,0,,,,,,LIGHTASSET,701730437,,N,Y,COOPERATION
6648,,6402,,玉林万达广场,ACTIVE,46498,2018-03-23 16:43:53.487545,0,PLAZA,1001837,,,2018-12-21 00:00:00.0,PREPARE,2017-12-21 00:00:00.0,2018-12-20 00:00:00.0,0,0,,,,,,LIGHTASSET,679619644,,N,Y,DIRECT
6662,481953959,6558,141765,绥化万达广场,ACTIVE,45526,2018-04-18 10:04:28.770233,0,PLAZA,1001815,,绥化万达广场,2018-09-30 00:00:00.0,PREPARE,2017-05-31 00:00:00.0,2018-09-29 00:00:00.0,0,0,,,,,,LIGHTASSET,481953959,SG30900,N,Y,COOPERATION
6665,619646739,6396,2634950,运城万达广场,ACTIVE,56819,2018-03-30 16:02:38.560393,0,PLAZA,0,,运城,2018-12-28 00:00:00.0,PREPARE,2017-10-16 00:00:00.0,2018-12-27 00:00:00.0,108800,0,,,,PREPARE,,LIGHTASSET,619646739,,N,Y,DIRECT
6669,XC,5319,,许昌万达广场,ACTIVE,56740,2017-11-23 10:48:06.493747,0,PLAZA,0,,许昌万达,2018-10-26 00:00:00.0,PREPARE,2017-08-11 00:00:00.0,2018-10-25 00:00:00.0,0,0,,,,,,LIGHTASSET,631448153,,N,Y,DIRECT
6670,574818271,6396,SY307,长治万达广场,ACTIVE,46807,2017-10-30 10:34:52.206852,0,PLAZA,0,,长治,2018-09-22 00:00:00.0,PREPARE,2017-09-08 00:00:00.0,2018-09-21 00:00:00.0,131400,0,,,,,,LIGHTASSET,574818271,,N,Y,COOPERATION
6585,391738914,6403,138991,常州溧阳万达广场,ACTIVE,46498,2018-06-01 12:12:46.640269,0,PLAZA,1001648,,,2018-06-01 00:00:00.0,OPERATE,2017-06-01 00:00:00.0,2018-05-31 00:00:00.0,0,0,,,,PREPARE,,LIGHTASSET,391738914,SG28600,N,Y,
6604,391739303,5389,139002,吴忠万达广场,ACTIVE,30394,2018-03-16 16:26:48.328883,0,PLAZA,1001814,,吴忠,2018-06-15 00:00:00.0,PREPARE,2017-05-18 00:00:00.0,2018-06-14 00:00:00.0,12,0,,,,OPERATE,,LIGHTASSET,391739303,,N,Y,COOPERATION
6637,,4655,,淮南永安万达广场,ACTIVE,54385,2017-09-26 10:58:47.631287,0,PLAZA,0,,,2018-09-07 00:00:00.0,PREPARE,2017-09-08 00:00:00.0,2018-09-06 00:00:00.0,113900,0,,,,PREPARE,,LIGHTASSET,574816133,,N,Y,COOPERATION
6642,527118528,4636,142214,南平万达广场,ACTIVE,49825,2018-03-12 17:05:54.471051,0,PLAZA,1001822,,FJNP,2018-12-01 00:00:00.0,PREPARE,2017-10-24 00:00:00.0,2018-11-30 00:00:00.0,0,0,,,,,,LIGHTASSET,527118528,,N,Y,DIRECT
6646,,5319,SY313,开封万达广场,ACTIVE,56639,2017-12-06 11:51:23.501737,0,PLAZA,1001831,,开封,2018-09-28 00:00:00.0,PREPARE,2017-09-19 00:00:00.0,2018-09-27 00:00:00.0,0,0,,,,PREPARE,,LIGHTASSET,625583528,SG32700,N,Y,COOPERATION
6659,,4655,,宣城宣州万达广场,ACTIVE,46498,2017-08-18 15:15:35.671623,0,PLAZA,0,,,,,,,0,0,,,,,,LIGHTASSET,,,N,N,DEVELOPMENT
6667,,5321,,南昌青山湖万达广场,ACTIVE,46716,2017-12-11 18:01:21.254707,0,PLAZA,1001838,,,2018-12-21 00:00:00.0,PREPARE,2017-08-18 00:00:00.0,2018-12-20 00:00:00.0,0,0,,,,,,LIGHTASSET,690517303,SG32900,N,Y,DIRECT
6668,537343262,5389,142244,武威万达广场,ACTIVE,51713,2017-12-06 12:53:48.298547,0,PLAZA,1001823,,,2018-10-19 00:00:00.0,PREPARE,2017-10-01 00:00:00.0,,103400,0,,,,PREPARE,,LIGHTASSET,537343262,SG31300,N,Y,DIRECT
6672,690517080,4381,,江苏宿迁万达广场,ACTIVE,54726,2017-12-29 15:44:32.607462,0,PLAZA,0,,,2018-12-07 00:00:00.0,PREPARE,2017-10-07 00:00:00.0,,0,0,,,,,,LIGHTASSET,690517080,,Y,Y,DIRECT
6673,,4381,,泰州泰兴万达广场,ACTIVE,45915,2017-12-25 19:20:29.172727,0,PLAZA,0,,,2018-10-26 00:00:00.0,PREPARE,2017-11-01 00:00:00.0,2018-10-26 00:00:00.0,0,121000,2018-10-26 00:00:00.0,2017-11-01 00:00:00.0,2018-10-26 00:00:00.0,PREPARE,,LIGHTASSET,677637143,,Y,Y,COOPERATION
6674,,4381,,南京溧水万达广场,ACTIVE,47636,2017-12-27 16:46:05.139546,0,PLAZA,0,,,2018-09-28 00:00:00.0,PREPARE,2017-11-01 00:00:00.0,2018-09-27 00:00:00.0,146600,0,,,,PREPARE,,HEAVYASSET,669707294,,N,Y,DEVELOPMENT
6575,309178432,6404,138319,嘉兴经开万达广场,ACTIVE,49326,2018-05-25 08:31:42.034704,0,PLAZA,1001807,,,2018-05-25 00:00:00.0,OPERATE,2017-07-01 00:00:00.0,2018-05-24 00:00:00.0,0,0,,,,,,LIGHTASSET,309178432,,N,Y,COOPERATION
6609,409839352,5319,139644,商丘万达广场,ACTIVE,54320,2017-08-17 15:47:15.967779,0,PLAZA,1001813,,SQ,2018-07-06 00:00:00.0,PREPARE,2017-05-09 00:00:00.0,2018-07-05 00:00:00.0,0,0,,,,PREPARE,,LIGHTASSET,409839352,SG29800,N,Y,DIRECT
6630,513983467,4653,141992,眉山万达广场,ACTIVE,56083,2017-10-25 15:57:38.02239,0,PLAZA,1001817,,眉山万达广场,2018-09-15 00:00:00.0,PREPARE,2017-09-16 00:00:00.0,2018-09-14 00:00:00.0,116900,0,,,2018-09-15 00:00:00.0,PREPARE,,LIGHTASSET,513983467,,N,Y,DIRECT
6656,653209283,5315,,菏泽万达广场,ACTIVE,49503,2017-12-20 11:13:52.445635,0,PLAZA,1001829,,菏泽,2018-11-16 00:00:00.0,PREPARE,2017-11-01 00:00:00.0,2018-11-15 00:00:00.0,0,0,,,,,,LIGHTASSET,653209283,,N,Y,COOPERATION
6661,631966763,5322,143253,重庆沙坪坝万达广场,ACTIVE,50244,2017-12-14 16:14:28.294858,0,PLAZA,1001833,,,2018-11-30 00:00:00.0,PREPARE,2017-06-30 00:00:00.0,2018-11-29 00:00:00.0,0,0,,,,PREPARE,,LIGHTASSET,631966763,SG32400,N,Y,DIRECT
6663,568721242,4653,142555,成都龙泉驿万达广场,ACTIVE,46498,2017-12-01 19:29:44.495932,0,PLAZA,1001825,,成都龙泉驿万达广场,2018-10-26 00:00:00.0,PREPARE,2017-10-01 00:00:00.0,2018-10-25 00:00:00.0,120800,0,,,,PREPARE,,LIGHTASSET,568721242,,Y,Y,DIRECT
6664,,5869,,鄂尔多斯万达广场,ACTIVE,32853,2017-08-22 15:07:39.037815,0,PLAZA,1001820,,,2018-09-28 00:00:00.0,PREPARE,2017-08-22 00:00:00.0,2018-12-22 00:00:00.0,0,0,2018-12-22 00:00:00.0,2017-08-22 00:00:00.0,2018-12-23 00:00:00.0,PREPARE,,LIGHTASSET,,,Y,Y,COOPERATION
6666,683240766,4376,,中信泰富万达广场,ACTIVE,56972,2017-12-13 11:22:45.967836,0,PLAZA,0,,,2018-10-01 00:00:00.0,PREPARE,2017-11-01 00:00:00.0,2018-09-30 00:00:00.0,0,0,2018-09-30 00:00:00.0,,,PREPARE,,LIGHTASSET,683240766,,N,Y,COOPERATION
6671,,4653,,宜宾万达广场,ACTIVE,56934,2017-12-21 09:27:54.545425,0,PLAZA,0,,,2018-12-21 00:00:00.0,PREPARE,2017-12-01 00:00:00.0,2018-12-20 00:00:00.0,143700,0,,,,PREPARE,,LIGHTASSET,644655912,,Y,Y,DIRECT
6676,,6399,,玉溪万达广场,ACTIVE,52302,2017-08-20 19:42:18.417276,0,PLAZA,0,,,2018-12-28 00:00:00.0,PREPARE,2017-08-01 00:00:00.0,2018-12-27 00:00:00.0,0,0,,,,,,LIGHTASSET,,,N,Y,DIRECT
6592,415149540,5319,139674,鹤壁万达广场,ACTIVE,55701,2017-08-24 12:11:34.061088,0,PLAZA,1001804,,,2018-06-22 00:00:00.0,PREPARE,2017-07-01 00:00:00.0,2018-06-21 00:00:00.0,0,0,,,,PREPARE,,LIGHTASSET,415149540,,N,Y,DIRECT
6596,409839082,4355,139633,黄冈万达广场,ACTIVE,55246,2017-07-20 16:12:29.452983,0,PLAZA,1001649,,黄冈,2018-06-22 00:00:00.0,PREPARE,2017-07-01 00:00:00.0,2018-06-21 00:00:00.0,0,0,,,,PREPARE,,LIGHTASSET,409839082,,N,Y,DIRECT
6605,1923419560,4336,133580,阜新万达广场,ACTIVE,55769,2017-12-20 09:44:22.774572,0,PLAZA,1001811,,阜新,2018-08-10 00:00:00.0,PREPARE,2017-06-29 00:00:00.0,2018-08-09 00:00:00.0,125000,0,,,,PREPARE,,LIGHTASSET,1923419560,,Y,Y,DIRECT
6624,,6398,,乌鲁木齐高新万达广场,ACTIVE,47166,2018-02-01 11:17:41.020074,0,PLAZA,0,,WLMQGX,2018-09-21 00:00:00.0,PREPARE,2017-09-01 00:00:00.0,2018-09-21 00:00:00.0,133000,0,,,,,,LIGHTASSET,584275397,SG30600,N,Y,DIRECT
6628,1061619374,4336,118966,各分公司,ACTIVE,1,2017-08-16 17:01:36.0,1058921387,PLAZA,,,,,,,,,,,,,,,,,,,,
6629,1862303859,6394,133032,潍坊寿光万达广场,ACTIVE,40054,2017-12-06 14:56:48.09911,0,PLAZA,1001845,,,2018-12-29 00:00:00.0,PREPARE,2017-11-29 00:00:00.0,2018-12-28 00:00:00.0,0,0,,,,,,LIGHTASSET,1862303859,,N,Y,DIRECT
6639,,6401,,泉州星光耀万达广场,ACTIVE,45395,2018-01-24 09:35:55.297201,0,PLAZA,0,,泉州星光耀万达广场,2018-12-22 00:00:00.0,PREPARE,2017-08-24 00:00:00.0,2018-12-21 00:00:00.0,97000,0,,,,OPERATE,,LIGHTASSET,747085252,SG32600,N,Y,COOPERATION
6640,,4336,,本溪万达广场,ACTIVE,51067,2017-12-22 13:32:38.722555,0,PLAZA,1001828,,本溪,2018-12-21 00:00:00.0,PREPARE,2017-09-20 00:00:00.0,2018-12-20 00:00:00.0,100000,0,,,,PREPARE,,LIGHTASSET,561835049,SG31100,N,Y,COOPERATION
6643,633575153,4402,143288,邢台万达广场,ACTIVE,56763,2017-11-17 20:29:23.00151,0,PLAZA,1001826,,邢台万达广场,2018-11-02 00:00:00.0,PREPARE,2017-09-15 00:00:00.0,2018-11-01 00:00:00.0,120090,0,,,,,,LIGHTASSET,633575153,SG31500,N,Y,DIRECT
6650,,6402,,贵港万达广场,ACTIVE,57118,2018-01-28 13:36:03.711393,0,PLAZA,1001846,,,2018-12-29 00:00:00.0,PREPARE,2017-12-01 00:00:00.0,2018-12-29 00:00:00.0,0,0,,,,,,LIGHTASSET,669708116,,N,Y,DIRECT
6657,492963004,5315,,东营东城万达广场,ACTIVE,49186,2017-12-15 13:19:43.515632,0,PLAZA,1001806,,,2018-07-12 00:00:00.0,PREPARE,2017-08-01 00:00:00.0,2018-07-12 00:00:00.0,0,0,,,,,,LIGHTASSET,492963004,SG29400,Y,Y,DIRECT
6675,632818722,4333,,榆林万达广场,ACTIVE,46498,2017-12-29 10:08:51.339752,0,PLAZA,0,,YL,2018-12-22 00:00:00.0,PREPARE,2017-09-18 00:00:00.0,2018-12-21 00:00:00.0,0,0,,,,PREPARE,,LIGHTASSET,632818722,,N,Y,DIRECT
6735,1115016302,6401,121872,安溪万达广场,ACTIVE,45395,2018-03-09 11:37:40.426702,0,PLAZA,0,,安溪万达广场,2018-12-28 00:00:00.0,PREPARE,2017-12-23 00:00:00.0,2018-12-27 00:00:00.0,0,0,,,,PREPARE,,HEAVYASSET,1115016302,SG16800,N,Y,DEVELOPMENT
6792,28680134,6399,146129,都匀万达广场,ACTIVE,53120,2018-05-31 20:37:03.815836,0,PLAZA,0,,都匀万达广场,2019-05-01 00:00:00.0,PREPARE,2018-04-01 00:00:00.0,2019-04-30 00:00:00.0,0,0,2019-04-30 00:00:00.0,2018-04-01 00:00:00.0,2019-05-01 00:00:00.0,PREPARE,,LIGHTASSET,28680134,SG34000,Y,Y,DIRECT
6797,996780387,6400,146063,汕头万达广场,ACTIVE,1,2018-06-04 11:35:56.0,1516332807,PLAZA,,,,,,,,,,,,,,,,,,,,
6765,872632950,5322,145322,铜梁万达广场,ACTIVE,44654,2018-04-08 11:30:05.361942,0,PLAZA,1002006,,,2018-12-31 00:00:00.0,PREPARE,2018-03-01 00:00:00.0,2018-12-30 00:00:00.0,146038,0,,,,,,LIGHTASSET,872632950,,N,Y,COOPERATION
6787,975367803,6404,145988,杭州余杭万达广场,ACTIVE,45860,2018-05-07 20:13:29.477031,0,PLAZA,0,,HZYH,2019-12-06 00:00:00.0,PREPARE,2018-03-14 00:00:00.0,2019-12-05 00:00:00.0,0,0,,,,PREPARE,,LIGHTASSET,975367803,,N,Y,DIRECT
