enginee_site_cleaan.siteid,enginee_site_cleaan.description,enginee_site_cleaan.enterby,enginee_site_cleaan.enterdate,enginee_site_cleaan.changeby,enginee_site_cleaan.changedate,enginee_site_cleaan.orgid,enginee_site_cleaan.active,enginee_site_cleaan.siteuid,enginee_site_cleaan.contact,enginee_site_cleaan.contactgroup,enginee_site_cleaan.langcode,enginee_site_cleaan.hasld,enginee_site_cleaan.rowstamp,enginee_site_cleaan.ssqy,enginee_site_cleaan.wdnum,enginee_site_cleaan.istj,enginee_site_cleaan.sfsiteid,enginee_site_cleaan.ssyyzx,enginee_site_cleaan.kydate,enginee_site_cleaan.gctype,enginee_site_cleaan.khdate,enginee_site_cleaan.kcdate
S1003,北京通州万达广场(BJTZ),MAXADMIN,2015-03-14 23:19:01.0,MAXADMIN,2015-03-14 23:19:23.0,G1003,1,161,,,ZH,0,4621387338,101,BJTZ,1,1000772,102,2014-11-29 00:00:00.0,102,2016-01-01 00:00:00.0,2016-01-01 00:00:00.0
S1007,长春重庆路万达广场(CCCQL),MAXADMIN,2015-03-14 20:24:58.0,SHANYUQIN,2016-09-06 09:36:59.0,G1007,1,26,,,ZH,0,4621387339,102,CCCQL,1,1001065,101,2003-01-16 00:00:00.0,101,2016-01-01 00:00:00.0,2016-01-01 00:00:00.0
S1131,黄石万达广场(HS),MAXADMIN,2015-03-14 20:26:29.0,MAXADMIN,2015-03-14 23:07:14.0,G1131,1,27,,,ZH,0,4621387340,130,HS,1,1000887,106,2015-07-03 00:00:00.0,102,2016-01-01 00:00:00.0,2016-01-01 00:00:00.0
S1008,成都金牛万达广场(CDJN),MAXADMIN,2015-03-14 20:27:19.0,MAXADMIN,2015-03-14 23:21:13.0,G1008,1,28,,,ZH,0,4621387341,104,CDJN,1,1000383,108,2012-12-22 00:00:00.0,102,2016-01-01 00:00:00.0,2016-01-01 00:00:00.0
S1009,成都锦华路万达广场(CDJHL),MAXADMIN,2015-03-14 20:28:59.0,V_SUNGUANGCUI,2018-02-12 14:05:22.0,G1009,1,29,,,ZH,0,4621387342,104,CDJHL,1,1000284,108,2007-12-22 00:00:00.0,102,2016-01-01 00:00:00.0,2016-01-01 00:00:00.0
S1130,阜阳颍州万达广场(FYYZ),MAXADMIN,2015-03-14 20:29:52.0,RENHAO,2018-03-22 09:27:05.0,G1130,1,30,,,ZH,0,4621387343,113,FYYZ,1,1001006,109,2015-08-29 00:00:00.0,102,2016-01-01 00:00:00.0,2016-01-01 00:00:00.0
S1129,长沙开福万达广场(CSKF),MAXADMIN,2015-03-14 20:34:27.0,V_SUNGUANGCUI,2018-02-06 09:57:26.0,G1129,1,33,,,ZH,0,4621387344,103,CSKF,1,1000403,109,2013-09-27 00:00:00.0,102,2016-01-01 00:00:00.0,2016-01-01 00:00:00.0
S1128,镇江万达广场(ZJ),MAXADMIN,2015-03-14 20:35:24.0,RENHAO,2018-03-21 18:07:47.0,G1128,1,34,,,ZH,0,4621387345,118,ZJ,1,1000278,103,2011-08-12 00:00:00.0,102,2016-01-01 00:00:00.0,2016-01-01 00:00:00.0
S1012,重庆巴南万达广场(BN),MAXADMIN,2015-03-14 20:36:31.0,MAXADMIN,2015-03-14 23:13:32.0,G1012,1,35,,,ZH,0,4621387346,135,BN,1,1001009,108,2015-10-30 00:00:00.0,102,2016-01-01 00:00:00.0,2016-01-01 00:00:00.0
S1127,金华万达广场(JH),MAXADMIN,2015-03-14 20:37:57.0,MAXADMIN,2015-03-14 23:10:12.0,G1127,1,36,,,ZH,0,4621387347,120,JH,1,1000685,105,2014-07-25 00:00:00.0,102,2016-01-01 00:00:00.0,2016-01-01 00:00:00.0
S1013,常州新北万达广场(CZ),MAXADMIN,2015-03-14 20:39:18.0,SHANYUQIN,2016-09-06 09:44:35.0,G1013,1,37,,,ZH,0,4621387348,129,CZ,1,1000285,103,2011-12-10 00:00:00.0,102,2016-01-01 00:00:00.0,2016-01-01 00:00:00.0
S1014,常州武进万达广场(CZWJ),MAXADMIN,2015-03-14 20:41:42.0,SHANYUQIN,2016-09-06 09:44:43.0,G1014,1,38,,,ZH,0,4621387349,129,CZWJ,1,1000705,103,2014-08-08 00:00:00.0,102,2016-01-01 00:00:00.0,2016-01-01 00:00:00.0
S1126,赤峰万达广场(CF),MAXADMIN,2015-03-14 20:42:34.0,MAXADMIN,2015-03-14 23:07:46.0,G1126,1,39,,,ZH,0,4621387350,114,CF,1,1000644,107,2014-06-20 00:00:00.0,102,2016-01-01 00:00:00.0,2016-01-01 00:00:00.0
S1125,西双版纳万达广场(XSBN),MAXADMIN,2015-03-14 20:44:47.0,MAXADMIN,2017-10-09 10:33:03.0,G1125,1,41,,,ZH,0,4621387351,116,XSBN,1,1000964,108,2015-09-26 00:00:00.0,106,2017-01-01 00:00:00.0,2016-12-15 00:00:00.0
S1016,东莞厚街万达广场(HJ),MAXADMIN,2015-03-14 20:46:21.0,SHANYUQIN,2016-09-06 09:48:04.0,G1016,1,43,,,ZH,0,4621387352,106,HJ,1,1001010,104,2015-11-06 00:00:00.0,102,2016-01-01 00:00:00.0,2016-01-01 00:00:00.0
S1121,芜湖镜湖万达广场(WHJH),MAXADMIN,2015-03-14 20:49:33.0,V_SUNGUANGCUI,2018-02-07 09:42:15.0,G1121,1,47,,,ZH,0,4621387353,113,WHJH,1,1000387,109,2012-09-07 00:00:00.0,102,2016-01-01 00:00:00.0,2016-01-01 00:00:00.0
S1018,大连开发区万达广场(KFQ),MAXADMIN,2015-03-14 20:50:24.0,SHANYUQIN,2016-09-06 09:33:00.0,G1018,1,48,,,ZH,0,4621387354,105,KFQ,1,1001005,101,2015-08-26 00:00:00.0,102,2016-01-01 00:00:00.0,2016-01-01 00:00:00.0
S1037,德州万达广场(DZ),MAXADMIN,2015-03-14 19:18:23.0,MAXADMIN,2015-03-14 23:09:11.0,G1037,1,21,,,ZH,0,4621387355,115,DZ,1,1001011,102,2015-11-07 00:00:00.0,102,2016-01-01 00:00:00.0,2016-01-01 00:00:00.0
S1019,大连高新万达广场(DLGX),MAXADMIN,2015-03-14 21:03:55.0,SHANYUQIN,2016-09-06 09:33:07.0,G1019,1,52,,,ZH,0,4621387356,105,DLGX,1,1000423,101,2013-05-25 00:00:00.0,102,2016-01-01 00:00:00.0,2016-01-01 00:00:00.0
S1119,烟台芝罘万达广场(YTZF),MAXADMIN,2015-03-14 21:05:05.0,SHANYUQIN,2016-09-06 09:40:18.0,G1119,1,53,,,ZH,0,4621388697,121,YTZF,1,1000773,102,2014-11-21 00:00:00.0,102,2016-01-01 00:00:00.0,2016-01-01 00:00:00.0
S1118,潍坊万达广场(WF),MAXADMIN,2015-03-14 21:07:08.0,SHANYUQIN,2016-09-06 09:40:41.0,G1118,1,56,,,ZH,0,4621388698,121,WF,1,1000646,102,2014-05-23 00:00:00.0,102,2016-01-01 00:00:00.0,2016-01-01 00:00:00.0
S1021,福州仓山万达广场(FZCS),MAXADMIN,2015-03-14 21:08:47.0,MAXADMIN,2015-03-14 23:10:59.0,G1021,1,58,,,ZH,0,4621388699,107,FZCS,1,1000268,105,2011-12-02 00:00:00.0,102,2016-01-01 00:00:00.0,2016-01-01 00:00:00.0
S1116,淮安万达广场(HA),MAXADMIN,2015-03-14 21:09:31.0,MAXADMIN,2015-03-14 23:11:12.0,G1116,1,59,,,ZH,0,4621388700,118,HA,1,1000270,103,2011-01-07 00:00:00.0,102,2016-01-01 00:00:00.0,2016-01-01 00:00:00.0
S1115,济宁太白路万达广场(JN),MAXADMIN,2015-03-14 21:10:39.0,MAXADMIN,2015-03-14 23:28:02.0,G1115,1,60,,,ZH,0,4621388701,115,JN,1,1000664,102,2014-07-05 00:00:00.0,102,2016-01-01 00:00:00.0,2016-01-01 00:00:00.0
S1022,福州金融街万达广场(FZJRJ),MAXADMIN,2015-03-14 21:11:26.0,MAXADMIN,2015-03-14 23:11:42.0,G1022,1,61,,,ZH,0,4621388702,107,FZJRJ,1,1000272,105,2010-12-22 00:00:00.0,102,2016-01-01 00:00:00.0,2016-01-01 00:00:00.0
S1114,泰州万达广场(TZ),MAXADMIN,2015-03-14 21:12:53.0,MAXADMIN,2015-03-14 23:12:05.0,G1114,1,63,,,ZH,0,4621388703,118,TZ,1,1000273,103,2011-12-09 00:00:00.0,102,2016-01-01 00:00:00.0,2016-01-01 00:00:00.0
S1024,佛山南海万达广场(FSNH),MAXADMIN,2015-03-14 21:13:43.0,MAXADMIN,2015-03-14 23:27:31.0,G1024,1,64,,,ZH,0,4621388704,109,FSNH,1,1000706,104,2014-08-29 00:00:00.0,102,2016-01-01 00:00:00.0,2016-01-01 00:00:00.0
S1026,广州南沙万达广场(GZNS),MAXADMIN,2015-03-14 21:15:21.0,MAXADMIN,2015-03-14 22:49:11.0,G1026,1,66,,,ZH,0,4621388705,109,GZNS,1,1001015,104,2015-12-22 00:00:00.0,102,2016-01-01 00:00:00.0,2016-01-01 00:00:00.0
S1029,广州白云万达广场(GZBY),MAXADMIN,2015-03-14 21:17:52.0,MAXADMIN,2015-03-14 22:50:49.0,G1029,1,69,,,ZH,0,4621388706,109,GZBY,1,1000280,104,2010-12-17 00:00:00.0,102,2016-01-01 00:00:00.0,2016-01-01 00:00:00.0
S1030,广州萝岗万达广场(BG),MAXADMIN,2015-03-14 21:18:43.0,MAXADMIN,2015-03-14 22:51:11.0,G1030,1,70,,,ZH,0,4621388707,109,BG,1,1000904,104,2015-07-17 00:00:00.0,102,2016-01-01 00:00:00.0,2016-01-01 00:00:00.0
S1032,哈尔滨哈西万达广场(HEBHX),MAXADMIN,2015-03-14 21:20:21.0,MAXADMIN,2015-03-14 22:51:52.0,G1032,1,72,,,ZH,0,4621388708,110,HEBHX,1,1000583,101,2013-09-13 00:00:00.0,102,2016-01-01 00:00:00.0,2016-01-01 00:00:00.0
S1113,桂林高新万达广场(GLGX),MAXADMIN,2015-03-14 21:22:18.0,MAXADMIN,2017-11-14 14:30:32.0,G1113,1,74,,,ZH,0,4621388709,119,GLGX,1,1000924,104,2015-09-12 00:00:00.0,102,2016-01-01 00:00:00.0,2016-01-01 00:00:00.0
S1112,柳州城中万达广场(LZCZ),MAXADMIN,2015-03-14 21:24:02.0,MAXADMIN,2017-11-14 14:31:23.0,G1112,1,76,,,ZH,0,4621388711,119,LZCZ,1,1001012,104,2015-11-27 00:00:00.0,102,2016-01-01 00:00:00.0,2016-01-01 00:00:00.0
S1111,杭州拱墅万达广场(HZGS),MAXADMIN,2015-03-14 21:24:49.0,SHANYUQIN,2016-09-06 09:46:23.0,G1111,1,77,,,ZH,0,4621388712,112,HZGS,1,1000770,105,2014-12-12 00:00:00.0,102,2016-01-01 00:00:00.0,2016-01-01 00:00:00.0
S1110,昆明CBD万达广场(KMCBD),MAXADMIN,2015-03-14 21:25:34.0,SHANYUQIN,2016-09-06 09:41:47.0,G1110,1,78,,,ZH,0,4621388713,116,KMCBD,1,1000744,108,2014-10-31 00:00:00.0,102,2016-01-01 00:00:00.0,2016-01-01 00:00:00.0
S1105,安吉万达广场(AJ),MAXADMIN,2015-03-14 21:30:19.0,SHANYUQIN,2016-09-06 09:50:59.0,G1105,1,84,,,ZH,0,4621388714,119,AJ,1,1000944,104,2015-12-05 00:00:00.0,102,2016-01-01 00:00:00.0,2016-01-01 00:00:00.0
S1036,蚌埠万达广场(BB),MAXADMIN,2015-03-14 21:31:12.0,V_SUNGUANGCUI,2018-02-07 09:45:27.0,G1036,1,85,,,ZH,0,4621388715,113,BB,1,1000623,109,2013-11-29 00:00:00.0,102,2016-01-01 00:00:00.0,2016-01-01 00:00:00.0
S1104,太原龙湖万达广场(TYLH),MAXADMIN,2015-03-14 21:32:01.0,V_SUNGUANGCUI,2018-02-07 10:24:51.0,G1104,1,86,,,ZH,0,4621388716,125,TYLH,1,1001008,106,2015-09-30 00:00:00.0,103,2016-01-01 00:00:00.0,2016-01-01 00:00:00.0
S1038,泰安万达广场(TA),MAXADMIN,2015-03-14 21:34:52.0,MAXADMIN,2015-03-14 23:13:30.0,G1038,1,89,,,ZH,0,4621388717,115,TA,1,1001004,102,2015-08-21 00:00:00.0,102,2016-01-01 00:00:00.0,2016-01-01 00:00:00.0
S1101,唐山路南万达广场(TSLN),MAXADMIN,2015-03-14 21:35:37.0,MAXADMIN,2017-04-17 09:31:47.0,G1101,1,90,,,ZH,0,4621388718,127,TSLN,1,1000323,102,2011-12-23 00:00:00.0,102,2016-01-01 00:00:00.0,2016-01-01 00:00:00.0
S1099,南通万达广场(NT),MAXADMIN,2015-03-14 21:38:08.0,SHANYUQIN,2016-09-06 09:45:53.0,G1099,1,93,,,ZH,0,4621388719,129,NT,1,1001014,103,2015-12-12 00:00:00.0,102,2016-01-01 00:00:00.0,2016-01-01 00:00:00.0
S1098,南宁青秀万达广场(NNQX),MAXADMIN,2015-03-14 21:39:54.0,SHANYUQIN,2016-09-06 09:50:23.0,G1098,1,95,,,ZH,0,4621388720,119,NNQX,1,1000771,104,2014-12-18 00:00:00.0,102,2016-01-01 00:00:00.0,2016-01-01 00:00:00.0
S1097,包头青山万达广场(BTQS),MAXADMIN,2015-03-14 21:40:54.0,MAXADMIN,2017-11-14 14:37:55.0,G1097,1,96,,,ZH,0,4621388721,114,BTQS,1,1000302,107,2010-11-04 00:00:00.0,102,2016-01-01 00:00:00.0,2016-01-01 00:00:00.0
S1041,宁波江北万达广场(NBJB),MAXADMIN,2015-03-14 21:41:47.0,MAXADMIN,2015-03-14 23:15:14.0,G1041,1,97,,,ZH,0,4621388722,120,NBJB,1,1000264,105,2010-12-10 00:00:00.0,102,2016-01-01 00:00:00.0,2016-01-01 00:00:00.0
S1095,兰州城关万达广场(LZCG),MAXADMIN,2015-03-14 21:43:11.0,MAXADMIN,2015-03-14 23:15:25.0,G1095,1,98,,,ZH,0,4621388723,133,LZCG,1,1000765,107,2014-10-24 00:00:00.0,102,2016-01-01 00:00:00.0,2016-01-01 00:00:00.0
S1094,佳木斯万达广场(JMS),MAXADMIN,2015-03-14 21:45:16.0,MAXADMIN,2017-04-12 11:31:00.0,G1094,1,100,,,ZH,0,4621388724,140,JMS,1,1001007,101,2015-09-12 00:00:00.0,102,2016-01-01 00:00:00.0,2016-01-01 00:00:00.0
S1043,绍兴柯桥万达广场(SXKQ),MAXADMIN,2015-03-14 21:46:45.0,SHANYUQIN,2016-09-06 09:47:09.0,G1043,1,102,,,ZH,0,4621388725,112,SXKQ,1,1000295,105,2010-12-17 00:00:00.0,102,2016-01-01 00:00:00.0,2016-01-01 00:00:00.0
S1045,南昌红谷滩万达广场(NCHGT),MAXADMIN,2015-03-14 21:48:24.0,V_SUNGUANGCUI,2018-02-05 10:27:30.0,G1045,1,104,,,ZH,0,4621388726,117,NCHGT,1,1000384,109,2012-08-25 00:00:00.0,102,2016-01-01 00:00:00.0,2016-01-01 00:00:00.0
S1046,南京建邺万达广场(NJJY),MAXADMIN,2015-03-14 21:49:34.0,MAXADMIN,2015-03-14 23:18:08.0,G1046,1,105,,,ZH,0,4621388727,118,NJJY,1,1000289,103,2009-12-18 00:00:00.0,102,2016-01-01 00:00:00.0,2016-01-01 00:00:00.0
S1047,南京江宁万达广场(NJJN),MAXADMIN,2015-03-14 21:50:36.0,MAXADMIN,2015-03-14 23:18:20.0,G1047,1,106,,,ZH,0,4621388728,118,NJJN,1,1000626,103,2013-12-21 00:00:00.0,102,2016-01-01 00:00:00.0,2016-01-01 00:00:00.0
S1048,马鞍山万达广场(MAS),MAXADMIN,2015-03-14 21:51:38.0,V_SUNGUANGCUI,2018-02-07 09:45:41.0,G1048,1,107,,,ZH,0,4621388729,113,MAS,1,1000708,109,2014-09-19 00:00:00.0,102,2016-01-01 00:00:00.0,2016-01-01 00:00:00.0
S1050,青岛台东路万达广场(QDTD),MAXADMIN,2015-03-14 21:53:26.0,SHANYUQIN,2016-09-06 09:39:46.0,G1050,1,109,,,ZH,0,4621388730,121,QDTD,1,1001066,102,2003-09-25 00:00:00.0,101,2016-01-01 00:00:00.0,2016-01-01 00:00:00.0
S1051,青岛李沧万达广场(QDLC),MAXADMIN,2015-03-14 21:54:26.0,SHANYUQIN,2016-09-06 09:39:56.0,G1051,1,110,,,ZH,0,4621388731,121,QDLC,1,1000396,102,2012-09-21 00:00:00.0,102,2016-01-01 00:00:00.0,2016-01-01 00:00:00.0
S1053,泉州万达广场(QZ),MAXADMIN,2015-03-14 21:56:22.0,MAXADMIN,2015-03-14 23:19:18.0,G1053,1,112,,,ZH,0,4621388732,132,QZ,1,1000391,105,2012-09-29 00:00:00.0,102,2016-01-01 00:00:00.0,2016-01-01 00:00:00.0
S1054,莆田万达广场(PT),MAXADMIN,2015-03-14 21:57:19.0,MAXADMIN,2015-03-14 23:19:29.0,G1054,1,113,,,ZH,0,4621388733,107,PT,1,1000393,105,2012-12-15 00:00:00.0,102,2016-01-01 00:00:00.0,2016-01-01 00:00:00.0
S1055,上海五角场万达广场(SHWJC),MAXADMIN,2015-03-14 21:58:31.0,MAXADMIN,2015-03-14 23:17:38.0,G1055,1,114,,,ZH,0,4621388734,122,SHWJC,1,1000107,103,2006-12-23 00:00:00.0,102,2016-01-01 00:00:00.0,2016-01-01 00:00:00.0
S1056,上海周浦万达广场(SHZP),MAXADMIN,2015-03-14 22:00:31.0,MAXADMIN,2015-03-14 23:19:42.0,G1056,1,115,,,ZH,0,4621388735,122,SHZP,1,1000274,103,2009-09-19 00:00:00.0,102,2016-01-01 00:00:00.0,2016-01-01 00:00:00.0
S1057,上海宝山万达广场(SHBS),MAXADMIN,2015-03-14 22:02:01.0,MAXADMIN,2015-03-14 23:19:54.0,G1057,1,117,,,ZH,0,4621388736,122,SHBS,1,1000343,103,2012-06-29 00:00:00.0,102,2016-01-01 00:00:00.0,2016-01-01 00:00:00.0
S1058,上海松江万达广场(SHSJ),MAXADMIN,2015-03-14 22:03:24.0,MAXADMIN,2015-03-14 23:20:05.0,G1058,1,118,,,ZH,0,4621388737,122,SHSJ,1,1000663,103,2014-05-30 00:00:00.0,102,2016-01-01 00:00:00.0,2016-01-01 00:00:00.0
S1061,太仓万达广场(TC),MAXADMIN,2015-03-14 22:04:56.0,SHANYUQIN,2016-09-06 09:45:41.0,G1061,1,120,,,ZH,0,4621388738,129,TC,1,1000395,103,2012-12-07 00:00:00.0,102,2016-01-01 00:00:00.0,2016-01-01 00:00:00.0
S1062,抚顺万达广场(FS),MAXADMIN,2015-03-14 22:05:40.0,RENHAO,2018-03-21 13:41:07.0,G1062,1,121,,,ZH,0,4621388739,123,FS,1,1000547,101,2013-10-25 00:00:00.0,102,2016-12-25 00:00:00.0,2016-12-25 00:00:00.0
S1063,沈阳北一路万达广场(SYBYL),MAXADMIN,2015-03-14 22:06:26.0,RENHAO,2018-03-21 13:41:25.0,G1063,1,122,,,ZH,0,4621388740,123,SYBYL,1,1000392,101,2012-08-31 00:00:00.0,102,2016-12-25 00:00:00.0,2016-12-25 00:00:00.0
S1096,内江万达广场(NJ),MAXADMIN,2015-03-14 22:07:14.0,MAXADMIN,2015-03-14 22:57:38.0,G1096,1,123,,,ZH,0,4621388741,104,NJ,1,1000886,108,2015-06-26 00:00:00.0,102,2016-01-01 00:00:00.0,2016-01-01 00:00:00.0
S1092,东营万达广场(DY),MAXADMIN,2015-03-14 22:08:41.0,MAXADMIN,2015-03-14 23:22:46.0,G1092,1,125,,,ZH,0,4621388742,115,DY,1,1000985,102,2015-08-15 00:00:00.0,102,2016-01-01 00:00:00.0,2016-01-01 00:00:00.0
S1002,北京石景山(BJSJS),MAXADMIN,2015-03-14 19:18:39.0,MAXADMIN,2015-03-14 19:19:56.0,G1002,1,22,,,ZH,0,4621388743,101,BJSJS,1,1000265,102,2008-12-20 00:00:00.0,102,2016-01-01 00:00:00.0,2016-01-01 00:00:00.0
S1091,郑州二七万达广场(ZZEQ),MAXADMIN,2015-03-14 22:09:28.0,V_SUNGUANGCUI,2018-02-07 10:06:42.0,G1091,1,126,,,ZH,0,4621388744,134,ZZEQ,1,1000388,106,2012-10-12 00:00:00.0,102,2016-01-01 00:00:00.0,2016-01-01 00:00:00.0
S1086,漳州碧湖万达广场(ZZ),MAXADMIN,2015-03-14 22:12:55.0,SHANYUQIN,2016-09-06 09:49:39.0,G1086,1,130,,,ZH,0,4621388745,132,ZZ,1,1000397,105,2012-10-26 00:00:00.0,102,2016-01-01 00:00:00.0,2016-01-01 00:00:00.0
S1085,厦门集美万达广场(XMJM),MAXADMIN,2015-03-14 22:13:39.0,SHANYUQIN,2016-09-06 09:49:00.0,G1085,1,131,,,ZH,0,4621388746,132,XMJM,1,1000546,105,2013-06-08 00:00:00.0,102,2016-01-01 00:00:00.0,2016-01-01 00:00:00.0
S1083,西安碑林区万达广场(XABLQ),MAXADMIN,2015-03-14 22:15:33.0,MAXADMIN,2015-03-14 23:01:13.0,G1083,1,133,,,ZH,0,4621388747,131,XABLQ,1,1000293,107,2008-05-16 00:00:00.0,102,2016-01-01 00:00:00.0,2016-01-01 00:00:00.0
S1082,西安民乐园万达广场(XAMLY),MAXADMIN,2015-03-14 22:16:19.0,MAXADMIN,2015-03-14 23:01:36.0,G1082,1,134,,,ZH,0,4621388748,131,XAMLY,1,1000290,107,2009-12-19 00:00:00.0,102,2016-01-01 00:00:00.0,2016-01-01 00:00:00.0
S1080,渭南万达广场(WN),MAXADMIN,2015-03-14 22:17:51.0,MAXADMIN,2015-03-14 23:02:18.0,G1080,1,136,,,ZH,0,4621388749,131,WN,1,1000984,107,2015-08-08 00:00:00.0,102,2016-01-01 00:00:00.0,2016-01-01 00:00:00.0
S1079,温州龙湾万达广场(WZLW),MAXADMIN,2015-03-14 22:18:56.0,MAXADMIN,2015-03-14 23:02:37.0,G1079,1,137,,,ZH,0,4621388750,120,WZLW,1,1000385,105,2012-11-30 00:00:00.0,102,2016-01-01 00:00:00.0,2016-01-01 00:00:00.0
S1078,温州平阳万达广场(WZPY),MAXADMIN,2015-03-14 22:19:42.0,MAXADMIN,2015-03-14 23:02:58.0,G1078,1,138,,,ZH,0,4621388751,120,WZPY,1,1000769,105,2014-12-06 00:00:00.0,102,2016-01-01 00:00:00.0,2016-01-01 00:00:00.0
S1077,江阴万达广场(JY),MAXADMIN,2015-03-14 22:20:29.0,SHANYUQIN,2016-09-06 09:44:18.0,G1077,1,139,,,ZH,0,4621388752,129,JY,1,1000386,103,2012-09-15 00:00:00.0,102,2016-01-01 00:00:00.0,2016-01-01 00:00:00.0
S1076,无锡滨湖万达广场(WXBH),MAXADMIN,2015-03-14 22:21:23.0,SHANYUQIN,2016-09-06 09:43:49.0,G1076,1,140,,,ZH,0,4621388753,129,WXBH,1,1000288,103,2010-09-17 00:00:00.0,102,2016-01-01 00:00:00.0,2016-01-01 00:00:00.0
S1075,无锡惠山万达广场(WXHS),MAXADMIN,2015-03-14 22:22:18.0,SHANYUQIN,2016-09-06 09:43:57.0,G1075,1,141,,,ZH,0,4621388754,129,WXHS,1,1000524,103,2013-06-21 00:00:00.0,102,2016-01-01 00:00:00.0,2016-01-01 00:00:00.0
S1073,武汉菱角湖广场(WHLJHGC),MAXADMIN,2015-03-14 22:24:18.0,MAXADMIN,2015-03-14 23:14:13.0,G1073,1,143,,,ZH,0,4621388755,130,WHLJHGC,1,1000292,106,2010-12-18 00:00:00.0,102,2016-01-01 00:00:00.0,2016-01-01 00:00:00.0
S1072,武汉经开万达广场(WHJK),MAXADMIN,2015-03-14 22:25:06.0,MAXADMIN,2015-03-14 23:14:55.0,G1072,1,144,,,ZH,0,4621388756,130,WHJK,1,1000301,106,2011-08-26 00:00:00.0,102,2016-01-01 00:00:00.0,2016-01-01 00:00:00.0
S1070,武汉中央文化区(WHZYWHQ),MAXADMIN,2015-03-14 22:26:41.0,MAXADMIN,2017-11-14 14:33:26.0,G1070,1,146,,,ZH,0,4621388757,130,WHZYWHQ,1,1000286,106,2011-09-30 00:00:00.0,102,2016-01-01 00:00:00.0,2016-01-01 00:00:00.0
S1069,天津河东万达广场(TJHD),MAXADMIN,2015-03-14 22:27:36.0,SHANYUQIN,2016-09-06 09:39:10.0,G1069,1,147,,,ZH,0,4621388758,127,TJHD,1,1000275,102,2010-11-20 00:00:00.0,102,2016-01-01 00:00:00.0,2016-01-01 00:00:00.0
S1067,苏州吴中万达广场(SZ),MAXADMIN,2015-03-14 22:29:18.0,SHANYUQIN,2016-09-06 09:45:12.0,G1067,1,149,,,ZH,0,4621388759,129,SZ,1,1001013,103,2015-12-11 00:00:00.0,102,2016-01-01 00:00:00.0,2016-01-01 00:00:00.0
S1066,沈阳铁西万达广场(SYTX),MAXADMIN,2015-03-14 22:30:04.0,RENHAO,2018-03-21 13:41:39.0,G1066,1,150,,,ZH,0,4621388760,123,SYTX,1,1000266,101,2010-08-20 00:00:00.0,102,2016-12-25 00:00:00.0,2016-12-25 00:00:00.0
S1065,沈阳奥体万达广场(SYAT),MAXADMIN,2015-03-14 22:30:51.0,RENHAO,2018-03-21 13:41:53.0,G1065,1,151,,,ZH,0,4621388761,123,SYAT,1,1000544,101,2013-07-26 00:00:00.0,102,2016-12-25 00:00:00.0,2016-12-25 00:00:00.0
S1064,沈阳太原街万达广场(SYTYJ),MAXADMIN,2015-03-14 22:31:39.0,RENHAO,2018-03-21 13:42:07.0,G1064,1,152,,,ZH,0,4621388762,123,SYTYJ,1,1000277,101,2009-11-20 00:00:00.0,102,2016-12-25 00:00:00.0,2016-12-25 00:00:00.0
S1133,齐齐哈尔万达广场(QQHE),MAXADMIN,2015-03-14 22:33:09.0,MAXADMIN,2017-04-12 11:32:05.0,G1133,1,154,,,ZH,0,4621388763,140,QQHE,1,1000906,101,2015-07-31 00:00:00.0,102,2016-01-01 00:00:00.0,2016-01-01 00:00:00.0
S1004,廊坊万达广场(LF),MAXADMIN,2015-03-14 22:58:32.0,MAXADMIN,2015-03-14 22:59:05.0,G1004,1,160,,,ZH,0,4621388764,101,LF,1,1000282,102,2011-11-11 00:00:00.0,102,2016-01-01 00:00:00.0,2016-01-01 00:00:00.0
S1142,营口鲅鱼圈万达广场(YKBYQ),MAXADMIN,2016-04-20 10:35:25.0,MAXADMIN,2016-04-20 10:37:31.0,G1142,1,347,,,ZH,0,4621388765,123,YKBYQ,1,1001136,101,2016-11-19 00:00:00.0,104,2017-03-19 00:00:00.0,2017-03-15 00:00:00.0
S1143,辽阳万达广场(LY2),MAXADMIN,2016-04-20 10:38:20.0,RENHAO,2018-03-21 13:43:17.0,G1143,1,348,,,ZH,0,4621388766,123,LY2,1,1001139,101,2017-07-28 00:00:00.0,102,2017-11-25 00:00:00.0,2017-09-26 00:00:00.0
S1145,西宁万达广场(XN),MAXADMIN,2016-04-20 10:46:49.0,MAXADMIN,2016-04-20 10:48:08.0,G1145,1,350,,,ZH,0,4621388767,133,XN,1,1001115,107,2016-07-29 00:00:00.0,102,2016-11-26 00:00:00.0,2016-12-15 00:00:00.0
S1146,乌鲁木齐经开万达广场(WLMQJK),MAXADMIN,2016-04-20 10:49:25.0,MAXADMIN,2017-12-01 10:10:43.0,G1146,1,351,,,ZH,0,4621388768,128,WLMQJK,1,1001119,107,2016-08-12 00:00:00.0,102,2016-12-10 00:00:00.0,2016-11-28 00:00:00.0
S1148,三门峡万达广场(SMX),MAXADMIN,2016-04-20 11:06:49.0,V_SUNGUANGCUI,2018-02-07 10:07:44.0,G1148,1,353,,,ZH,0,4621388769,134,SMX,1,1001129,106,2016-10-21 00:00:00.0,104,2017-02-18 00:00:00.0,2016-12-15 00:00:00.0
S1149,乌海万达广场(WH),MAXADMIN,2016-04-20 11:17:55.0,MAXADMIN,2016-04-20 11:19:09.0,G1149,1,354,,,ZH,0,4621388770,114,WH,1,1001109,107,2016-06-25 00:00:00.0,102,2016-10-23 00:00:00.0,2016-12-15 00:00:00.0
S1151,鸡西万达广场(JX),MAXADMIN,2016-04-20 11:23:03.0,MAXADMIN,2017-04-12 11:31:26.0,G1151,1,356,,,ZH,0,4621388771,140,JX,1,1001112,101,2016-07-15 00:00:00.0,102,2016-11-12 00:00:00.0,2016-12-15 00:00:00.0
S1152,牡丹江万达广场(MDJ),MAXADMIN,2016-04-20 11:25:59.0,MAXADMIN,2017-04-12 11:31:43.0,G1152,1,357,,,ZH,0,4621388772,140,MDJ,1,1001113,101,2016-07-22 00:00:00.0,102,2016-11-19 00:00:00.0,2016-12-15 00:00:00.0
S1153,亳州万达广场(BZ),MAXADMIN,2016-04-20 15:06:37.0,V_SUNGUANGCUI,2018-02-07 09:46:57.0,G1153,1,358,,,ZH,0,4621388773,113,BZ,1,1001117,109,2016-08-12 00:00:00.0,102,2016-12-10 00:00:00.0,2016-12-15 00:00:00.0
S1155,宿州万达广场(SZ),MAXADMIN,2016-04-20 15:11:16.0,V_SUNGUANGCUI,2018-02-07 09:47:30.0,G1155,1,360,,,ZH,0,4621388774,113,SZ,1,1001141,109,2016-12-02 00:00:00.0,102,2017-04-01 00:00:00.0,2017-03-15 00:00:00.0
S1156,阜阳颍泉万达广场(FYYQ),MAXADMIN,2016-04-20 15:15:13.0,V_SUNGUANGCUI,2018-02-07 09:47:44.0,G1156,1,361,,,ZH,0,4621388775,113,FYYQ,1,1001150,109,2017-06-16 00:00:00.0,104,2017-10-14 00:00:00.0,2017-03-15 00:00:00.0
S1157,六安万达广场(LA),MAXADMIN,2016-04-20 15:17:18.0,V_SUNGUANGCUI,2018-02-07 09:48:00.0,G1157,1,362,,,ZH,0,4621388776,113,LA,1,1001154,109,2016-12-31 00:00:00.0,104,2017-04-30 00:00:00.0,2017-03-15 00:00:00.0
S1158,济南高新万达广场(JNGX),MAXADMIN,2016-04-20 15:19:29.0,MAXADMIN,2016-04-20 15:19:46.0,G1158,1,363,,,ZH,0,4621388777,115,JNGX,1,1001108,102,2016-06-18 00:00:00.0,102,2016-10-16 00:00:00.0,2016-12-15 00:00:00.0
S1159,烟台开发区万达广场(YTKFQ),MAXADMIN,2016-04-20 15:22:10.0,SHANYUQIN,2016-09-06 09:40:27.0,G1159,1,364,,,ZH,0,4621388778,121,YTKFQ,1,1001147,102,2016-12-23 00:00:00.0,104,2017-04-22 00:00:00.0,2017-03-15 00:00:00.0
S1160,滨州万达广场(BZ),MAXADMIN,2016-04-20 15:24:42.0,MAXADMIN,2016-04-20 15:24:58.0,G1160,1,365,,,ZH,0,4621388779,115,BZ,1,1001152,102,2016-12-30 00:00:00.0,104,2017-04-29 00:00:00.0,2017-03-15 00:00:00.0
S1161,徐州铜山万达广场(XZTS),MAXADMIN,2016-04-20 15:26:51.0,MAXADMIN,2016-04-20 15:27:10.0,G1161,1,366,,,ZH,0,4621388780,118,XZTS,1,1001132,103,2016-10-28 00:00:00.0,102,2017-02-15 00:00:00.0,2016-12-15 00:00:00.0
S1162,连云港万达广场(LYG),MAXADMIN,2016-04-20 15:28:57.0,MAXADMIN,2017-01-24 15:41:21.0,G1162,1,367,,,ZH,0,4621388781,118,LYG,1,1001135,103,2016-11-18 00:00:00.0,104,2017-03-18 00:00:00.0,2017-03-15 00:00:00.0
S1163,荆门万达广场(JM1),MAXADMIN,2016-04-20 15:31:28.0,MAXADMIN,2016-09-07 14:45:53.0,G1163,1,368,,,ZH,0,4621388782,130,JM1,1,1001104,106,2016-06-03 00:00:00.0,102,2016-10-01 00:00:00.0,2016-12-15 00:00:00.0
S1164,十堰万达广场(SY),MAXADMIN,2016-04-20 15:33:21.0,MAXADMIN,2016-04-20 15:33:48.0,G1164,1,369,,,ZH,0,4621388783,130,SY,1,1001116,106,2016-08-05 00:00:00.0,102,2016-12-03 00:00:00.0,2016-12-15 00:00:00.0
S1165,台州经开万达广场(TZJK),MAXADMIN,2016-04-20 15:35:34.0,MAXADMIN,2016-04-20 15:36:00.0,G1165,1,370,,,ZH,0,4621388784,120,TZJK,1,1001106,105,2016-06-17 00:00:00.0,102,2016-10-15 00:00:00.0,2016-12-15 00:00:00.0
S1166,义乌万达广场(YW),MAXADMIN,2016-04-20 15:37:50.0,MAXADMIN,2016-04-20 15:38:08.0,G1166,1,371,,,ZH,0,4621388785,120,YW,1,1001118,105,2016-09-16 00:00:00.0,102,2017-01-14 00:00:00.0,2016-12-15 00:00:00.0
S1168,湖州万达广场(HZ),MAXADMIN,2016-04-20 15:43:19.0,SHANYUQIN,2016-09-06 09:46:54.0,G1168,1,373,,,ZH,0,4621388786,112,HZ,1,1001149,105,2016-12-29 00:00:00.0,104,2017-04-28 00:00:00.0,2017-03-15 00:00:00.0
S1171,德阳万达广场(DY),MAXADMIN,2016-04-20 15:50:06.0,MAXADMIN,2016-04-20 15:50:24.0,G1171,1,376,,,ZH,0,4621388787,104,DY,1,1001125,108,2016-09-17 00:00:00.0,104,2017-01-15 00:00:00.0,2016-12-15 00:00:00.0
S1172,乐山万达广场(LS),MAXADMIN,2016-04-20 15:53:12.0,MAXADMIN,2016-04-20 15:53:37.0,G1172,1,377,,,ZH,0,4621388788,104,LS,1,1001126,108,2016-09-23 00:00:00.0,104,2017-01-21 00:00:00.0,2016-12-15 00:00:00.0
S1174,成都青羊万达广场(CDQY),MAXADMIN,2016-04-20 15:59:27.0,MAXADMIN,2016-04-20 15:59:43.0,G1174,1,379,,,ZH,0,4621388789,104,CDQY,1,1001142,108,2016-12-10 00:00:00.0,102,2017-04-09 00:00:00.0,2017-03-15 00:00:00.0
S1176,重庆永川万达广场(CQYC),MAXADMIN,2016-04-20 16:08:15.0,MAXADMIN,2016-04-20 16:08:38.0,G1176,1,381,,,ZH,0,4621388790,135,CQYC,1,1001123,108,2016-09-16 00:00:00.0,104,2017-01-14 00:00:00.0,2016-12-15 00:00:00.0
S1177,柳州柳南万达广场(LZLN),MAXADMIN,2016-04-20 16:21:11.0,SHANYUQIN,2016-09-06 09:50:46.0,G1177,1,382,,,ZH,0,4621388791,119,LZLN,1,1001156,104,2016-12-31 00:00:00.0,104,2017-04-30 00:00:00.0,2017-03-15 00:00:00.0
S1179,梅州万达广场(MZ),MAXADMIN,2016-04-20 16:27:04.0,SHANYUQIN,2016-09-06 09:48:37.0,G1179,1,384,,,ZH,0,4621388792,106,MZ,1,1001127,104,2016-09-23 00:00:00.0,104,2017-01-21 00:00:00.0,2016-12-15 00:00:00.0
S1180,佛山三水万达广场(FSSS),MAXADMIN,2016-04-20 16:39:19.0,MAXADMIN,2016-04-20 16:39:42.0,G1180,1,385,,,ZH,0,4621388793,109,FSSS,1,1001133,104,2016-11-18 00:00:00.0,104,2017-03-18 00:00:00.0,2017-03-15 00:00:00.0
S1181,东莞虎门万达广场(DGHM),MAXADMIN,2016-04-20 16:43:06.0,SHANYUQIN,2016-09-06 09:48:20.0,G1181,1,386,,,ZH,0,4621388794,106,DGHM,1,1001143,104,2016-12-16 00:00:00.0,102,2017-04-15 00:00:00.0,2017-03-15 00:00:00.0
S1182,海口秀英万达广场(HKXY),MAXADMIN,2016-04-20 17:02:39.0,MAXADMIN,2017-03-09 16:29:04.0,G1182,1,387,,,ZH,0,4621388795,109,HKXY,1,1001148,104,2016-12-23 00:00:00.0,102,2017-04-22 00:00:00.0,2017-03-15 00:00:00.0
S1183,清远万达广场(QY),MAXADMIN,2016-04-20 17:13:45.0,MAXADMIN,2016-04-20 17:14:05.0,G1183,1,388,,,ZH,0,4621388796,109,QY,1,1001284,104,2016-12-29 00:00:00.0,104,2017-04-28 00:00:00.0,2017-03-15 00:00:00.0
S1185,三明万达广场(SM),MAXADMIN,2016-04-20 17:19:18.0,MAXADMIN,2016-04-20 17:19:36.0,G1185,1,390,,,ZH,0,4621388797,107,SM,1,1001153,105,2016-12-30 00:00:00.0,104,2017-04-29 00:00:00.0,2017-03-15 00:00:00.0
S1186,湘潭万达广场(XT),MAXADMIN,2016-04-20 17:32:14.0,V_SUNGUANGCUI,2018-02-06 09:58:25.0,G1186,1,391,,,ZH,0,4621388798,103,XT,1,1001105,109,2016-06-10 00:00:00.0,102,2016-10-08 00:00:00.0,2016-12-15 00:00:00.0
S1187,常德万达广场(CD),MAXADMIN,2016-04-20 17:33:59.0,V_SUNGUANGCUI,2018-02-06 09:59:19.0,G1187,1,392,,,ZH,0,4621388799,103,CD,1,1001124,109,2016-09-16 00:00:00.0,104,2017-01-14 00:00:00.0,2016-12-15 00:00:00.0
S1188,宜春万达广场(YC),MAXADMIN,2016-04-20 17:38:24.0,V_SUNGUANGCUI,2018-02-05 10:28:23.0,G1188,1,393,,,ZH,0,4621388800,117,YC,1,1001130,109,2016-10-21 00:00:00.0,104,2017-02-18 00:00:00.0,2016-12-15 00:00:00.0
S1189,上饶万达广场(SR),MAXADMIN,2016-04-20 17:46:39.0,V_SUNGUANGCUI,2018-02-05 10:28:37.0,G1189,1,394,,,ZH,0,4621388801,117,SR,1,1001137,109,2016-11-25 00:00:00.0,102,2017-03-25 00:00:00.0,2017-03-15 00:00:00.0
S1190,抚州万达广场(FZ),MAXADMIN,2016-04-20 17:56:37.0,V_SUNGUANGCUI,2018-02-05 10:28:51.0,G1190,1,395,,,ZH,0,4621388802,117,FZ,1,1001151,109,2017-06-16 00:00:00.0,102,2017-10-14 00:00:00.0,2017-09-14 00:00:00.0
S1191,益阳万达广场(YY),MAXADMIN,2016-04-20 18:00:09.0,V_SUNGUANGCUI,2018-02-06 09:58:53.0,G1191,1,396,,,ZH,0,4621388803,103,YY,1,1001155,109,2017-06-23 00:00:00.0,102,2017-10-21 00:00:00.0,2017-09-21 00:00:00.0
S1194,咸阳丽彩万达广场(XYLC),MAXADMIN,2016-12-07 10:37:44.0,SSUNMINGMING,2018-02-01 17:21:41.0,G1194,1,467,,,ZH,0,4621388804,131,XYLC,1,1001384,107,2017-01-20 00:00:00.0,104,2017-05-20 00:00:00.0,2017-04-20 00:00:00.0
S1010,重庆万州万达广场(CQWZ),MAXADMIN,2015-03-14 20:30:36.0,MAXADMIN,2015-03-14 23:30:05.0,G1010,1,31,,,ZH,0,4621388805,135,CQWZ,1,1000563,108,2013-07-05 00:00:00.0,102,2016-01-01 00:00:00.0,2016-01-01 00:00:00.0
S1033,哈尔滨香坊万达广场(HEBXF),MAXADMIN,2015-03-14 21:21:11.0,MAXADMIN,2015-03-14 22:52:19.0,G1033,1,73,,,ZH,0,4621388806,110,HEBXF,1,1000297,101,2007-10-25 00:00:00.0,102,2016-01-01 00:00:00.0,2016-01-01 00:00:00.0
S1040,余姚万达广场(YY),MAXADMIN,2015-03-14 21:39:01.0,MAXADMIN,2015-03-14 23:14:42.0,G1040,1,94,,,ZH,0,4621388807,120,YY,1,1000543,105,2013-10-18 00:00:00.0,102,2016-01-01 00:00:00.0,2016-01-01 00:00:00.0
S1020,宁德万达广场(ND),MAXADMIN,2015-03-14 21:06:08.0,MAXADMIN,2015-03-14 23:10:19.0,G1020,1,54,,,ZH,0,4621388808,107,ND,1,1000389,105,2012-08-11 00:00:00.0,102,2016-01-01 00:00:00.0,2016-01-01 00:00:00.0
S1193,南昌万达茂(NCWDM),MAXADMIN,2016-04-21 13:45:07.0,ZHAOZHONGJIE,2018-05-11 16:37:21.0,G1193,1,397,,,ZH,0,4911938593,117,NCWDM,1,1001704,109,2016-05-28 00:00:00.0,106,2017-05-15 00:00:00.0,2017-04-15 00:00:00.0
S1192,合肥万达茂(HFWDM),MAXADMIN,2016-04-21 13:45:33.0,V_SUNGUANGCUI,2018-02-07 09:48:29.0,G1192,1,398,,,ZH,0,4621388810,113,HFWDM,1,1001664,109,2016-09-24 00:00:00.0,106,2017-05-15 00:00:00.0,2017-04-15 00:00:00.0
S1120,石家庄裕华万达广场(SJZYH),MAXADMIN,2015-03-14 21:02:55.0,MAXADMIN,2017-04-17 09:31:27.0,G1120,1,51,,,ZH,0,4621388811,101,SJZYH,1,1000269,102,2011-09-23 00:00:00.0,102,2016-01-01 00:00:00.0,2016-01-01 00:00:00.0
S1025,广东江门万达广场(JM),MAXADMIN,2015-03-14 21:14:39.0,MAXADMIN,2015-03-14 22:48:45.0,G1025,1,65,,,ZH,0,4621388812,109,JM,1,1000767,104,2014-11-28 00:00:00.0,102,2016-01-01 00:00:00.0,2016-01-01 00:00:00.0
S1108,广元万达广场(GY),MAXADMIN,2015-03-14 21:27:21.0,MAXADMIN,2015-03-14 22:55:17.0,G1108,1,80,,,ZH,0,4621388813,104,GY,1,1000864,108,2015-06-05 00:00:00.0,102,2016-01-01 00:00:00.0,2016-01-01 00:00:00.0
S1100,呼和浩特万达广场(HHHT),MAXADMIN,2015-03-14 21:36:38.0,MAXADMIN,2015-03-14 23:14:07.0,G1100,1,91,,,ZH,0,4621388814,114,HHHT,1,1000303,107,2010-11-05 00:00:00.0,102,2016-01-01 00:00:00.0,2016-01-01 00:00:00.0
S1015,东莞东城万达广场(DGDC),MAXADMIN,2015-03-14 20:43:55.0,MAXADMIN,2017-11-23 11:15:53.0,G1015,1,40,,,ZH,0,4621388815,106,DGDC,1,1000707,104,2014-09-12 00:00:00.0,102,2016-01-01 00:00:00.0,2016-01-01 00:00:00.0
S1169,成都蜀都万达广场(CDSD),MAXADMIN,2016-04-20 15:45:45.0,MAXADMIN,2016-04-20 15:46:03.0,G1169,1,374,,,ZH,1,4621388816,104,CDSD,1,1001084,108,2016-04-28 00:00:00.0,102,2016-08-26 00:00:00.0,2016-12-15 00:00:00.0
S1154,合肥瑶海万达广场(HFYH),MAXADMIN,2016-04-20 15:08:59.0,V_SUNGUANGCUI,2018-02-07 09:47:14.0,G1154,1,359,,,ZH,0,4621388817,113,HFYH,1,1001120,109,2016-09-09 00:00:00.0,102,2017-01-07 00:00:00.0,2016-12-15 00:00:00.0
S1144,朝阳万达广场(CY),MAXADMIN,2016-04-20 10:44:03.0,MAXADMIN,2016-04-20 10:45:53.0,G1144,1,349,,,ZH,0,4621388818,123,CY,1,1001140,101,2016-11-26 00:00:00.0,104,2017-03-26 00:00:00.0,2017-03-15 00:00:00.0
S1011,重庆南坪万达广场(CQNP),MAXADMIN,2015-03-14 20:31:27.0,MAXADMIN,2015-03-14 23:08:37.0,G1011,1,32,,,ZH,0,4621388819,135,CQNP,1,1000294,108,2009-12-11 00:00:00.0,102,2016-01-01 00:00:00.0,2016-01-01 00:00:00.0
S1117,满洲里万达广场(MZL),MAXADMIN,2015-03-14 21:08:03.0,MAXADMIN,2015-03-14 23:10:46.0,G1117,1,57,,,ZH,0,4621388820,114,MZL,1,1000645,107,2014-06-27 00:00:00.0,102,2016-01-01 00:00:00.0,2016-01-01 00:00:00.0
S1109,徐州云龙万达广场(XZ),MAXADMIN,2015-03-14 21:26:31.0,MAXADMIN,2015-03-14 23:37:05.0,G1109,1,79,,,ZH,0,4621388821,118,XZ,1,1000624,103,2013-12-06 00:00:00.0,102,2016-01-01 00:00:00.0,2016-01-01 00:00:00.0
S1049,青岛CBD万达广场(QDCBD),MAXADMIN,2015-03-14 21:52:31.0,SHANYUQIN,2016-09-06 09:39:35.0,G1049,1,108,,,ZH,0,4621388822,121,QDCBD,1,1000271,102,2009-11-27 00:00:00.0,102,2016-01-01 00:00:00.0,2016-01-01 00:00:00.0
S1090,郑州中原万达广场(ZZZY),MAXADMIN,2015-03-14 22:10:25.0,V_SUNGUANGCUI,2018-02-07 10:06:59.0,G1090,1,127,,,ZH,0,4621388823,134,ZZZY,1,1000287,106,2011-10-28 00:00:00.0,102,2016-01-01 00:00:00.0,2016-01-01 00:00:00.0
S1068,苏州平江万达广场(SZPJ),MAXADMIN,2015-03-14 22:28:35.0,SHANYUQIN,2016-09-06 09:45:04.0,G1068,1,148,,,ZH,0,4621388824,129,SZPJ,1,1000296,103,2009-09-17 00:00:00.0,102,2016-01-01 00:00:00.0,2016-01-01 00:00:00.0
S1089,龙岩万达广场(LY1),MAXADMIN,2015-03-14 19:24:30.0,MAXADMIN,2017-01-17 09:53:51.0,G1089,1,23,,,ZH,0,4621388825,132,LY1,1,1000766,105,2014-11-07 00:00:00.0,102,2016-01-01 00:00:00.0,2016-01-01 00:00:00.0
S1195,大连甘井子万达广场(DLGJZ),MAXADMIN,2017-01-06 14:37:38.0,MAXADMIN,2017-01-06 14:40:33.0,G1195,1,542,,,ZH,0,4621388826,105,DLGJZ,1,1001564,101,2017-09-29 00:00:00.0,102,2018-01-27 00:00:00.0,2017-12-28 00:00:00.0
S1218,昆山万达广场(KS),MAXADMIN,2017-01-06 15:08:58.0,MAXADMIN,2017-01-06 15:10:53.0,G1218,1,545,,,ZH,0,4621388827,129,KS,1,1001604,103,2017-07-07 00:00:00.0,102,2017-11-04 00:00:00.0,2017-10-05 00:00:00.0
S1235,酒泉万达广场(JQ),MAXADMIN,2017-01-06 17:57:56.0,MAXADMIN,2017-01-06 18:00:25.0,G1235,1,579,,,ZH,0,4621388828,133,JQ,1,1001631,107,2017-11-10 00:00:00.0,104,2018-03-10 00:00:00.0,2018-02-08 00:00:00.0
S1214,扬州邗江万达广场(YZHJ),MAXADMIN,2017-01-06 18:11:12.0,MAXADMIN,2017-01-06 18:12:24.0,G1214,1,581,,,ZH,0,4649216197,118,YZHJ,1,1001639,103,2017-12-08 00:00:00.0,102,2018-04-07 00:00:00.0,2018-03-08 00:00:00.0
S1236,丹寨万达小镇(DZWDXZ),MAXADMIN,2017-01-09 10:33:09.0,MAXADMIN,2017-10-16 09:16:58.0,G1236,1,582,,,ZH,0,4621388830,116,DZWDXZ,1,1001650,108,2017-07-03 00:00:00.0,103,2017-10-31 00:00:00.0,2017-09-30 00:00:00.0
S1237,重庆北碚万达广场(CQBB),MAXADMIN,2017-01-09 10:54:25.0,MAXADMIN,2017-01-09 10:59:34.0,G1237,1,584,,,ZH,0,4621388831,135,CQBB,1,1001544,108,2017-08-25 00:00:00.0,104,2017-12-23 00:00:00.0,2017-11-23 00:00:00.0
S1215,衢州万达广场(QZ),MAXADMIN,2017-01-09 11:03:38.0,MAXADMIN,2017-01-09 12:03:05.0,G1215,1,585,,,ZH,0,4705590833,120,QZ,1,1001643,105,2017-12-15 00:00:00.0,104,2018-04-14 00:00:00.0,2018-03-15 00:00:00.0
S1216,上海闵行颛桥万达广场(SHMHZQ),MAXADMIN,2017-01-09 11:26:25.0,MAXADMIN,2017-01-09 11:28:07.0,G1216,1,586,,,ZH,0,4755758114,122,SHMHZQ,1,1001646,103,2017-12-22 00:00:00.0,104,2018-04-21 00:00:00.0,2018-03-22 00:00:00.0
S1217,常熟万达广场(CS),MAXADMIN,2017-01-09 11:53:55.0,MAXADMIN,2017-01-09 11:55:18.0,G1217,1,587,,,ZH,0,4621388834,129,CS,1,1001605,103,2017-07-22 00:00:00.0,102,2017-11-19 00:00:00.0,2017-10-20 00:00:00.0
S1238,重庆綦江万达广场(CQQJ),MAXADMIN,2017-01-09 14:39:08.0,MAXADMIN,2017-01-09 14:40:46.0,G1238,1,588,,,ZH,0,4621388835,135,CQQJ,1,1001629,108,2017-10-27 00:00:00.0,104,2018-02-24 00:00:00.0,2018-01-25 00:00:00.0
S1239,铜陵万达广场(TL),MAXADMIN,2017-01-09 14:48:47.0,V_SUNGUANGCUI,2018-02-07 09:46:15.0,G1239,1,589,,,ZH,0,4621388836,113,TL,1,1001633,109,2017-11-10 00:00:00.0,104,2018-03-10 00:00:00.0,2018-02-08 00:00:00.0
S1240,九江万达广场(JJ),MAXADMIN,2017-01-09 14:57:55.0,V_SUNGUANGCUI,2018-02-05 10:27:54.0,G1240,1,590,,,ZH,0,4621388837,117,JJ,1,1001504,109,2017-07-08 00:00:00.0,104,2017-11-05 00:00:00.0,2017-10-06 00:00:00.0
S1241,南昌西湖万达广场(NCXH),MAXADMIN,2017-01-09 15:22:11.0,V_SUNGUANGCUI,2018-02-05 10:28:09.0,G1241,1,591,,,ZH,0,4621388838,117,NCXH,1,1001464,109,2017-06-23 00:00:00.0,104,2017-10-21 00:00:00.0,2017-09-21 00:00:00.0
S1242,衡阳万达广场(HY),MAXADMIN,2017-01-09 15:38:49.0,V_SUNGUANGCUI,2018-02-06 09:57:40.0,G1242,1,593,,,ZH,0,4621388839,103,HY,1,1001627,109,2017-09-29 00:00:00.0,104,2018-01-27 00:00:00.0,2017-12-28 00:00:00.0
S1005,长春宽城万达广场(CCKC),MAXADMIN,2015-03-14 22:56:53.0,SHANYUQIN,2016-09-06 09:37:06.0,G1005,1,159,,,ZH,0,4621388840,102,CCKC,1,1000463,101,2013-08-16 00:00:00.0,102,2016-01-01 00:00:00.0,2016-01-01 00:00:00.0
S1123,营口万达广场(YK),MAXADMIN,2015-03-14 20:47:09.0,RENHAO,2018-03-21 13:40:45.0,G1123,1,44,,,ZH,0,4621388841,123,YK,1,1000885,101,2015-06-19 00:00:00.0,102,2016-12-25 00:00:00.0,2016-12-25 00:00:00.0
S1028,广州番禺万达广场(GZPY),MAXADMIN,2015-03-14 21:17:05.0,MAXADMIN,2015-03-14 22:50:28.0,G1028,1,68,,,ZH,0,4621388842,109,GZPY,1,1000503,104,2014-11-08 00:00:00.0,102,2016-01-01 00:00:00.0,2016-01-01 00:00:00.0
S1039,济南魏家庄万达广场(JNWJZ),MAXADMIN,2015-03-14 21:37:23.0,MAXADMIN,2015-03-14 23:14:18.0,G1039,1,92,,,ZH,0,4621388843,115,JNWJZ,1,1000263,102,2010-11-19 00:00:00.0,102,2016-01-01 00:00:00.0,2016-01-01 00:00:00.0
S1044,南昌八一万达广场(NCBY),MAXADMIN,2015-03-14 21:47:32.0,V_SUNGUANGCUI,2018-02-05 10:26:58.0,G1044,1,103,,,ZH,0,4621388844,117,NCBY,1,1001064,109,2003-08-28 00:00:00.0,101,2016-01-01 00:00:00.0,2016-01-01 00:00:00.0
S1060,上海金山万达广场(JS),MAXADMIN,2015-03-14 22:08:00.0,MAXADMIN,2015-03-14 22:57:58.0,G1060,1,124,,,ZH,0,4621388845,122,JS,1,1000905,103,2015-07-18 00:00:00.0,102,2016-01-01 00:00:00.0,2016-01-01 00:00:00.0
S1074,宜兴万达广场(YX),MAXADMIN,2015-03-14 22:23:11.0,SHANYUQIN,2016-09-06 09:45:29.0,G1074,1,142,,,ZH,0,4621388846,129,YX,1,1000523,103,2013-05-31 00:00:00.0,102,2016-01-01 00:00:00.0,2016-01-01 00:00:00.0
S1150,通辽万达广场(TL),MAXADMIN,2016-04-20 11:20:49.0,MAXADMIN,2016-04-20 11:21:20.0,G1150,1,355,,,ZH,0,4621388847,114,TL,1,1001114,107,2016-07-22 00:00:00.0,102,2016-11-19 00:00:00.0,2016-12-15 00:00:00.0
S1167,绍兴上虞万达广场(SXSY),MAXADMIN,2016-04-20 15:40:08.0,SHANYUQIN,2016-09-06 09:47:16.0,G1167,1,372,,,ZH,0,4621388848,112,SXSY,1,1001138,105,2016-11-25 00:00:00.0,104,2017-03-25 00:00:00.0,2017-03-15 00:00:00.0
S1184,漳州台商万达广场(ZZTS),MAXADMIN,2016-04-20 17:16:38.0,SHANYUQIN,2016-09-06 09:49:46.0,G1184,1,389,,,ZH,0,4621388849,132,ZZTS,1,1001128,105,2017-01-06 00:00:00.0,102,2017-05-06 00:00:00.0,2017-03-15 00:00:00.0
S1137,北京丰台科技园万达广场(BJFTKJY),MAXADMIN,2016-04-19 13:35:31.0,MAXADMIN,2016-04-19 13:40:16.0,G1137,1,342,,,ZH,0,4621388850,101,BJFTKJY,1,1001145,102,2016-12-22 00:00:00.0,102,2017-04-21 00:00:00.0,2017-03-15 00:00:00.0
S1138,北京槐房万达广场(BJHF),MAXADMIN,2016-04-19 14:34:31.0,MAXADMIN,2016-04-19 14:42:51.0,G1138,1,343,,,ZH,0,4621388851,101,BJHF,1,1001146,102,2016-12-22 00:00:00.0,104,2017-04-21 00:00:00.0,2017-03-15 00:00:00.0
S1139,四平万达广场(SP),MAXADMIN,2016-04-19 14:45:29.0,SHANYUQIN,2016-09-06 09:37:52.0,G1139,1,344,,,ZH,0,4621388852,102,SP,1,1001111,101,2016-07-01 00:00:00.0,102,2016-10-29 00:00:00.0,2016-12-15 00:00:00.0
S1140,延吉万达广场(YJ),MAXADMIN,2016-04-19 15:02:09.0,SHANYUQIN,2016-09-06 09:38:09.0,G1140,1,345,,,ZH,0,4621388853,102,YJ,1,1001121,101,2016-09-09 00:00:00.0,102,2017-01-07 00:00:00.0,2016-12-15 00:00:00.0
S1141,盘锦万达广场(PJ),MAXADMIN,2016-04-19 15:18:31.0,MAXADMIN,2016-04-19 15:20:39.0,G1141,1,346,,,ZH,0,4621388854,123,PJ,1,1001122,101,2016-09-09 00:00:00.0,102,2017-01-07 00:00:00.0,2016-12-15 00:00:00.0
S1106,安阳万达广场(AY),MAXADMIN,2015-03-14 21:29:38.0,V_SUNGUANGCUI,2018-02-07 10:06:26.0,G1106,1,83,,,ZH,0,4621388855,134,AY,1,1000907,106,2015-07-25 00:00:00.0,102,2016-01-01 00:00:00.0,2016-01-01 00:00:00.0
S1052,晋江万达广场(JJ),MAXADMIN,2015-03-14 21:55:28.0,MAXADMIN,2017-01-17 09:54:28.0,G1052,1,111,,,ZH,0,4621388856,132,JJ,1,1000390,105,2012-08-10 00:00:00.0,102,2016-01-01 00:00:00.0,2016-01-01 00:00:00.0
S1088,银川金凤万达广场(YCJF),MAXADMIN,2015-03-14 22:11:10.0,MAXADMIN,2015-03-14 22:59:23.0,G1088,1,128,,,ZH,0,4621388857,133,YCJF,1,1000283,107,2011-09-09 00:00:00.0,102,2016-01-01 00:00:00.0,2016-01-01 00:00:00.0
S1071,武汉汉街万达广场(WHHJWD),MAXADMIN,2015-03-14 22:25:50.0,MAXADMIN,2015-03-14 23:15:06.0,G1071,1,145,,,ZH,0,4621388858,130,WHHJWD,1,1000483,106,2013-09-28 00:00:00.0,102,2016-01-01 00:00:00.0,2016-01-01 00:00:00.0
S1006,长春红旗街万达广场(CCHQJ),MAXADMIN,2015-03-14 20:23:48.0,SHANYUQIN,2016-09-06 09:34:08.0,G1006,1,25,,,ZH,0,4621388859,102,CCHQJ,1,1000276,101,2010-10-29 00:00:00.0,102,2016-01-01 00:00:00.0,2016-01-01 00:00:00.0
S1027,广州增城万达广场(GZZC),MAXADMIN,2015-03-14 21:16:11.0,MAXADMIN,2015-03-14 22:50:05.0,G1027,1,67,,,ZH,0,4621388860,109,GZZC,1,1000643,104,2014-05-16 00:00:00.0,102,2016-01-01 00:00:00.0,2016-01-01 00:00:00.0
S1093,丹东万达广场(DD),MAXADMIN,2015-03-14 21:46:00.0,RENHAO,2018-03-21 13:40:56.0,G1093,1,101,,,ZH,0,4621388861,123,DD,1,1000625,101,2013-12-20 00:00:00.0,102,2016-12-25 00:00:00.0,2016-12-25 00:00:00.0
S1059,上海江桥万达广场(SHJQ),MAXADMIN,2015-03-14 22:04:11.0,MAXADMIN,2015-03-14 23:20:02.0,G1059,1,119,,,ZH,0,4621388862,122,SHJQ,1,1000108,103,2011-06-18 00:00:00.0,102,2016-01-01 00:00:00.0,2016-01-01 00:00:00.0
S1132,洛阳万达广场(LY),MAXADMIN,2015-03-14 22:32:26.0,V_SUNGUANGCUI,2018-02-07 10:07:15.0,G1132,1,153,,,ZH,0,4621388863,134,LY,1,1000300,106,2009-12-22 00:00:00.0,102,2016-01-01 00:00:00.0,2016-01-01 00:00:00.0
S1196,大连普兰店万达广场(DLPLD),MAXADMIN,2017-01-06 14:56:29.0,MAXADMIN,2017-06-22 17:31:33.0,G1196,1,543,,,ZH,0,4621388864,105,DLPLD,1,1001285,101,2017-07-29 00:00:00.0,104,2017-11-26 00:00:00.0,2017-10-27 00:00:00.0
S1197,大连庄河万达广场(DLZH),MAXADMIN,2017-01-06 15:11:01.0,MAXADMIN,2017-01-06 15:14:13.0,G1197,1,546,,,ZH,0,4621388865,105,DLZH,1,1001286,101,2017-08-18 00:00:00.0,104,2017-12-16 00:00:00.0,2017-11-16 00:00:00.0
S1219,南通通州万达广场(NTTZ),MAXADMIN,2017-01-06 15:27:49.0,MAXADMIN,2017-01-06 15:29:08.0,G1219,1,548,,,ZH,0,4705590834,129,NTTZ,1,1001642,103,2017-12-15 00:00:00.0,104,2018-04-14 00:00:00.0,2018-03-15 00:00:00.0
S1199,呼市回民区万达广场(HSHMQ),MAXADMIN,2017-01-06 15:40:55.0,MAXADMIN,2017-01-06 15:42:50.0,G1199,1,549,,,ZH,0,4621388867,114,HSHMQ,1,1001525,107,2017-08-25 00:00:00.0,102,2017-12-23 00:00:00.0,2017-11-23 00:00:00.0
S1220,惠州大亚湾万达广场(HZDYW),MAXADMIN,2017-01-06 15:43:55.0,MAXADMIN,2017-01-06 15:45:12.0,G1220,1,551,,,ZH,0,4621388868,106,HZDYW,1,1001636,104,2017-11-24 00:00:00.0,104,2018-03-24 00:00:00.0,2018-02-22 00:00:00.0
S1200,锦州万达广场(JZ),MAXADMIN,2017-01-06 15:51:13.0,MAXADMIN,2017-01-06 15:54:24.0,G1200,1,552,,,ZH,0,4621388869,123,JZ,1,1001507,101,2017-09-01 00:00:00.0,104,2017-12-30 00:00:00.0,2017-11-30 00:00:00.0
S1221,广州金沙洲万达广场(GZJSZ),MAXADMIN,2017-01-06 16:00:13.0,MAXADMIN,2017-01-06 16:01:33.0,G1221,1,553,,,ZH,0,4621388870,109,GZJSZ,1,1001425,104,2017-06-30 00:00:00.0,102,2017-10-28 00:00:00.0,2017-09-28 00:00:00.0
S1201,吉林昌邑区万达广场(JLCYQ),MAXADMIN,2017-01-06 16:03:29.0,MAXADMIN,2017-01-06 16:05:10.0,G1201,1,554,,,ZH,0,4621388871,102,JLCYQ,1,1001625,101,2017-09-15 00:00:00.0,104,2018-01-13 00:00:00.0,2017-12-14 00:00:00.0
S1222,北海万达广场(BH),MAXADMIN,2017-01-06 16:08:30.0,MAXADMIN,2017-01-06 16:10:50.0,G1222,1,555,,,ZH,0,4621388872,119,BH,1,1001364,104,2017-05-27 00:00:00.0,104,2017-09-24 00:00:00.0,2017-08-25 00:00:00.0
S1223,桂林叠彩万达广场(GLDC),MAXADMIN,2017-01-06 16:19:15.0,RENHAO,2018-04-23 10:40:10.0,G1223,1,557,,,ZH,0,4771545168,119,GLDC,1,1001637,104,2017-11-24 00:00:00.0,104,2018-03-24 00:00:00.0,2018-02-22 00:00:00.0
S1203,北京丰台西铁营万达广场(BJFTXTY),MAXADMIN,2017-01-06 16:23:29.0,MAXADMIN,2017-01-06 16:25:18.0,G1203,1,558,,,ZH,0,4755758115,101,BJFTXTY,1,1001644,102,2017-12-22 00:00:00.0,102,2018-04-21 00:00:00.0,2018-03-22 00:00:00.0
S1224,南宁江南万达广场(NNJN),MAXADMIN,2017-01-06 16:27:18.0,MAXADMIN,2017-01-06 16:28:09.0,G1224,1,559,,,ZH,0,4621388875,119,NNJN,1,1001405,104,2017-06-23 00:00:00.0,102,2017-10-21 00:00:00.0,2017-09-21 00:00:00.0
S1225,南宁万达茂(NNWDM),MAXADMIN,2017-01-06 16:32:34.0,MAXADMIN,2017-01-06 16:33:24.0,G1225,1,560,,,ZH,0,4621388876,119,NNWDM,1,1001404,104,2017-06-17 00:00:00.0,106,2017-10-15 00:00:00.0,2017-09-15 00:00:00.0
S1204,枣庄万达广场(ZZ),MAXADMIN,2017-01-06 16:34:33.0,MAXADMIN,2017-01-06 16:36:14.0,G1204,1,561,,,ZH,0,4621388877,115,ZZ,1,1001484,102,2017-06-29 00:00:00.0,104,2017-10-27 00:00:00.0,2017-09-27 00:00:00.0
S1227,成都崇州万达广场(CDCZ),MAXADMIN,2017-01-06 16:51:08.0,MAXADMIN,2017-01-06 16:52:18.0,G1227,1,564,,,ZH,0,4621388878,104,CDCZ,1,1001624,108,2017-09-01 00:00:00.0,104,2017-12-30 00:00:00.0,2017-11-30 00:00:00.0
S1206,大同万达广场(DT),MAXADMIN,2017-01-06 16:54:23.0,V_SUNGUANGCUI,2018-02-07 10:25:07.0,G1206,1,565,,,ZH,0,4621388879,125,DT,1,1001628,106,2017-10-20 00:00:00.0,104,2018-02-17 00:00:00.0,2018-01-18 00:00:00.0
S1228,成都金堂万达广场(CDJT),MAXADMIN,2017-01-06 16:58:02.0,MAXADMIN,2017-01-06 16:58:46.0,G1228,1,566,,,ZH,0,4649216198,104,CDJT,1,1001638,108,2017-12-08 00:00:00.0,104,2018-04-07 00:00:00.0,2018-03-08 00:00:00.0
S1229,成都武侯万达广场(CDWH),MAXADMIN,2017-01-06 17:04:50.0,V_SUNGUANGCUI,2018-02-13 15:00:28.0,G1229,1,568,,,ZH,0,4755758116,104,CDWH,1,1001645,108,2017-12-22 00:00:00.0,102,2018-04-21 00:00:00.0,2018-03-22 00:00:00.0
S1230,雅安万达广场(YA),MAXADMIN,2017-01-06 17:12:56.0,MAXADMIN,2017-01-06 17:13:39.0,G1230,1,569,,,ZH,0,4621388882,104,YA,1,1001505,108,2017-07-21 00:00:00.0,104,2017-11-18 00:00:00.0,2017-10-19 00:00:00.0
S1208,天津塘沽万达广场(TJTG),MAXADMIN,2017-01-06 17:12:58.0,RENHAO,2018-03-21 18:11:21.0,G1208,1,570,,,ZH,0,4815714318,127,TJTG,1,1001634,102,2017-12-29 00:00:00.0,102,2018-04-28 00:00:00.0,2018-02-27 00:00:00.0
S1209,焦作万达广场(JZ),MAXADMIN,2017-01-06 17:22:59.0,V_SUNGUANGCUI,2018-02-07 10:07:58.0,G1209,1,571,,,ZH,0,4621388884,134,JZ,1,1001584,106,2017-06-30 00:00:00.0,104,2017-10-28 00:00:00.0,2017-09-28 00:00:00.0
S1231,六盘水万达广场(LPS),MAXADMIN,2017-01-06 17:26:12.0,MAXADMIN,2017-01-06 17:26:52.0,G1231,1,572,,,ZH,0,4649216199,116,LPS,1,1001640,108,2017-12-08 00:00:00.0,104,2018-04-07 00:00:00.0,2018-03-08 00:00:00.0
S1232,曲靖万达广场(QJ),MAXADMIN,2017-01-06 17:36:06.0,MAXADMIN,2017-01-06 17:37:02.0,G1232,1,574,,,ZH,0,4621388886,116,QJ,1,1001630,108,2017-10-27 00:00:00.0,104,2018-02-24 00:00:00.0,2018-01-25 00:00:00.0
S1211,新乡牧野区万达广场(XXMYQ),MAXADMIN,2017-01-06 17:39:40.0,V_SUNGUANGCUI,2018-02-07 10:08:27.0,G1211,1,575,,,ZH,0,4761741216,134,XXMYQ,1,1001626,106,2017-12-23 00:00:00.0,104,2018-04-22 00:00:00.0,2018-03-23 00:00:00.0
S1233,乌鲁木齐德汇万达广场(WLMQDH),MAXADMIN,2017-01-06 17:43:46.0,MAXADMIN,2017-01-06 17:44:37.0,G1233,1,576,,,ZH,0,5059286735,128,WLMQDH,1,1001424,107,2018-01-28 00:00:00.0,102,2018-05-28 00:00:00.0,2018-04-28 00:00:00.0
S1212,诸暨万达广场(ZJ),MAXADMIN,2017-01-06 17:49:56.0,MAXADMIN,2017-01-06 17:51:39.0,G1212,1,577,,,ZH,0,4621388888,112,ZJ,1,1001607,105,2017-08-11 00:00:00.0,102,2017-12-09 00:00:00.0,2017-11-09 00:00:00.0
S1234,西安高新万达广场(XAGX),MAXADMIN,2017-01-06 17:51:10.0,MAXADMIN,2017-01-06 17:51:56.0,G1234,1,578,,,ZH,0,4621388889,131,XAGX,1,1001635,107,2017-11-18 00:00:00.0,102,2018-03-18 00:00:00.0,2018-02-16 00:00:00.0
S1213,盐城万达广场(YC),MAXADMIN,2017-01-06 17:57:57.0,MAXADMIN,2017-01-06 17:59:19.0,G1213,1,580,,,ZH,0,4621388890,118,YC,1,1001485,103,2017-06-29 00:00:00.0,104,2017-10-27 00:00:00.0,2017-09-27 00:00:00.0
S1124,襄阳万达广场(XY),MAXADMIN,2015-03-14 20:45:35.0,MAXADMIN,2015-03-14 23:11:34.0,G1124,1,42,,,ZH,0,4621388891,130,XY,1,1000281,106,2010-11-26 00:00:00.0,102,2016-01-01 00:00:00.0,2016-01-01 00:00:00.0
S1102,嘉兴万达广场(JX),MAXADMIN,2015-03-14 21:33:53.0,SHANYUQIN,2016-09-06 09:46:42.0,G1102,1,88,,,ZH,0,4621388892,112,JX,1,1000884,105,2015-06-12 00:00:00.0,102,2016-01-01 00:00:00.0,2016-01-01 00:00:00.0
S1084,厦门湖里万达广场(XMHL),MAXADMIN,2015-03-14 22:14:36.0,SHANYUQIN,2016-09-06 09:49:14.0,G1084,1,132,,,ZH,0,4621388893,132,XMHL,1,1000267,105,2011-09-02 00:00:00.0,102,2016-01-01 00:00:00.0,2016-01-01 00:00:00.0
S1178,广东湛江万达广场(GDZJ),MAXADMIN,2016-04-20 16:23:49.0,MAXADMIN,2017-03-09 16:29:23.0,G1178,1,383,,,ZH,0,4621388894,109,GDZJ,1,1001110,104,2016-06-25 00:00:00.0,102,2016-10-23 00:00:00.0,2016-12-15 00:00:00.0
S1081,西安大明宫万达广场(XADMG),MAXADMIN,2015-03-14 22:17:02.0,MAXADMIN,2015-03-14 23:01:56.0,G1081,1,135,,,ZH,0,4621388895,131,XADMG,1,1000603,107,2013-11-22 00:00:00.0,102,2016-01-01 00:00:00.0,2016-01-01 00:00:00.0
S1134,绵阳涪城万达广场(MYFC),MAXADMIN,2015-03-14 22:35:27.0,MAXADMIN,2015-03-14 23:17:35.0,G1134,1,157,,,ZH,0,4621388896,104,MYFC,1,1000394,108,2012-12-21 00:00:00.0,102,2016-01-01 00:00:00.0,2016-01-01 00:00:00.0
S1023,福清万达广场(FQ),MAXADMIN,2015-03-14 21:12:08.0,MAXADMIN,2015-03-14 23:11:54.0,G1023,1,62,,,ZH,0,4621388897,107,FQ,1,1000768,105,2014-12-05 00:00:00.0,102,2016-01-01 00:00:00.0,2016-01-01 00:00:00.0
S1263,淮南永安万达广场(HNYA),MAXADMIN,2017-11-04 21:33:20.0,V_SUNGUANGCUI,2018-02-07 09:46:39.0,G1263,1,986,,,ZH,0,4208932369,113,HNYA,0,1001832,109,2018-09-07 00:00:00.0,,2019-01-05 00:00:00.0,2018-12-06 00:00:00.0
S1264,眉山万达广场(MS),MAXADMIN,2017-11-04 21:44:20.0,V_SUNGUANGCUI,2018-02-02 09:37:32.0,G1264,1,987,,,ZH,0,4176928823,104,MS,0,1001817,108,2018-07-27 00:00:00.0,,2019-01-13 00:00:00.0,2018-12-14 00:00:00.0
S1265,乌鲁木齐高新区万达广场(WLMQGXQ),MAXADMIN,2017-11-04 21:57:49.0,MAXADMIN,2017-11-04 21:59:58.0,G1265,1,988,,,ZH,0,4025306412,128,WLMQGXQ,0,1001818,107,2018-09-21 00:00:00.0,,2019-01-19 00:00:00.0,2018-12-20 00:00:00.0
S1266,长治万达广场(CZ),MAXADMIN,2017-11-04 22:06:39.0,V_SUNGUANGCUI,2018-02-07 10:25:34.0,G1266,1,989,,,ZH,0,4209219974,125,CZ,0,1001819,106,2018-09-22 00:00:00.0,,2019-01-20 00:00:00.0,2018-12-21 00:00:00.0
S1267,中信泰富万达广场(ZXTF),MAXADMIN,2017-11-04 22:21:10.0,MAXADMIN,2017-11-04 22:22:37.0,G1267,1,990,,,ZH,0,4025306423,122,ZXTF,0,1001821,103,2018-10-01 00:00:00.0,,2019-01-29 00:00:00.0,2018-12-30 00:00:00.0
S1268,福建南平万达广场(FJNP),MAXADMIN,2017-11-04 22:31:22.0,V_SUNGUANGCUI,2018-02-02 09:39:23.0,G1268,1,991,,,ZH,0,4176939667,107,FJNP,0,1001822,105,2018-09-21 00:00:00.0,,2019-02-16 00:00:00.0,2019-01-17 00:00:00.0
S1269,甘肃武威万达广场(GSWW),MAXADMIN,2017-11-04 22:42:57.0,MAXADMIN,2017-11-04 22:44:27.0,G1269,1,992,,,ZH,0,4025306366,133,GSWW,0,1001823,107,2018-10-19 00:00:00.0,,2019-02-16 00:00:00.0,2019-01-17 00:00:00.0
S1270,成都龙泉驿万达广场(CDLQY),MAXADMIN,2017-11-04 22:50:25.0,MAXADMIN,2017-11-04 22:51:57.0,G1270,1,993,,,ZH,0,4025306362,104,CDLQY,0,1001825,108,2018-10-26 00:00:00.0,,2019-02-23 00:00:00.0,2019-01-24 00:00:00.0
S1271,许昌万达广场(XC),MAXADMIN,2017-11-04 22:57:01.0,V_SUNGUANGCUI,2018-02-07 10:09:09.0,G1271,1,994,,,ZH,0,4209084945,134,XC,0,1001824,106,2018-10-26 00:00:00.0,,2019-02-23 00:00:00.0,2019-01-24 00:00:00.0
S1272,邢台万达广场(XT),MAXADMIN,2017-11-04 23:08:51.0,MAXADMIN,2017-12-14 16:33:31.0,G1272,1,995,,,ZH,0,4025306414,101,XT,0,1001826,102,2018-11-02 00:00:00.0,,2019-03-02 00:00:00.0,2019-01-31 00:00:00.0
S1273,合肥巢湖万达广场(HFCH),MAXADMIN,2017-11-04 23:16:38.0,V_SUNGUANGCUI,2018-02-07 09:48:44.0,G1273,1,996,,,ZH,0,4208943789,113,HFCH,0,1001827,109,2018-11-02 00:00:00.0,,2019-03-02 00:00:00.0,2019-01-31 00:00:00.0
S1243,宣城万达广场(XC),MAXADMIN,2017-07-19 14:12:13.0,V_SUNGUANGCUI,2018-02-07 09:45:56.0,G1243,1,862,,,ZH,0,4208926779,113,XC,0,1001641,109,2018-06-29 00:00:00.0,104,2018-10-27 00:00:00.0,2018-09-27 00:00:00.0
S1274,本溪万达广场(BX),MAXADMIN,2017-11-05 11:41:38.0,V_SUNGUANGCUI,2018-02-02 09:44:19.0,G1274,1,1016,,,ZH,0,4176962283,123,BX,0,1001828,101,2018-12-21 00:00:00.0,,2019-03-09 00:00:00.0,2019-02-07 00:00:00.0
S1275,运城万达广场(YC),MAXADMIN,2017-11-05 11:50:29.0,V_SUNGUANGCUI,2018-02-07 10:25:48.0,G1275,1,1017,,,ZH,0,4209223554,125,YC,0,1001830,106,2018-12-28 00:00:00.0,,2019-03-16 00:00:00.0,2019-02-14 00:00:00.0
S1276,菏泽万达广场(HZ),MAXADMIN,2017-11-05 11:56:57.0,MAXADMIN,2017-11-10 13:37:24.0,G1276,1,1018,,,ZH,0,4025306371,115,HZ,0,1001829,102,2018-11-16 00:00:00.0,,2019-03-16 00:00:00.0,2019-02-14 00:00:00.0
S1277,泰州泰兴万达广场(TZTX),MAXADMIN,2017-11-05 12:03:04.0,V_SUNGUANGCUI,2018-02-02 09:43:27.0,G1277,1,1019,,,ZH,0,4176958568,118,TZTX,0,1001835,103,2018-12-15 00:00:00.0,,2019-03-16 00:00:00.0,2019-02-14 00:00:00.0
S1278,开封万达广场(KF),MAXADMIN,2017-11-05 12:15:10.0,V_SUNGUANGCUI,2018-02-07 10:09:25.0,G1278,1,1020,,,ZH,0,4209086896,134,KF,0,1001831,106,2018-09-28 00:00:00.0,,2019-03-23 00:00:00.0,2019-02-21 00:00:00.0
S1279,重庆沙坪坝万达广场(CQSPB),MAXADMIN,2017-11-05 12:23:29.0,MAXADMIN,2017-11-05 12:24:57.0,G1279,1,1021,,,ZH,0,4025306424,135,CQSPB,0,1001833,108,2018-11-30 00:00:00.0,,2019-03-30 00:00:00.0,2019-02-28 00:00:00.0
S1280,江苏宿迁万达广场(JSSQ),MAXADMIN,2017-11-05 12:33:14.0,MAXADMIN,2017-11-05 12:34:27.0,G1280,1,1022,,,ZH,0,4025306398,118,JSSQ,0,1001834,103,2018-12-07 00:00:00.0,,2019-04-06 00:00:00.0,2019-03-07 00:00:00.0
S1281,南昌青山湖万达广场(NCQSH),MAXADMIN,2017-11-05 12:42:00.0,V_SUNGUANGCUI,2018-02-05 10:30:03.0,G1281,1,1023,,,ZH,0,4196075494,117,NCQSH,0,1001838,109,2018-12-21 00:00:00.0,,2019-04-20 00:00:00.0,2019-03-21 00:00:00.0
S1282,宜宾万达广场(YB),MAXADMIN,2017-11-05 12:50:55.0,MAXADMIN,2017-11-05 12:52:29.0,G1282,1,1024,,,ZH,0,4025306418,104,YB,0,1001836,108,2018-12-21 00:00:00.0,,2019-04-20 00:00:00.0,2019-03-21 00:00:00.0
S1284,南京溧水万达广场(NJLS),MAXADMIN,2017-11-05 13:45:52.0,V_SUNGUANGCUI,2018-02-02 09:41:00.0,G1284,1,1026,,,ZH,0,4176946768,118,NJLS,0,1001840,103,2018-09-28 00:00:00.0,,2019-04-21 00:00:00.0,2019-03-22 00:00:00.0
S1285,榆林万达广场(YL),MAXADMIN,2017-11-05 13:50:52.0,MAXADMIN,2017-11-05 13:52:01.0,G1285,1,1027,,,ZH,0,4025306419,131,YL,0,1001839,107,2018-12-22 00:00:00.0,,2019-04-21 00:00:00.0,2019-03-22 00:00:00.0
S1286,泉州城东万达广场(QZCD),MAXADMIN,2017-11-05 13:56:16.0,MAXADMIN,2017-11-05 13:57:25.0,G1286,1,1028,,,ZH,0,3933101491,132,QZCD,0,,105,2018-12-22 00:00:00.0,,2019-04-21 00:00:00.0,2019-03-22 00:00:00.0
S1288,广州新塘万达广场(GZXT),MAXADMIN,2017-11-05 14:06:40.0,MAXADMIN,2017-11-05 14:07:30.0,G1288,1,1030,,,ZH,0,4025306367,109,GZXT,0,1001843,104,2018-12-28 00:00:00.0,,2019-04-27 00:00:00.0,2019-03-28 00:00:00.0
S1290,张家港万达广场(ZJG),MAXADMIN,2017-11-05 14:17:24.0,MAXADMIN,2017-11-05 14:18:36.0,G1290,1,1032,,,ZH,0,4025306421,129,ZJG,0,1001842,103,2018-12-28 00:00:00.0,,2019-04-27 00:00:00.0,2019-03-28 00:00:00.0
S1291,淮北万达广场(HB),MAXADMIN,2017-11-05 14:22:43.0,V_SUNGUANGCUI,2018-02-07 09:49:01.0,G1291,1,1033,,,ZH,0,4208944431,113,HB,0,1001812,109,2018-09-28 00:00:00.0,,2019-04-28 00:00:00.0,2019-03-29 00:00:00.0
S1292,潍坊寿光万达广场(WFSG),MAXADMIN,2017-11-05 14:30:36.0,MAXADMIN,2017-11-13 17:57:06.0,G1292,1,1034,,,ZH,0,4025306411,121,WFSG,0,1001845,102,2018-12-29 00:00:00.0,,2019-04-28 00:00:00.0,2019-03-29 00:00:00.0
S1293,贵港万达广场(GG),MAXADMIN,2017-11-05 14:36:14.0,MAXADMIN,2017-11-05 14:37:19.0,G1293,1,1035,,,ZH,0,4025306368,119,GG,0,1001846,104,2018-12-29 00:00:00.0,,2019-04-28 00:00:00.0,2019-03-29 00:00:00.0
S1294,北京怀柔万达广场(BJHR),MAXADMIN,2017-11-05 14:43:50.0,V_SUNGUANGCUI,2018-03-16 09:58:51.0,G1294,1,1036,,,ZH,0,4843022439,101,BJHR,1,1001724,102,2018-01-01 00:00:00.0,,2018-05-01 00:00:00.0,2018-03-02 00:00:00.0
S1297,泉州安溪万达广场(QZAX),MAXADMIN,2018-01-30 19:19:55.0,RENHAO,2018-03-06 15:56:22.0,G1297,1,1206,,,ZH,0,4410657704,132,,0,,105,2018-12-28 00:00:00.0,,2019-04-27 00:00:00.0,2019-02-26 00:00:00.0
S1246,嘉兴经开万达广场(JXJK),MAXADMIN,2017-11-03 15:19:50.0,MAXADMIN,2017-11-16 16:09:23.0,G1246,1,984,,,ZH,0,4025306376,112,JXJK,0,1001807,105,2018-05-25 00:00:00.0,,2018-09-22 00:00:00.0,2018-08-23 00:00:00.0
S1247,贵阳观山湖万达广场(GYGSH),MAXADMIN,2017-11-03 16:16:23.0,MAXADMIN,2017-11-03 16:20:50.0,G1247,1,985,,,ZH,0,4025306369,116,GYGSH,0,1001647,108,2018-05-25 00:00:00.0,,2018-09-22 00:00:00.0,2018-08-23 00:00:00.0
S1249,泸州万达广场(LZ),MAXADMIN,2017-11-03 16:36:07.0,MAXADMIN,2017-11-03 16:37:59.0,G1249,1,1003,,,ZH,0,4025306400,104,LZ,0,1001808,108,2018-06-01 00:00:00.0,,2018-09-29 00:00:00.0,2018-08-30 00:00:00.0
S1250,南京仙林万达茂万达广场(NJXLWDM),MAXADMIN,2017-11-03 16:45:53.0,MAXADMIN,2017-11-03 16:47:48.0,G1250,1,1004,,,ZH,0,4025306404,118,NJXLWDM,0,1001809,103,2018-06-01 00:00:00.0,,2018-09-29 00:00:00.0,2018-08-30 00:00:00.0
S1251,常州溧阳万达广场(CZLY),MAXADMIN,2017-11-03 17:00:08.0,MAXADMIN,2017-11-03 17:01:59.0,G1251,1,1005,,,ZH,0,4025306361,129,CZLY,0,1001648,103,2018-06-01 00:00:00.0,,2018-09-29 00:00:00.0,2018-08-30 00:00:00.0
S1252,黄冈万达广场(HG),MAXADMIN,2017-11-03 17:12:09.0,MAXADMIN,2017-11-03 17:14:20.0,G1252,1,1006,,,ZH,0,4025306375,130,HG,0,1001649,106,2018-06-22 00:00:00.0,,2018-10-20 00:00:00.0,2018-09-20 00:00:00.0
S1253,鹤壁淇滨万达广场(HBQB),MAXADMIN,2017-11-03 17:26:43.0,V_SUNGUANGCUI,2018-02-07 10:08:42.0,G1253,1,1007,,,ZH,0,4209082677,134,HBQB,0,1001804,106,2018-06-22 00:00:00.0,,2018-10-20 00:00:00.0,2018-09-20 00:00:00.0
S1255,包头九原万达广场(BTJY),MAXADMIN,2017-11-03 17:42:00.0,V_SUNGUANGCUI,2018-02-02 09:38:42.0,G1255,1,1008,,,ZH,0,4176936892,114,BTJY,0,1001810,107,2018-08-17 00:00:00.0,,2018-10-27 00:00:00.0,2018-09-27 00:00:00.0
S1256,阜新万达广场(FX),MAXADMIN,2017-11-03 17:50:18.0,V_SUNGUANGCUI,2018-02-02 09:38:05.0,G1256,1,1009,,,ZH,0,4176932669,123,FX,0,1001811,101,2018-08-10 00:00:00.0,,2018-10-27 00:00:00.0,2018-09-27 00:00:00.0
S1257,石嘴山万达广场(SZS),MAXADMIN,2017-11-03 18:00:55.0,MAXADMIN,2017-11-03 18:03:08.0,G1257,1,1010,,,ZH,0,4025306408,133,SZS,0,1001632,107,2018-07-06 00:00:00.0,,2018-11-03 00:00:00.0,2018-10-04 00:00:00.0
S1258,商丘睢阳万达广场(SQSY),MAXADMIN,2017-11-03 18:19:16.0,V_SUNGUANGCUI,2018-02-07 10:08:54.0,G1258,1,1011,,,ZH,0,4209083776,134,SQSY,0,1001813,106,2018-07-06 00:00:00.0,,2018-11-03 00:00:00.0,2018-10-04 00:00:00.0
S1259,吴忠万达广场(WZ),MAXADMIN,2017-11-03 18:35:30.0,V_SUNGUANGCUI,2018-02-02 09:36:34.0,G1259,1,1012,,,ZH,0,4176924226,133,WZ,0,1001814,107,2018-06-15 00:00:00.0,,2018-11-24 00:00:00.0,2018-10-25 00:00:00.0
S1244,延安万达广场(YA),MAXADMIN,2017-11-03 14:50:45.0,MAXADMIN,2017-11-03 15:07:26.0,G1244,1,982,,,ZH,0,4902221497,131,YA,0,1001785,107,2018-02-09 00:00:00.0,,2018-06-09 00:00:00.0,2018-05-10 00:00:00.0
S1260,绥化万达广场(SH),MAXADMIN,2017-11-04 19:39:48.0,V_SUNGUANGCUI,2018-02-02 09:42:30.0,G1260,1,1013,,,ZH,0,4176955718,140,SH,0,1001815,101,2018-09-30 00:00:00.0,,2018-12-01 00:00:00.0,2018-11-01 00:00:00.0
S1261,东营经开万达广场(DYJK),MAXADMIN,2017-11-04 19:47:07.0,MAXADMIN,2018-01-16 14:26:09.0,G1261,1,1014,,,ZH,0,4058650564,115,DYJK,0,1001806,102,2018-07-12 00:00:00.0,,2018-11-09 00:00:00.0,2018-09-10 00:00:00.0
S1262,江门新会万达广场(JMXH),MAXADMIN,2017-11-04 19:55:35.0,MAXADMIN,2017-11-04 19:57:03.0,G1262,1,1015,,,ZH,0,4025306397,109,JMXH,0,1001816,104,2018-08-24 00:00:00.0,,2018-12-22 00:00:00.0,2018-11-22 00:00:00.0
S1295,铜梁万达广场(TL),MAXADMIN,2018-01-30 19:06:12.0,RENHAO,2018-03-06 15:54:14.0,G1295,1,1205,,,ZH,0,4410647192,135,,0,,108,2018-12-20 00:00:00.0,,2019-04-19 00:00:00.0,2019-02-28 00:00:00.0
S1296,绵阳CBD万达广场(MYCBD),MAXADMIN,2018-01-30 19:12:13.0,RENHAO,2018-03-06 15:55:39.0,G1296,1,1235,,,ZH,0,4410653130,104,,0,,108,2018-12-21 00:00:00.0,,2019-04-20 00:00:00.0,2019-02-19 00:00:00.0
S1122,荆州万达广场(JZ),MAXADMIN,2015-03-14 20:47:56.0,MAXADMIN,2015-03-14 23:08:28.0,G1122,1,45,,,ZH,0,4621388899,130,JZ,1,1000764,106,2014-09-20 00:00:00.0,102,2016-01-01 00:00:00.0,2016-01-01 00:00:00.0
S1202,长春车城万达广场(CCCC),MAXADMIN,2017-01-06 16:14:03.0,MAXADMIN,2017-01-06 16:15:40.0,G1202,1,556,,,ZH,0,4621388900,102,CCCC,1,1001606,101,2017-09-08 00:00:00.0,104,2018-01-06 00:00:00.0,2017-12-07 00:00:00.0
S1210,平顶山万达广场(PDS),MAXADMIN,2017-01-06 17:32:00.0,V_SUNGUANGCUI,2018-02-07 10:08:13.0,G1210,1,573,,,ZH,0,4621388901,134,PDS,1,1001524,106,2017-11-24 00:00:00.0,104,2018-03-24 00:00:00.0,2018-02-22 00:00:00.0
S1017,东莞长安万达广场(DGCA),MAXADMIN,2015-03-14 20:48:43.0,SHANYUQIN,2016-09-06 09:48:12.0,G1017,1,46,,,ZH,0,4621388902,106,DGCA,1,1000545,104,2013-07-20 00:00:00.0,102,2016-01-01 00:00:00.0,2016-01-01 00:00:00.0
S1107,宜昌万达广场(YC),MAXADMIN,2015-03-14 21:28:57.0,MAXADMIN,2015-03-14 22:56:04.0,G1107,1,82,,,ZH,0,4621388903,130,YC,1,1000298,106,2010-11-27 00:00:00.0,102,2016-01-01 00:00:00.0,2016-01-01 00:00:00.0
S1042,宁波鄞州万达广场(NBYZ),MAXADMIN,2015-03-14 21:44:06.0,MAXADMIN,2015-03-14 23:15:37.0,G1042,1,99,,,ZH,0,4621388904,120,NBYZ,1,1000109,105,2006-12-22 00:00:00.0,102,2016-01-01 00:00:00.0,2016-01-01 00:00:00.0
S1087,银川西夏万达广场(YCXX),MAXADMIN,2015-03-14 22:11:58.0,MAXADMIN,2015-03-14 22:59:44.0,G1087,1,129,,,ZH,0,4621388905,133,YCXX,1,1000704,107,2014-07-18 00:00:00.0,102,2016-01-01 00:00:00.0,2016-01-01 00:00:00.0
S1136,武汉万达中心(WHWDZX),MAXADMIN,2015-03-14 22:36:17.0,MAXADMIN,2015-03-14 23:17:46.0,G1136,1,158,,,ZH,0,4621388906,130,WHWDZX,1,1001044,106,2011-12-01 00:00:00.0,105,2016-01-01 00:00:00.0,2016-01-01 00:00:00.0
S1147,郑州惠济万达广场(ZZHJ),MAXADMIN,2016-04-20 11:02:47.0,V_SUNGUANGCUI,2018-02-07 10:07:30.0,G1147,1,352,,,ZH,0,4621388907,134,ZZHJ,1,1001134,106,2016-11-18 00:00:00.0,104,2017-03-18 00:00:00.0,2017-03-15 00:00:00.0
S1173,遂宁万达广场(SN),MAXADMIN,2016-04-20 15:57:42.0,MAXADMIN,2017-11-14 15:01:51.0,G1173,1,378,,,ZH,0,4621388908,104,SN,1,1001131,108,2016-10-21 00:00:00.0,102,2017-02-18 00:00:00.0,2016-12-15 00:00:00.0
S1001,北京CBD万达广场(BJCBD),MAXADMIN,2015-03-14 18:41:54.0,MAXADMIN,2017-11-17 11:00:02.0,G1001,1,2,,,ZH,0,4621388909,101,BJCBD,1,1001067,102,2006-12-28 00:00:00.0,102,2016-01-01 00:00:00.0,2016-01-01 00:00:00.0
S1103,大庆萨尔图万达广场(DQ),MAXADMIN,2015-03-14 21:32:52.0,MAXADMIN,2017-04-12 11:32:24.0,G1103,1,87,,,ZH,0,4621388910,140,DQ,1,1000299,101,2011-11-25 00:00:00.0,102,2016-01-01 00:00:00.0,2016-01-01 00:00:00.0
S1207,晋中万达广场(JZ),MAXADMIN,2017-01-06 17:02:17.0,V_SUNGUANGCUI,2018-02-07 10:25:23.0,G1207,1,567,,,ZH,0,4621388911,125,JZ,1,1001444,106,2017-08-18 00:00:00.0,104,2017-12-16 00:00:00.0,2017-11-16 00:00:00.0
S1245,青岛东方影都万达茂(QDDFYD),MAXADMIN,2017-11-03 15:06:03.0,RENHAO,2018-04-13 17:15:31.0,G1245,1,983,,,ZH,0,4702208899,121,QDDFYD,0,1001744,102,2018-04-28 00:00:00.0,,2018-08-26 00:00:00.0,2018-07-27 00:00:00.0
S1034,合肥包河万达广场(HFBH),MAXADMIN,2015-03-14 21:23:08.0,V_SUNGUANGCUI,2018-02-07 09:42:55.0,G1034,1,75,,,ZH,0,4621388710,113,HFBH,1,1000110,109,2010-12-23 00:00:00.0,102,2016-01-01 00:00:00.0,2016-01-01 00:00:00.0
S1248,宁波奉化万达广场(NBFH),MAXADMIN,2017-11-03 16:26:46.0,MAXADMIN,2017-11-03 16:29:01.0,G1248,1,1002,,,ZH,0,4025306405,120,NBFH,0,1001805,105,2018-05-26 00:00:00.0,,2018-09-23 00:00:00.0,2018-08-24 00:00:00.0
S2001,商管总部(SGZB),MAXADMIN,2015-03-14 22:33:57.0,SLIXUE,2016-01-05 10:51:11.0,G2001,1,155,,,ZH,0,4621389088,,SGZB,1,,,,,,
S1175,成都双流万达广场(CDSL),MAXADMIN,2016-04-20 16:04:33.0,MAXADMIN,2016-04-20 16:04:52.0,G1175,1,380,,,ZH,0,4621388912,104,CDSL,1,1001144,108,2016-12-17 00:00:00.0,104,2017-04-16 00:00:00.0,2017-03-15 00:00:00.0
S1198,哈尔滨万达茂(HEBWDM),MAXADMIN,2017-01-06 15:25:58.0,MAXADMIN,2017-06-28 18:07:43.0,G1198,1,547,,,ZH,0,4621388913,110,HEBWDM,1,1001651,101,2017-06-30 00:00:00.0,106,2017-10-28 00:00:00.0,2017-09-28 00:00:00.0
S1170,资阳万达广场(ZY),MAXADMIN,2016-04-20 15:47:55.0,MAXADMIN,2016-04-20 15:48:16.0,G1170,1,375,,,ZH,0,4621388914,104,ZY,1,1001107,108,2016-06-17 00:00:00.0,102,2016-10-15 00:00:00.0,2016-12-15 00:00:00.0
S1035,合肥天鹅湖万达广场(HFTEH),MAXADMIN,2015-03-14 21:28:12.0,V_SUNGUANGCUI,2018-02-07 09:45:14.0,G1035,1,81,,,ZH,0,4621388915,113,HFTEH,1,1000363,109,2012-07-20 00:00:00.0,102,2016-01-01 00:00:00.0,2016-01-01 00:00:00.0
