passenger_dimplaza.plazakey,passenger_dimplaza.plazainfoid,passenger_dimplaza.branchid,passenger_dimplaza.plazaid,passenger_dimplaza.plazaname,passenger_dimplaza.zonecode,passenger_dimplaza.zonename,passenger_dimplaza.busiarea,passenger_dimplaza.buildarea,passenger_dimplaza.rentarea,passenger_dimplaza.primarystorerentarea,passenger_dimplaza.normalstorerentarea,passenger_dimplaza.parkingcount,passenger_dimplaza.cityname,passenger_dimplaza.citylevel,passenger_dimplaza.districttype,passenger_dimplaza.owner,passenger_dimplaza.address,passenger_dimplaza.deleteddate,passenger_dimplaza.opendate,passenger_dimplaza.plazacentury,passenger_dimplaza.plazarate,passenger_dimplaza.managedarea,passenger_dimplaza.plazatype,passenger_dimplaza.businessdate,passenger_dimplaza.totalbuildingarea,passenger_dimplaza.businessbuildingarea,passenger_dimplaza.ysid,passenger_dimplaza.vicestorearea,passenger_dimplaza.indexcode
45,45,45,45,武汉经开,QY07,武汉,106097.62,,86447.00,64216.00,22231.00,500,武汉,1498,1,华中,,1900-01-01 00:00:00.0,2011-08-27 00:00:00.0,,,5618,2,,106097.62,85796.96,1000301,0.00,45
46,46,46,46,江苏镇江,QY04,南京,97035.96,,76408.00,53639.00,22769.00,0,镇江,1501,,华东,,1900-01-01 00:00:00.0,2011-08-12 00:00:00.0,,,5490,2,,98358.16,75036.12,1000278,0.00,46
47,47,47,47,厦门湖里,QY15,厦门,119073.60,,98247.00,74422.00,23825.00,99,厦门,1498,1,东南,,1900-01-01 00:00:00.0,2011-09-02 00:00:00.0,,,5563,2,,119073.60,97182.88,1000267,0.00,47
48,48,48,48,银川金凤,QY025,银川,107462.05,,89157.00,62566.00,26591.00,0,银川,1499,,西北,,1900-01-01 00:00:00.0,2011-09-09 00:00:00.0,,,5565,2,,107807.61,88305.20,1000283,0.00,48
49,49,49,49,石家庄裕华,QY09,北京,138894.47,,116464.00,90664.00,25800.00,0,石家庄,1498,,华北,,1900-01-01 00:00:00.0,2011-09-23 00:00:00.0,,,5503,2,,143073.75,115028.25,1000269,0.00,49
50,50,50,50,武汉楚河汉街,QY07,武汉,99537.90,,94790.00,0.00,94790.00,0,武汉,1498,,华中,,1900-01-01 00:00:00.0,2011-09-30 00:00:00.0,,,5618,2,,99537.90,95373.87,1000286,0.00,50
51,51,51,51,郑州中原,QY18,郑州,110537.50,,91617.00,70281.00,21336.00,0,郑州,1498,,华中,,1900-01-01 00:00:00.0,2011-10-28 00:00:00.0,,,5618,2,,116558.50,90114.64,1000287,0.00,51
52,52,52,52,河北廊坊,QY09,北京,103377.58,,85526.00,64914.00,20612.00,0,廊坊,1501,,华北,,1900-01-01 00:00:00.0,2011-11-11 00:00:00.0,,,5503,2,,103377.58,84672.01,1000282,0.00,52
53,53,53,53,唐山路南,QY06,天津,140356.33,,109650.00,74026.00,35624.00,0,唐山,1499,,华北,,1900-01-01 00:00:00.0,2011-12-23 00:00:00.0,,,5503,2,,140356.33,108248.83,1000323,0.00,53
54,54,54,54,大庆萨尔图,5564,黑龙江,102210.28,,75363.00,45067.00,30296.00,0,大庆,1499,,东北,,1900-01-01 00:00:00.0,2011-11-25 00:00:00.0,,,5502,2,,102210.28,77887.92,1000299,0.00,54
55,55,55,55,福州仓山,QY14,福州,120285.49,,101630.00,80592.00,21038.00,2000,福州,1498,1,东南,,1900-01-01 00:00:00.0,2011-12-02 00:00:00.0,,,5563,2,,121096.44,100088.45,1000268,0.00,55
56,56,56,56,常州新北,SG08,无锡,113209.47,,90885.00,64614.00,26271.00,0,常州,1499,,华东,,1900-01-01 00:00:00.0,2011-12-10 00:00:00.0,,,5490,2,,113209.47,89622.97,1000285,0.00,56
57,57,57,57,泰州海陵,QY04,南京,110641.98,,85015.00,56212.00,28803.00,0,泰州,1501,,华东,,1900-01-01 00:00:00.0,2011-12-09 00:00:00.0,,,5490,2,,110641.98,83412.77,1000273,0.00,57
58,58,58,58,上海宝山,QY10,上海,109390.80,,91913.00,74103.00,17810.00,0,上海,1497,,华东,,1900-01-01 00:00:00.0,2012-06-29 00:00:00.0,,,5490,1,,109390.80,87091.36,1000343,0.00,58
59,59,59,59,合肥天鹅湖,SG14,合肥,104982.40,,84120.00,61034.00,23086.00,1120,合肥,1498,3,中南,,1900-01-01 00:00:00.0,2012-07-20 00:00:00.0,,,5395,1,,104982.40,83718.34,1000363,0.00,59
60,60,60,60,福建晋江,QY15,厦门,103113.91,,82737.00,60639.00,22098.00,0,晋江,1501,,东南,,1900-01-01 00:00:00.0,2012-08-10 00:00:00.0,,,5563,1,,109622.19,81091.96,1000390,0.00,60
61,61,61,61,长白山度假小镇,,,0.00,,32548.00,6780.00,25768.00,0,白山,0,,东北,,2015-01-20 00:00:00.0,2012-07-28 00:00:00.0,,,2,1,,0.00,0.00,,0.00,61
62,62,62,62,福建宁德,QY14,福州,109121.06,,86135.00,59194.00,26941.00,0,宁德,1501,,东南,,1900-01-01 00:00:00.0,2012-08-11 00:00:00.0,,,5563,1,,109513.07,85220.97,1000389,0.00,62
63,63,63,63,南昌红谷滩,QY19,南昌,118252.62,,96639.00,69847.00,26792.00,0,南昌,1498,,中南,,1900-01-01 00:00:00.0,2012-08-25 00:00:00.0,,,5395,1,,118252.62,94351.39,1000384,0.00,63
64,64,64,64,沈阳北一路,QY05,沈阳,121226.37,,97272.00,67517.00,29755.00,0,沈阳,1498,,东北,,1900-01-01 00:00:00.0,2012-08-31 00:00:00.0,,,5502,1,,125190.60,94568.65,1000392,0.00,64
65,65,65,65,芜湖镜湖,SG14,合肥,99517.72,,78663.00,54477.00,24186.00,0,芜湖,1501,,中南,,1900-01-01 00:00:00.0,2012-09-07 00:00:00.0,,,5395,1,,99517.72,73400.87,1000387,0.00,65
66,66,66,66,无锡江阴,SG08,无锡,129198.85,,100491.00,67075.00,33416.00,0,江阴,1499,,华东,,1900-01-01 00:00:00.0,2012-09-22 00:00:00.0,,,5490,1,,129198.85,98481.03,1000386,0.00,66
67,67,67,67,青岛李沧,QY03,青岛,120463.13,,92196.00,55262.00,36934.00,0,青岛,1498,,华北,,1900-01-01 00:00:00.0,2012-09-21 00:00:00.0,,,5503,1,,120801.93,90267.65,1000396,0.00,67
68,68,68,68,泉州浦西,QY15,厦门,120358.87,,100055.00,76365.00,23690.00,0,泉州,1499,,东南,,1900-01-01 00:00:00.0,2012-09-29 00:00:00.0,,,5563,1,,128202.26,99622.34,1000391,0.00,68
69,69,69,69,郑州二七,QY18,郑州,112272.06,,93855.00,73087.00,20768.00,0,郑州,1498,,华中,,1900-01-01 00:00:00.0,2012-10-13 00:00:00.0,,,5618,1,,112272.06,91973.58,1000388,0.00,69
70,70,70,70,漳州碧湖,QY15,厦门,114735.49,,96321.00,75759.00,20562.00,0,漳州,1501,,东南,,1900-01-01 00:00:00.0,2012-10-26 00:00:00.0,,,5563,1,,114735.49,92439.76,1000397,0.00,70
71,71,71,71,温州龙湾,QY12,宁波,151595.44,,117761.00,76716.00,41045.00,0,温州,1499,,东南,,1900-01-01 00:00:00.0,2012-11-30 00:00:00.0,,,5563,1,,158818.42,115351.71,1000385,0.00,71
72,72,72,72,江苏太仓,SG08,无锡,111940.38,,87572.00,60114.00,27458.00,0,太仓,1501,,华东,,1900-01-01 00:00:00.0,2012-12-07 00:00:00.0,,,5490,1,,111940.38,85987.98,1000395,0.00,72
73,73,73,73,福建莆田,QY14,福州,113815.34,,93371.00,70615.00,22756.00,0,莆田,1501,,东南,,1900-01-01 00:00:00.0,2012-12-15 00:00:00.0,,,5563,1,,121300.60,89002.12,1000393,0.00,73
74,74,74,74,绵阳涪城,QY13,成都,112185.40,,92462.00,69865.00,22597.00,0,绵阳,1499,,西南,,1900-01-01 00:00:00.0,2012-12-21 00:00:00.0,,,5397,1,,112185.40,91111.90,1000394,0.00,74
75,75,75,75,成都金牛,QY13,成都,145966.75,,115528.00,79634.00,35894.00,0,成都,1498,,西南,,1900-01-01 00:00:00.0,2012-12-22 00:00:00.0,,,5397,1,,150414.45,116407.03,1000383,0.00,75
165,136,129,AY,河南安阳,QY18,郑州,90532.82,,66391.00,43319.00,23072.00,0,安阳,1501,,华中,,1900-01-01 00:00:00.0,2015-07-25 00:00:00.0,,,5618,1,,91248.30,64901.95,1000907,0.00,AY
118,91,91,BB,安徽蚌埠,SG14,合肥,107760.31,,84101.00,57309.00,26792.00,0,蚌埠,1501,,中南,,1900-01-01 00:00:00.0,2013-11-29 00:00:00.0,,,5395,1,,107760.31,83084.56,1000623,0.00,BB
275,220,213,BH1364,广西北海,QY46,南宁,98344.88,,67944.00,30469.00,37475.00,,北海,1501,,华南,,1900-01-01 00:00:00.0,2017-05-27 00:00:00.0,,,5396,0,,98344.88,67944.56,1001364,0.00,
217,188,181,BJ1145,北京丰台科技园,QY09,北京,109672.21,,74081.00,35298.00,38783.00,0,北京,1497,,华北,,1900-01-01 00:00:00.0,2016-12-22 00:00:00.0,,,5503,1,,109746.15,74046.78,1001145,0.00,BJFT
230,201,194,BJ1146,北京槐房,QY09,北京,118714.17,,79609.00,32615.00,46994.00,0,北京,1497,,华北,,1900-01-01 00:00:00.0,2016-12-22 00:00:00.0,,,5503,1,,118714.17,79609.22,1001146,0.00,BJHF
317,262,255,BJ1644,北京丰台西铁营,QY09,北京,66486.69,,43983.00,23436.00,20547.00,,北京,1497,,华北,,1900-01-01 00:00:00.0,2017-12-22 00:00:00.0,,,5503,0,,66486.69,43023.63,1001644,0.00,
328,273,266,BJ1724,北京怀柔,QY09,北京,57739.58,,38154.00,19065.00,19089.00,,北京,1497,,华北,,1900-01-01 00:00:00.0,2018-01-01 00:00:00.0,,,5503,0,,57739.58,37598.61,1001724,0.00,
187,158,151,BJCBD,北京CBD,QY09,北京,71636.28,,71636.00,71636.00,0.00,,北京,1497,,华北,,2018-01-09 11:23:04.98,2006-12-28 00:00:00.0,,,5503,0,,71636.28,69390.20,1001067,0.00,BJCBD
144,117,117,BJTZ,北京通州,QY09,北京,117213.57,,90248.00,63159.00,27089.00,0,北京,1497,,华北,,1900-01-01 00:00:00.0,2014-11-29 00:00:00.0,,,5503,1,,117213.57,89527.03,1000772,0.00,BJTZ
338,283,276,BT1810,包头九原,QY32,呼和浩特,88905.03,,63473.00,28959.00,34514.00,,包头,1499,,西北,,2018-08-18 00:00:00.0,2018-08-17 00:00:00.0,,,5565,0,,88905.03,62547.36,1001810,0.00,
356,301,294,BX1828,辽宁本溪,QY05,沈阳,,,50120.00,21800.00,28320.00,,本溪,1501,,东北,,2018-12-22 00:00:00.0,2018-12-21 00:00:00.0,,,5502,0,,,,1001828,0.00,
202,173,166,BZ1117,安徽亳州,SG14,合肥,87665.16,,64208.00,42490.00,21718.00,0,亳州,1501,,中南,,1900-01-01 00:00:00.0,2016-08-12 00:00:00.0,,,5395,1,,87819.80,63311.09,1001117,0.00,BZ
236,207,200,BZ1152,山东滨州,QY02,济南,88600.65,,63346.00,26375.00,36971.00,0,滨州,1501,,华北,,1900-01-01 00:00:00.0,2016-12-30 00:00:00.0,,,5503,1,,88600.65,63346.01,1001152,0.00,BZ
294,239,232,CC1606,长春车城,QY01,长春,88487.42,,65751.00,32342.00,33409.00,,长春,1498,,东北,,1900-01-01 00:00:00.0,2017-09-08 00:00:00.0,,,5502,0,,88487.42,64111.04,1001606,0.00,
185,156,149,CCCQL,长春重庆路,QY01,长春,35505.91,,36346.00,36346.00,0.00,,长春,1498,,东北,,2018-01-09 11:40:23.527,2003-01-16 00:00:00.0,,,5502,0,,36319.92,35505.91,1001065,0.00,CCCQL
105,78,78,CCKC,长春宽城,QY01,长春,108809.72,,73862.00,39138.00,34724.00,0,长春,1498,,东北,,1900-01-01 00:00:00.0,2013-08-16 00:00:00.0,,,5502,1,,108809.72,72403.36,1000463,0.00,CCKC
188,159,152,CD1084,成都蜀都,QY13,成都,107193.30,,78640.00,52685.00,25955.00,0,成都,1498,,西南,,1900-01-01 00:00:00.0,2016-04-29 00:00:00.0,,,5397,1,,107509.00,77422.04,1001084,0.00,CDSD
215,186,179,CD1124,湖南常德,QY23,长沙,88681.41,,65102.00,30109.00,34993.00,0,常德,1499,,中南,,1900-01-01 00:00:00.0,2016-09-16 00:00:00.0,,,5395,1,,88681.41,64218.23,1001124,0.00,CD
216,187,180,CD1142,成都青羊,QY13,成都,91051.01,,67438.00,39055.00,28383.00,0,成都,1498,,西南,,1900-01-01 00:00:00.0,2016-12-10 00:00:00.0,,,5397,1,,92117.59,67437.67,1001142,0.00,CDQY
229,200,193,CD1144,成都双流,QY13,成都,116183.72,,86044.00,42088.00,43956.00,0,成都,1498,,西南,,1900-01-01 00:00:00.0,2016-12-17 00:00:00.0,,,5397,1,,116183.72,86575.53,1001144,0.00,CDSL
378,323,316,CD1324,成都区域商管公司,-103,直属店(西南),,,,,,,,,,西南,,2018-10-31 00:00:00.0,2018-10-31 00:00:00.0,,,5397,0,,,,1001324,0.00,
379,324,316,CD1324,成都区域商管公司,,,,,,,,,,,,西南,,2018-10-31 00:00:00.0,2018-10-31 00:00:00.0,,,5397,0,,,,1001324,0.00,
297,242,235,CD1624,成都崇州,QY13,成都,86347.34,,58480.00,25830.00,32650.00,,成都,1498,,西南,,1900-01-01 00:00:00.0,2017-09-01 00:00:00.0,,,5397,0,,86347.34,57587.93,1001624,0.00,
311,256,249,CD1638,成都金堂,QY13,成都,88312.26,,59150.00,27041.00,32109.00,,成都,1498,,西南,,1900-01-01 00:00:00.0,2017-12-08 00:00:00.0,,,5397,0,,88312.26,58932.13,1001638,0.00,
318,263,256,CD1645,成都武侯,QY13,成都,105232.58,,68893.00,39834.00,29059.00,,成都,1498,,西南,,1900-01-01 00:00:00.0,2017-12-22 00:00:00.0,,,5397,0,,105232.58,68054.73,1001645,0.00,
353,298,291,CD1825,成都龙泉驿,QY13,成都,,,58208.00,25700.00,32508.00,,成都,1498,,西南,,2018-10-27 00:00:00.0,2018-10-26 00:00:00.0,,,5397,0,,,,1001825,0.00,
123,96,96,CF,内蒙古赤峰,QY32,呼和浩特,105613.58,,73957.00,40742.00,33215.00,0,赤峰,1501,,西北,,1900-01-01 00:00:00.0,2014-06-20 00:00:00.0,,,5565,1,,107046.78,73396.45,1000644,0.00,CF
182,153,146,CQBN,重庆巴南,QY20,重庆,97403.34,,73503.00,44450.00,29053.00,0,重庆,1498,,西南,,1900-01-01 00:00:00.0,2015-10-30 00:00:00.0,,,5397,1,,98101.45,73190.34,1001009,0.00,CQBN
115,88,88,CQWZ,重庆万州,QY20,重庆,94112.54,,66857.00,39850.00,27007.00,0,重庆,1498,,西南,,1900-01-01 00:00:00.0,2013-07-05 00:00:00.0,,,5397,1,,94112.54,68730.06,1000563,0.00,CQWZ
293,238,231,CS1605,江苏常熟,SG08,无锡,97384.67,,70034.00,32509.00,37525.00,,常熟,1499,,华东,,1900-01-01 00:00:00.0,2017-07-22 00:00:00.0,,,5490,0,,98267.26,70033.85,1001605,0.00,
76,76,76,CSKF,长沙开福,QY23,长沙,125305.42,,92028.00,57021.00,35007.00,0,长沙,1498,,中南,,1900-01-01 00:00:00.0,2013-09-27 00:00:00.0,,,5395,1,,126833.51,88979.66,1000403,0.00,CSKF
243,214,207,CY1140,辽宁朝阳,QY05,沈阳,88156.71,,63310.00,27938.00,35372.00,0,朝阳,1501,,东北,,1900-01-01 00:00:00.0,2016-11-26 00:00:00.0,,,5502,1,,88156.71,60568.25,1001140,0.00,CY
321,266,259,CZ1648,常州溧阳,SG08,无锡,91712.70,,59805.00,21124.00,38681.00,,常州,1499,,华东,,1900-01-01 00:00:00.0,2018-06-01 00:00:00.0,,,5490,0,,91915.01,59308.23,1001648,0.00,
347,292,285,CZ1819,山西长治,QY24,太原,,,56297.00,28795.00,27502.00,,长治,1498,,华中,,2018-09-23 00:00:00.0,2018-09-22 00:00:00.0,,,5618,0,,,,1001819,0.00,
382,327,318,CZ2026,滁州万达广场,,,,,62647.00,23706.00,38941.00,,,,,,,2019-12-06 00:00:00.0,2019-12-06 00:00:00.0,,,,0,,,,1002026,0.00,
133,106,106,CZWJ,常州武进,SG08,无锡,90937.58,,68986.00,42991.00,25995.00,0,常州,1499,,华东,,1900-01-01 00:00:00.0,2014-08-08 00:00:00.0,,,5490,1,,91773.56,68869.72,1000705,0.00,CZWJ
213,184,177,D1143,东莞虎门,QY027,东莞,92756.46,,68701.00,42578.00,26123.00,0,东莞,1499,,华南,,1900-01-01 00:00:00.0,2016-12-16 00:00:00.0,,,5396,1,,93480.52,68700.89,1001143,0.00,D*HM
120,93,93,DD,辽宁丹东,QY05,沈阳,113330.54,,85372.00,55037.00,30335.00,0,丹东,1501,,东北,,1900-01-01 00:00:00.0,2013-12-20 00:00:00.0,,,5502,1,,113330.54,82576.00,1000625,0.00,DD
112,85,85,DGCA,东莞长安,QY027,东莞,118040.15,,83033.00,45085.00,37948.00,0,东莞,1499,,华南,,1900-01-01 00:00:00.0,2013-07-20 00:00:00.0,,,5396,1,,117849.12,85822.26,1000545,0.00,DGCA
147,104,104,DGDC,东莞东城,QY027,东莞,103372.65,,81124.00,58197.00,22927.00,0,东莞,1499,,华南,,1900-01-01 00:00:00.0,2014-09-12 00:00:00.0,,,5396,1,,105465.79,79249.31,1000707,0.00,DGDC
176,147,140,DGHJ,东莞厚街,QY027,东莞,88348.27,,64243.00,38312.00,25931.00,0,东莞,1499,,华南,,1900-01-01 00:00:00.0,2015-11-06 00:00:00.0,,,5396,1,,88348.27,63222.16,1001010,0.00,DGHJ
272,217,210,DL1285,大连普兰店,QY22,大连,80733.20,,55872.00,24631.00,31241.00,,大连,1498,,东北,,1900-01-01 00:00:00.0,2017-07-29 00:00:00.0,,,5502,0,,80733.20,55900.31,1001285,0.00,
273,218,211,DL1286,大连庄河,QY22,大连,79859.13,,55557.00,24164.00,31393.00,,大连,1498,,东北,,1900-01-01 00:00:00.0,2017-08-18 00:00:00.0,,,5502,0,,79859.13,55557.74,1001286,0.00,
289,234,227,DL1564,大连甘井子,QY22,大连,92542.63,,59242.00,23614.00,35628.00,,大连,1498,,东北,,1900-01-01 00:00:00.0,2017-09-29 00:00:00.0,,,5502,0,,93644.74,58428.35,1001564,0.00,
104,77,77,DLGX,大连高新,QY22,大连,129811.68,,110097.00,84734.00,25363.00,0,大连,1498,,东北,,1900-01-01 00:00:00.0,2013-05-25 00:00:00.0,,,5502,1,,133039.55,107597.05,1000423,0.00,DLGX
172,143,136,DLKFQ,大连开发区,QY22,大连,97575.32,,69020.00,40816.00,28204.00,0,大连,1498,,东北,,1900-01-01 00:00:00.0,2015-08-29 00:00:00.0,,,5502,1,,98445.32,69004.65,1001005,0.00,DLKFQ
244,215,208,DLWDZX,大连万达中心,QY22,大连,59698.48,,,,,,大连,1498,,东北,,2018-01-04 19:41:12.067,2012-02-25 00:00:00.0,,,5502,0,,59698.48,59698.48,1001204,0.00,DLWDZX
376,321,314,DQ1884,大庆让胡路,5564,黑龙江,,,,,,,大庆,1499,,东北,,2018-12-24 00:00:00.0,2018-12-23 00:00:00.0,,,5502,0,,,,1001884,0.00,
301,246,239,DT1628,山西大同,QY24,太原,103853.83,,67962.00,28650.00,39312.00,,大同,1501,,华中,,1900-01-01 00:00:00.0,2017-10-20 00:00:00.0,,,5618,0,,104276.99,67407.25,1001628,0.00,
169,140,133,DY,山东东营,QY02,济南,95140.45,,65185.00,35924.00,29261.00,0,东营,1501,,华北,,1900-01-01 00:00:00.0,2015-08-15 00:00:00.0,,,5503,1,,95756.70,65271.32,1000985,0.00,DY
218,189,182,DY1125,四川德阳,QY13,成都,88776.47,,65773.00,32144.00,33629.00,0,德阳,1501,,西南,,1900-01-01 00:00:00.0,2016-09-17 00:00:00.0,,,5397,1,,88776.47,65274.42,1001125,0.00,DY
334,279,272,DY1806,东营东城,QY02,济南,85741.26,,58488.00,24568.00,33920.00,,东营,1501,,华北,,2018-07-13 00:00:00.0,2018-07-12 00:00:00.0,,,5503,0,,85741.26,58264.67,1001806,0.00,
177,148,141,DZ,山东德州,QY02,济南,91703.69,,64797.00,38612.00,26185.00,0,德州,1501,,华北,,1900-01-01 00:00:00.0,2015-11-06 00:00:00.0,,,5503,1,,93156.23,62779.20,1001011,0.00,DZ
323,268,261,DZ1650,丹寨万达小镇,QY026,昆明,38997.82,,37962.00,2674.00,35288.00,,丹寨,1501,,西南,,1900-01-01 00:00:00.0,2017-07-01 00:00:00.0,,,5397,0,,38997.82,37962.16,1001650,0.00,
348,293,286,EE1820,鄂尔多斯,QY32,呼和浩特,,,,,,,鄂尔多斯,1501,,西北,,2019-10-01 00:00:00.0,2019-09-30 00:00:00.0,,,5565,0,,,,1001820,0.00,
237,208,201,FJ1153,福建三明,QY14,福州,88316.08,,64521.00,30887.00,33634.00,0,三明,1501,,东南,,1900-01-01 00:00:00.0,2016-12-30 00:00:00.0,,,5563,1,,88316.08,64521.39,1001153,0.00,FJSM
350,295,288,FJ1822,福建南平,QY14,福州,29550.00,,54961.00,27085.00,27876.00,,南平,1498,,东南,,2018-09-22 00:00:00.0,2018-12-01 00:00:00.0,,,5563,0,,29550.00,29550.00,1001822,0.00,
140,113,113,FQ,福建福清,QY14,福州,85402.85,,65080.00,43434.00,21646.00,0,福清,1501,,东南,,1900-01-01 00:00:00.0,2014-12-05 00:00:00.0,,,5563,1,,85637.86,65036.53,1000768,0.00,FQ
114,87,87,FS,辽宁抚顺,QY05,沈阳,121614.15,,86372.00,53152.00,33220.00,0,抚顺,1499,,东北,,1900-01-01 00:00:00.0,2013-10-25 00:00:00.0,,,5502,1,,121614.15,84468.22,1000547,0.00,FS
223,194,187,FS1133,佛山三水,SG13,广州,88715.32,,64220.00,29305.00,34915.00,0,佛山,1498,,华南,,1900-01-01 00:00:00.0,2016-11-18 00:00:00.0,,,5396,1,,88715.32,64219.10,1001133,0.00,FSSS
132,105,105,FSNH,佛山南海,SG13,广州,100630.78,,72251.00,46413.00,25838.00,0,佛山,1498,,华南,,1900-01-01 00:00:00.0,2014-08-29 00:00:00.0,,,5396,1,,101143.30,72302.50,1000706,0.00,FSNH
339,284,277,FX1811,辽宁阜新,QY05,沈阳,98429.46,,65115.00,24910.00,40205.00,,阜新,1501,,东北,,2018-08-11 00:00:00.0,2018-08-10 00:00:00.0,,,5502,0,,98429.46,65358.09,1001811,0.00,
234,205,198,FY1150,阜阳颍泉,SG14,合肥,86584.20,,64055.00,31744.00,32311.00,,阜阳,1499,,中南,,1900-01-01 00:00:00.0,2017-06-16 00:00:00.0,,,5395,0,,88409.64,64055.41,1001150,0.00,FY*Q
173,144,137,FYYZ,阜阳颍州,SG14,合肥,91173.81,,69533.00,45706.00,23827.00,0,阜阳,1499,,中南,,1900-01-01 00:00:00.0,2015-08-29 00:00:00.0,,,5395,1,,91878.18,69532.18,1001006,0.00,FYYZ
235,206,199,FZ1151,江西抚州,QY19,南昌,98008.87,,70025.00,32128.00,37897.00,,抚州,1501,,中南,,1900-01-01 00:00:00.0,2017-06-16 00:00:00.0,,,5395,0,,98008.87,70025.37,1001151,0.00,FZ
157,128,121,FZQYSGGS,福州区域商管公司,QY14,福州,,,,,,,,,,,,2014-06-25 00:00:00.0,2014-06-25 00:00:00.0,,,,0,,,,1000844,0.00,FZQYSGGS
195,166,159,GD1110,广东湛江,SG13,广州,92061.34,,66095.00,43507.00,22588.00,0,湛江,1499,,华南,,1900-01-01 00:00:00.0,2016-06-25 00:00:00.0,,,5396,1,,92061.34,64445.27,1001110,0.00,GDZJ
373,318,311,GG1846,广西贵港,QY46,南宁,,,,,,,贵港,1501,,华南,,2018-12-30 00:00:00.0,2018-12-29 00:00:00.0,,,5396,0,,,,1001846,0.00,
310,255,248,GL1637,桂林叠彩,QY46,南宁,101061.64,,68000.00,31041.00,36959.00,,桂林,1499,,华南,,1900-01-01 00:00:00.0,2017-11-24 00:00:00.0,,,5396,0,,101505.03,67187.35,1001637,0.00,
166,137,130,GLQX,桂林高新,QY46,南宁,97311.21,,66084.00,38562.00,27522.00,0,桂林,1499,,华南,,1900-01-01 00:00:00.0,2015-09-12 00:00:00.0,,,5396,1,,98100.78,66084.18,1000924,0.00,GLQX
320,265,258,GY1647,贵阳观山湖,QY026,昆明,119692.78,,75037.00,30702.00,44335.00,,贵阳,1501,,西南,,1900-01-01 00:00:00.0,2018-05-25 00:00:00.0,,,5397,0,,120735.44,76278.17,1001647,0.00,
370,315,308,GZ1843,广州新塘,SG13,广州,,,59943.00,25500.00,34443.00,,广州,1497,,华南,,2018-12-29 00:00:00.0,2018-12-28 00:00:00.0,,,5396,0,,,,1001843,0.00,
107,80,80,GZFY,广州番禺,SG13,广州,99908.40,,82948.00,60701.00,22247.00,0,广州,1497,,华南,,1900-01-01 00:00:00.0,2014-11-08 00:00:00.0,,,5396,1,,103801.76,81757.20,1000503,0.00,GZFY
162,133,126,GZLG,广州萝岗,SG13,广州,93412.57,,71013.00,49150.00,21863.00,0,广州,1497,,华南,,1900-01-01 00:00:00.0,2015-07-17 00:00:00.0,,,5396,1,,93588.77,71012.34,1000904,0.00,GZLG
181,152,145,GZNS,广州南沙,SG13,广州,85238.06,,66490.00,46678.00,19812.00,0,广州,1497,,华南,,1900-01-01 00:00:00.0,2015-12-22 00:00:00.0,,,5396,1,,86187.04,64922.10,1001015,0.00,GZNS
122,95,95,GZZC,广州增城,SG13,广州,95817.23,,76368.00,54869.00,21499.00,0,广州,1497,,华南,,1900-01-01 00:00:00.0,2014-05-16 00:00:00.0,,,5396,1,,98016.85,76060.53,1000643,0.00,GZZC
189,160,153,HB1104,湖北荆门,QY07,武汉,87692.25,,67538.00,46133.00,21405.00,0,荆门,1501,,华中,,1900-01-01 00:00:00.0,2016-06-03 00:00:00.0,,,5618,1,,87909.58,66343.07,1001104,0.00,HBJM
201,172,165,HB1116,湖北十堰,QY07,武汉,90193.96,,66515.00,41608.00,24907.00,0,十堰,1501,,华中,,1900-01-01 00:00:00.0,2016-08-05 00:00:00.0,,,5618,1,,91087.28,65714.59,1001116,0.00,HBSY
332,277,270,HB1804,鹤壁淇滨,QY18,郑州,94073.56,,62096.00,25972.00,36124.00,,鹤壁,1498,,华中,,1900-01-01 00:00:00.0,2018-06-22 00:00:00.0,,,5618,0,,94073.56,60806.29,1001804,0.00,
340,285,278,HB1812,安徽淮北,SG14,合肥,91842.80,,59350.00,22203.00,37147.00,,淮北,1501,,中南,,2018-09-29 00:00:00.0,2018-09-28 00:00:00.0,,,5395,0,,91842.80,59100.99,1001812,0.00,
161,132,125,HBHS,湖北黄石,QY07,武汉,82640.44,,58889.00,37383.00,21506.00,0,黄石,1501,,华中,,1900-01-01 00:00:00.0,2015-07-03 00:00:00.0,,,5618,1,,83917.88,58891.03,1000887,0.00,HBHS
324,269,262,HE1651,哈尔滨万达茂,QY08,哈尔滨,131638.85,,83992.00,48801.00,35191.00,,哈尔滨,1498,,东北,,1900-01-01 00:00:00.0,2017-06-30 00:00:00.0,,,5502,0,,131638.85,83991.24,1001651,0.00,
116,89,89,HEBHX,哈尔滨哈西,QY08,哈尔滨,147479.31,,119512.00,83698.00,35814.00,0,哈尔滨,1498,,东北,,1900-01-01 00:00:00.0,2013-09-13 00:00:00.0,,,5502,1,,147479.31,118169.82,1000583,0.00,HEBHX
205,176,169,HF1120,合肥瑶海,SG14,合肥,87119.70,,63518.00,40178.00,23340.00,0,合肥,1498,,中南,,1900-01-01 00:00:00.0,2016-09-09 00:00:00.0,,,5395,1,,87474.70,62672.48,1001120,0.00,HFYH
242,213,206,HF1184,合肥万达茂,SG14,合肥,125051.35,,86187.00,43285.00,42902.00,0,合肥,1498,,中南,,1900-01-01 00:00:00.0,2016-09-24 00:00:00.0,,,5395,1,,125051.35,86187.29,1001184,0.00,HFWDC
325,270,263,HF1664,合肥万达城酒吧街,SG14,合肥,0.00,,,,,,合肥,1498,,中南,,2018-01-04 19:41:40.553,2016-09-24 00:00:00.0,,,5395,0,,15497.67,0.00,1001664,0.00,
355,300,293,HF1827,合肥巢湖,SG14,合肥,,,65328.00,29760.00,35568.00,,合肥,1498,,中南,,2018-11-03 00:00:00.0,2018-11-02 00:00:00.0,,,5395,0,,,,1001827,0.00,
322,267,260,HG1649,湖北黄冈,QY07,武汉,92031.58,,58879.00,22930.00,35949.00,,黄冈,1501,,华中,,1900-01-01 00:00:00.0,2018-06-22 00:00:00.0,,,5618,0,,92470.45,57808.13,1001649,0.00,
232,203,196,HK1148,海口秀英,SG13,广州,98594.52,,71407.00,31217.00,40190.00,0,海口,1499,,华南,,1900-01-01 00:00:00.0,2016-12-23 00:00:00.0,,,5396,1,,98594.52,71407.38,1001148,0.00,HKXY
360,305,298,HN1832,安徽淮南,SG14,合肥,86682.03,,56962.00,28896.00,28066.00,,淮南,1501,,中南,,2018-09-08 00:00:00.0,2018-09-07 00:00:00.0,,,5395,0,,87245.24,53600.46,1001832,0.00,
287,232,225,HS1525,呼市回民区,QY32,呼和浩特,88628.31,,62133.00,31755.00,30378.00,,呼和浩特,1498,,西北,,1900-01-01 00:00:00.0,2017-08-25 00:00:00.0,,,5565,0,,88628.31,60570.47,1001525,0.00,
300,245,238,HY1627,湖南衡阳,QY23,长沙,97968.21,,67907.00,32340.00,35567.00,,衡阳,1499,,中南,,1900-01-01 00:00:00.0,2017-09-29 00:00:00.0,,,5395,0,,97968.21,67906.71,1001627,0.00,
233,204,197,HZ1149,浙江湖州,QY16,杭州,98099.53,,69195.00,30418.00,38777.00,0,湖州,1501,,东南,,1900-01-01 00:00:00.0,2016-12-29 00:00:00.0,,,5563,1,,98099.53,68822.33,1001149,0.00,HZ
309,254,247,HZ1636,惠州大亚湾,QY027,东莞,106664.45,,68934.00,26588.00,42346.00,,惠州,1499,,华南,,1900-01-01 00:00:00.0,2017-11-24 00:00:00.0,,,5396,0,,106664.45,68345.71,1001636,0.00,
357,302,295,HZ1829,山东菏泽,QY02,济南,,,65824.00,24068.00,41756.00,,菏泽,1498,,华北,,2018-11-17 00:00:00.0,2018-11-16 00:00:00.0,,,5503,0,,,,1001829,0.00,
142,115,115,HZGS,杭州拱墅,QY16,杭州,97251.01,,75040.00,51986.00,23054.00,0,杭州,1498,,东南,,1900-01-01 00:00:00.0,2014-12-12 00:00:00.0,,,5563,1,,98481.40,73316.34,1000770,0.00,HZGS
129,102,102,JH,浙江金华,QY12,宁波,99194.55,,72542.00,48151.00,24391.00,0,金华,1499,,东南,,1900-01-01 00:00:00.0,2014-07-25 00:00:00.0,,,5563,1,,100053.90,72721.93,1000685,0.00,JH
283,228,221,JJ1504,江西九江,QY19,南昌,88497.41,,64139.00,30091.00,34048.00,,九江,1499,,中南,,1900-01-01 00:00:00.0,2017-07-08 00:00:00.0,,,5395,0,,88497.41,64138.98,1001504,0.00,
330,275,268,JJ1784,晋江古厝,QY15,厦门,0.00,,,,,,晋江,1501,,东南,,2018-04-03 00:00:00.0,2018-04-02 00:00:00.0,,,5563,0,,3051.91,0.00,1001784,0.00,
298,243,236,JL1625,吉林昌邑,QY01,长春,88616.21,,64216.00,31182.00,33034.00,,吉林市,1499,,东北,,1900-01-01 00:00:00.0,2017-09-15 00:00:00.0,,,5502,0,,88616.21,63242.20,1001625,0.00,
139,112,112,JM,江门蓬江,SG13,广州,96978.68,,73188.00,51689.00,21499.00,0,江门,1499,,华南,,1900-01-01 00:00:00.0,2014-11-28 00:00:00.0,,,5396,1,,97425.26,71142.27,1000767,0.00,JM
344,289,282,JM1816,江门新会,SG13,广州,101498.52,,67340.00,26107.00,41233.00,,江门,1499,,华南,,2018-08-25 00:00:00.0,2018-08-24 00:00:00.0,,,5396,0,,101498.52,67189.85,1001816,0.00,
174,145,138,JMS,佳木斯,5564,黑龙江,82515.85,,58418.00,39407.00,19011.00,0,佳木斯,1501,,东北,,1900-01-01 00:00:00.0,2015-09-12 00:00:00.0,,,5502,1,,82983.30,58417.62,1001007,0.00,JMS
128,101,101,JN,济宁太白路,QY02,济南,90394.61,,65630.00,34595.00,31035.00,0,济宁,1499,,华北,,1900-01-01 00:00:00.0,2014-07-05 00:00:00.0,,,5503,1,,90394.61,64414.22,1000664,0.00,JN
193,164,157,JN1108,济南高新,QY02,济南,97364.59,,68505.00,40449.00,28056.00,0,济南,1498,,华北,,1900-01-01 00:00:00.0,2016-06-18 00:00:00.0,,,5503,1,,97364.59,66764.37,1001108,0.00,JNGX
304,249,242,JQ1631,甘肃酒泉,QY025,银川,88622.14,,62313.00,26980.00,35333.00,,酒泉,1501,,西北,,1900-01-01 00:00:00.0,2017-11-10 00:00:00.0,,,5565,0,,88622.14,62313.46,1001631,0.00,
277,222,215,JS1425,广州金沙洲,SG13,广州,103909.06,,74935.00,50504.00,24431.00,,广州,1497,,华南,,1900-01-01 00:00:00.0,2017-06-30 00:00:00.0,,,5396,0,,104070.06,74935.00,1001425,0.00,
362,307,300,JS1834,江苏宿迁,QY04,南京,,,63646.00,25200.00,38446.00,,宿迁,1501,,华东,,2018-12-08 00:00:00.0,2018-12-07 00:00:00.0,,,5490,0,,,,1001834,0.00,
197,168,161,JX1112,黑龙江鸡西,5564,黑龙江,77059.36,,56936.00,39175.00,17761.00,0,鸡西,1501,,东北,,1900-01-01 00:00:00.0,2016-07-15 00:00:00.0,,,5502,1,,77059.36,55452.14,1001112,0.00,JX
335,280,273,JX1807,嘉兴龙鼎,QY16,杭州,112252.40,,64019.00,29460.00,34559.00,,嘉兴,1499,,东南,,1900-01-01 00:00:00.0,2018-05-25 00:00:00.0,,,5563,0,,112252.40,64670.45,1001807,0.00,
136,109,109,JZ,湖北荆州,QY07,武汉,98666.27,,78927.00,54300.00,24627.00,0,荆州,1499,,华中,,1900-01-01 00:00:00.0,2014-09-20 00:00:00.0,,,5618,1,,98931.54,77324.62,1000764,0.00,JZ
280,225,218,JZ1444,山西晋中,QY24,太原,97916.82,,68105.00,29929.00,38176.00,,晋中,1501,,华中,,1900-01-01 00:00:00.0,2017-08-18 00:00:00.0,,,5618,0,,97916.82,68105.30,1001444,0.00,
285,230,223,JZ1507,辽宁锦州,QY05,沈阳,99028.85,,67720.00,28717.00,39003.00,,锦州,1499,,东北,,1900-01-01 00:00:00.0,2017-09-01 00:00:00.0,,,5502,0,,99028.85,67275.14,1001507,0.00,
290,235,228,JZ1584,河南焦作,QY18,郑州,104751.71,,68953.00,27327.00,41626.00,,焦作,1501,,华中,,1900-01-01 00:00:00.0,2017-06-30 00:00:00.0,,,5618,0,,105633.48,68952.66,1001584,0.00,
359,304,297,KF1831,河南开封,QY18,郑州,,,66831.00,27629.00,39202.00,,开封,1501,,华中,,2018-09-29 00:00:00.0,2018-09-28 00:00:00.0,,,5618,0,,,,1001831,0.00,
135,108,108,KMCBD,昆明CBD,QY026,昆明,105727.90,,78911.00,54349.00,24562.00,0,昆明,1498,,西南,,1900-01-01 00:00:00.0,2014-10-31 00:00:00.0,,,5397,1,,105727.90,76180.70,1000744,0.00,KMCBD
292,237,230,KS1604,江苏昆山,SG08,无锡,82744.98,,57450.00,29326.00,28124.00,,昆山,1499,,华东,,1900-01-01 00:00:00.0,2017-07-08 00:00:00.0,,,5490,0,,84003.18,57449.96,1001604,0.00,
238,209,202,LA1154,安徽六安,SG14,合肥,96051.81,,66166.00,28836.00,37330.00,0,六安,1501,,中南,,1900-01-01 00:00:00.0,2016-12-31 00:00:00.0,,,5395,1,,98958.96,66166.57,1001154,0.00,LA
313,258,251,LP1640,贵州六盘水,QY026,昆明,93817.50,,62762.00,23944.00,38818.00,,六盘水,1501,,西南,,1900-01-01 00:00:00.0,2017-12-08 00:00:00.0,,,5397,0,,93817.50,62206.19,1001640,0.00,
219,190,183,LS1126,四川乐山,QY13,成都,88335.25,,64461.00,31095.00,33366.00,0,乐山,1501,,西南,,1900-01-01 00:00:00.0,2016-09-23 00:00:00.0,,,5397,1,,88335.25,64461.35,1001126,0.00,LS
138,111,111,LY,福建龙岩,QY15,厦门,84508.61,,62823.00,44014.00,18809.00,0,龙岩,1501,,东南,,1900-01-01 00:00:00.0,2014-11-07 00:00:00.0,,,5563,1,,84508.61,59901.84,1000766,0.00,LY
225,196,189,LY1135,江苏连云港,QY04,南京,108624.96,,77529.00,35636.00,41893.00,0,连云港,1501,,华东,,1900-01-01 00:00:00.0,2016-11-18 00:00:00.0,,,5490,1,,108624.96,77529.11,1001135,0.00,LYG
228,199,192,LY1139,辽宁辽阳,QY05,沈阳,97902.13,,70187.00,28967.00,41220.00,0,辽阳,1501,,东北,,1900-01-01 00:00:00.0,2017-07-28 00:00:00.0,,,5502,1,,97902.13,69826.11,1001139,0.00,LY
137,110,110,LZ,兰州城关,QY025,银川,104588.24,,84603.00,63547.00,21056.00,0,兰州,1498,,西北,,1900-01-01 00:00:00.0,2014-10-24 00:00:00.0,,,5565,1,,104588.24,82711.64,1000765,0.00,LZ
240,211,204,LZ1156,柳州柳南,QY46,南宁,88891.05,,62764.00,27480.00,35284.00,0,柳州,1499,,华南,,1900-01-01 00:00:00.0,2016-12-31 00:00:00.0,,,5396,1,,88891.05,62764.17,1001156,0.00,LZLN
336,281,274,LZ1808,四川泸州,QY13,成都,99980.30,,67762.00,29732.00,38030.00,,泸州,1501,,西南,,1900-01-01 00:00:00.0,2018-06-01 00:00:00.0,,,5397,0,,99980.30,66201.43,1001808,0.00,
178,149,142,LZCZ,柳州城中,QY46,南宁,92201.35,,72476.00,49910.00,22566.00,0,柳州,1499,,华南,,1900-01-01 00:00:00.0,2015-11-27 00:00:00.0,,,5396,1,,93050.34,69963.18,1001012,0.00,LZCZ
134,107,107,MAS,安徽马鞍山,SG14,合肥,94468.39,,74191.00,51145.00,23046.00,0,马鞍山,1501,,中南,,1900-01-01 00:00:00.0,2014-09-19 00:00:00.0,,,5395,1,,94468.39,74095.31,1000708,0.00,MAS
198,169,162,MD1113,牡丹江,5564,黑龙江,86208.73,,57343.00,30386.00,26957.00,0,牡丹江,1501,,东北,,1900-01-01 00:00:00.0,2016-07-22 00:00:00.0,,,5502,1,,87050.73,57342.77,1001113,0.00,MDJ
345,290,283,MS1817,四川眉山,QY13,成都,91435.58,,58809.00,25386.00,33423.00,,眉山,1501,,西南,,2018-07-28 00:00:00.0,2018-07-27 00:00:00.0,,,5397,0,,92422.78,58618.20,1001817,0.00,
380,325,316,MY1986,绵阳CBD,,,,,55130.00,34095.00,21035.00,,,,,,,2018-12-21 00:00:00.0,2018-12-21 00:00:00.0,,,,0,,,,1001986,0.00,
220,191,184,MZ1127,广东梅州,QY027,东莞,88597.02,,64976.00,29335.00,35641.00,0,梅州,1499,,华南,,1900-01-01 00:00:00.0,2016-09-23 00:00:00.0,,,5396,1,,88597.02,64497.42,1001127,0.00,MZ
124,97,97,MZL,满洲里,QY32,呼和浩特,60446.51,,44067.00,25707.00,18360.00,0,满洲里,1501,,西北,,1900-01-01 00:00:00.0,2014-06-27 00:00:00.0,,,5565,1,,94130.49,42227.36,1000645,0.00,MZL
333,278,271,NB1805,宁波奉化,QY12,宁波,87937.45,,57102.00,26772.00,30330.00,,宁波,1498,,东南,,1900-01-01 00:00:00.0,2018-05-26 00:00:00.0,,,5563,0,,88426.45,58142.96,1001805,0.00,
241,212,205,NC1164,南昌万达茂,QY19,南昌,125279.62,,83813.00,40047.00,43766.00,0,南昌,1498,,中南,,1900-01-01 00:00:00.0,2016-05-28 00:00:00.0,,,5395,1,,125279.62,82025.07,1001164,0.00,NCWDCGC
327,272,265,NC1704,南昌万达城酒吧街,QY19,南昌,0.00,,0.00,0.00,0.00,,南昌,1498,,中南,,2018-01-04 19:41:54.56,2017-09-08 00:00:00.0,,,5395,0,,18659.07,0.00,1001704,0.00,
365,310,303,NC1838,南昌青山湖,QY19,南昌,,,64467.00,24900.00,39567.00,,南昌,1498,,中南,,2018-12-22 00:00:00.0,2018-12-21 00:00:00.0,,,5395,0,,,,1001838,0.00,
184,155,148,NCBY,南昌八一,QY19,南昌,27005.73,,27006.00,27006.00,0.00,,南昌,1498,,中南,,2018-01-09 11:23:04.98,2003-08-28 00:00:00.0,,,5395,0,,27005.73,27005.73,1001064,0.00,NCBY
337,282,275,NJ1809,南京仙林万达茂,QY04,南京,109020.26,,68786.00,33391.00,35395.00,,南京,1498,,华东,,1900-01-01 00:00:00.0,2018-06-01 00:00:00.0,,,5490,0,,109890.70,69679.82,1001809,0.00,
367,312,305,NJ1840,南京溧水,QY04,南京,,,67366.00,25092.00,42274.00,,南京,1498,,华东,,2018-12-23 00:00:00.0,2018-09-28 00:00:00.0,,,5490,0,,,,1001840,0.00,
121,94,94,NJJN,南京江宁,QY04,南京,120300.55,,97447.00,65719.00,31728.00,0,南京,1498,,华东,,1900-01-01 00:00:00.0,2013-12-21 00:00:00.0,,,5490,1,,120300.55,95634.55,1000626,0.00,NJJN
143,116,116,NN,南宁青秀,QY46,南宁,110574.93,,88562.00,67441.00,21121.00,0,南宁,1498,,华南,,1900-01-01 00:00:00.0,2014-12-18 00:00:00.0,,,5396,1,,111397.29,85091.14,1000771,0.00,NN
278,223,216,NN1404,南宁万达茂,QY46,南宁,95360.57,,64741.00,33998.00,30743.00,,南宁,1498,,华南,,1900-01-01 00:00:00.0,2017-06-17 00:00:00.0,,,5396,0,,95485.49,64741.16,1001404,0.00,
279,224,217,NN1405,南宁江南,QY46,南宁,101833.61,,73265.00,40298.00,32967.00,,南宁,1498,,华南,,1900-01-01 00:00:00.0,2017-06-23 00:00:00.0,,,5396,0,,102647.83,72241.06,1001405,0.00,
167,138,131,NNAJ,南宁安吉,QY46,南宁,92287.17,,65238.00,40818.00,24420.00,0,南宁,1498,,华南,,1900-01-01 00:00:00.0,2015-12-05 00:00:00.0,,,5396,1,,92668.26,63691.85,1000944,0.00,NNAJ
180,151,144,NT,南通港闸,SG08,无锡,92773.62,,63787.00,39924.00,23863.00,0,南通,1499,,华东,,1900-01-01 00:00:00.0,2015-12-11 00:00:00.0,,,5490,2,,93154.11,65593.94,1001014,0.00,NT
315,260,253,NT1642,南通通州,SG08,无锡,101666.33,,67012.00,28904.00,38108.00,,南通,1499,,华东,,1900-01-01 00:00:00.0,2017-12-15 00:00:00.0,,,5490,0,,101666.33,66707.25,1001642,0.00,
286,231,224,PD1524,河南平顶山,QY18,郑州,99160.30,,70078.00,28003.00,42075.00,,平顶山,1501,,华中,,1900-01-01 00:00:00.0,2017-11-24 00:00:00.0,,,5618,0,,99160.30,68444.03,1001524,0.00,
207,178,171,PJ1122,辽宁盘锦,QY05,沈阳,95953.75,,65593.00,31084.00,34509.00,0,盘锦,1501,,东北,,1900-01-01 00:00:00.0,2016-09-09 00:00:00.0,,,5502,1,,97349.30,65592.61,1001122,0.00,PJ
291,236,229,QD1506,青岛港湾,QY03,青岛,50672.29,,37120.00,20516.00,16604.00,,青岛,1498,,华北,,2018-01-16 10:51:12.59,2017-09-29 00:00:00.0,,,5503,0,,50672.29,37119.66,1001506,0.00,
329,274,267,QD1744,青岛万达茂,QY03,青岛,114016.28,,75704.00,43966.00,31738.00,,青岛,1498,,华北,,1900-01-01 00:00:00.0,2018-04-28 00:00:00.0,,,5503,0,,114016.28,73469.95,1001744,0.00,
374,319,312,QD1864,青岛东方影都酒吧街,QY03,青岛,0.00,,,,,,青岛,1498,,华北,,2018-04-09 16:53:56.88,2018-04-28 00:00:00.0,,,5503,0,,18736.25,0.00,1001864,0.00,
186,157,150,QDTDL,青岛台东路,QY03,青岛,27764.39,,27764.00,27764.00,0.00,,青岛,1498,,华北,,2018-01-09 11:23:04.98,2003-09-25 00:00:00.0,,,5503,0,,27764.39,27764.39,1001066,0.00,QDTDL
303,248,241,QJ1630,云南曲靖,QY026,昆明,98616.27,,63924.00,24423.00,39501.00,,曲靖,1501,,西南,,1900-01-01 00:00:00.0,2017-10-27 00:00:00.0,,,5397,0,,98616.27,63924.18,1001630,0.00,
164,135,128,QQHE,齐齐哈尔,5564,黑龙江,92574.59,,62890.00,36738.00,26152.00,0,齐齐哈尔,1499,,东北,,1900-01-01 00:00:00.0,2015-08-01 00:00:00.0,,,5502,1,,93183.09,71053.23,1000906,0.00,QQHE
1,1,1,QY0101,长春重庆路,QY01,长春,0.00,,2.00,1.00,1.00,0,长春,0,,东北,,2014-12-02 00:00:00.0,2003-01-16 00:00:00.0,,,2,2,,0.00,0.00,,0.00,QY0101
29,29,29,QY0102,长春红旗街,QY01,长春,101338.42,,67485.00,34019.00,33466.00,830,长春,1498,1,东北,,1900-01-01 00:00:00.0,2010-10-29 00:00:00.0,,,5502,3,,101338.42,65412.05,1000276,0.00,QY0102
4,4,4,QY0201,济南泉城路,QY02,济南,0.00,,1.00,1.00,1.00,0,济南,0,,华北,,2016-09-02 00:00:00.0,2003-09-17 00:00:00.0,,,5,2,,0.00,0.00,,0.00,QY0201
32,32,32,QY0202,济南魏家庄,QY02,济南,108767.84,,82143.00,56450.00,25693.00,0,济南,1498,,华北,,1900-01-01 00:00:00.0,2010-11-19 00:00:00.0,,,5503,3,,108767.84,80485.88,1000263,0.00,QY0202
5,5,5,QY0301,青岛台东路,QY03,青岛,0.00,,,,,,,,,华中,,2015-07-16 15:30:04.183,2003-09-25 00:00:00.0,,,3,0,,,,,0.00,QY0301
22,22,22,QY0302,青岛CBD,QY03,青岛,108115.57,,81371.00,55321.00,26050.00,0,青岛,1498,,华北,,1900-01-01 00:00:00.0,2009-11-27 00:00:00.0,,,5503,3,,108115.57,84658.13,1000271,0.00,QY0302
6,6,6,QY0401,南京新街口,,,0.00,,,,,,,,,华中,,2011-04-12 22:34:16.14,2004-01-01 00:00:00.0,,,3,0,,,,,0.00,QY0401
24,24,24,QY0402,南京建邺,QY04,南京,144179.67,,120973.00,97585.00,23388.00,0,南京,1498,,华东,,1900-01-01 00:00:00.0,2009-12-18 00:00:00.0,,,5490,3,,144179.67,118141.42,1000289,0.00,QY0402
21,21,21,QY0501,沈阳太原街,QY05,沈阳,66006.96,,43381.00,10607.00,32774.00,292,沈阳,1498,4,东北,,1900-01-01 00:00:00.0,2009-11-20 00:00:00.0,,,5502,3,,66006.96,41341.63,1000277,0.00,QY0501
27,27,27,QY0502,沈阳铁西,QY05,沈阳,113323.12,,85892.00,57417.00,28475.00,846,沈阳,1498,1,东北,,1900-01-01 00:00:00.0,2010-08-20 00:00:00.0,,,5502,3,,113323.12,84783.68,1000266,0.00,QY0502
7,7,7,QY0601,天津金街,QY06,天津,0.00,,,,,,,,,东北区,,2015-07-16 15:30:46.257,2003-12-24 00:00:00.0,,,,0,,,,,100.00,QY0601
33,33,33,QY0602,天津河东,QY06,天津,119039.79,,97261.00,75225.00,22036.00,0,天津,1498,,华北,,1900-01-01 00:00:00.0,2010-11-20 00:00:00.0,,,5503,1,,119039.79,96114.03,1000275,0.00,QY0602
9,9,9,QY0701,武汉江汉路,QY07,武汉,0.00,,,,,,,,,华中,,2011-04-12 22:34:16.14,2004-12-18 00:00:00.0,,,3,0,,,,,0.00,QY0701
39,39,39,QY0702,武汉菱角湖,QY07,武汉,112794.70,,88156.00,62255.00,25901.00,938,武汉,1498,1,华中,,1900-01-01 00:00:00.0,2010-12-18 00:00:00.0,,,5618,3,,112794.70,85443.23,1000292,0.00,QY0702
10,10,10,QY0801,哈尔滨中央大街,,,0.00,,,,,,,,,东北区,,2011-04-12 22:34:16.14,2005-04-15 00:00:00.0,,,,0,,,,,0.00,QY0801
15,15,15,QY0802,哈尔滨香坊,QY08,哈尔滨,88687.93,,75364.00,63021.00,12343.00,441,哈尔滨,1498,1,东北,,1900-01-01 00:00:00.0,2007-10-25 00:00:00.0,,,5502,4,,88687.93,74300.98,1000297,0.00,QY0802
14,14,14,QY0901,北京CBD万达广场,QY09,北京,0.00,,63900.00,62900.00,0.00,1,北京,1,4,东北,,2012-06-07 00:00:00.0,2006-12-28 00:00:00.0,,,2,4,,2.00,1.00,1000443,1000.00,QY0901
18,18,18,QY0902,北京石景山,QY09,北京,97211.58,,84637.00,70899.00,13738.00,0,北京,1497,,华北,,1900-01-01 00:00:00.0,2008-12-20 00:00:00.0,,,5503,4,,97211.58,83436.84,1000265,0.00,QY0902
13,13,13,QY1001,上海五角场,QY10,上海,198765.39,,172649.00,142605.00,30044.00,0,上海,1497,,华东,,1900-01-01 00:00:00.0,2006-12-23 00:00:00.0,,,5490,4,,198765.39,175089.92,1000107,0.00,QY1001
20,20,20,QY1002,上海周浦,QY10,上海,117381.34,,98014.00,77379.00,20635.00,0,上海,1497,,华东,,1900-01-01 00:00:00.0,2009-09-19 00:00:00.0,,,5490,3,,117381.34,97504.06,1000274,0.00,QY1002
44,44,44,QY1003,上海江桥,QY10,上海,134068.32,,104318.00,67325.00,36993.00,0,上海,1497,,华东,,1900-01-01 00:00:00.0,2011-06-18 00:00:00.0,,,5490,2,,134068.32,104020.78,1000108,0.00,QY1003
17,17,17,QY1101,西安碑林,QY11,西安,98539.60,,83946.00,69350.00,14596.00,0,西安,1498,,西北,,1900-01-01 00:00:00.0,2008-05-16 00:00:00.0,,,5565,4,,98539.60,83122.38,1000293,0.00,QY1101
25,25,25,QY1102,西安民乐园,QY11,西安,106886.80,,65238.00,32598.00,32640.00,0,西安,1498,,西北,,1900-01-01 00:00:00.0,2009-12-19 00:00:00.0,,,5565,3,,106886.80,64253.15,1000290,0.00,QY1102
12,12,12,QY1201,宁波万达广场,,,1.00,,1.00,1.00,1.00,100,宁波,3,,华南区,,2011-05-06 00:00:00.0,2006-12-22 00:00:00.0,,,0,3,,,,,0.00,QY1201
36,36,36,QY1202,宁波江北,QY12,宁波,94819.77,,81810.00,53190.00,28620.00,0,宁波,1498,,东南,,1900-01-01 00:00:00.0,2010-12-10 00:00:00.0,,,5563,3,,94819.77,80673.03,1000264,0.00,QY1202
38,38,38,QY1203,绍兴柯桥,QY16,杭州,121598.18,,93808.00,62300.00,31508.00,0,绍兴,1499,,东南,,1900-01-01 00:00:00.0,2010-12-17 00:00:00.0,,,5563,3,,121598.18,91212.97,1000295,0.00,QY1203
43,43,43,QY1204,宁波鄞州,QY12,宁波,202293.91,,193359.00,162177.00,31182.00,0,宁波,1498,,东南,,1900-01-01 00:00:00.0,2006-12-22 00:00:00.0,,,5563,4,,202293.91,169271.68,1000109,0.00,QY1204
271,216,209,QY1284,广东清远,SG13,广州,98384.40,,70796.00,27472.00,43324.00,0,清远,1501,,华南,,1900-01-01 00:00:00.0,2016-12-29 00:00:00.0,,,5396,1,,98384.40,70795.95,1001284,0.00,
16,16,16,QY1301,成都锦华路,QY13,成都,146451.72,,127925.00,102727.00,25198.00,0,成都,1498,,西南,,1900-01-01 00:00:00.0,2007-12-22 00:00:00.0,,,5397,4,,146451.72,132135.24,1000284,0.00,QY1301
40,40,40,QY1401,福州金融街,QY14,福州,110131.95,,90651.00,71120.00,19531.00,1200,福州,1498,1,东南,,1900-01-01 00:00:00.0,2010-12-22 00:00:00.0,,,5563,3,,110131.95,89637.86,1000272,0.00,QY1401
368,313,306,QZ1841,泉州星光耀,QY15,厦门,,,,,,,泉州,1499,,东南,,2018-12-23 00:00:00.0,2018-12-22 00:00:00.0,,,5563,0,,,,1001841,0.00,
377,322,315,QZ1885,泉州安溪,QY15,厦门,,,62309.00,32781.00,29528.00,,泉州,1499,,东南,,2018-12-29 00:00:00.0,2018-12-28 00:00:00.0,,,5563,0,,,,1001885,0.00,
148,120,120,SCGY,四川广元,QY13,成都,87288.47,,60227.00,37217.00,23010.00,0,广元,1501,,西南,,1900-01-01 00:00:00.0,2015-06-05 00:00:00.0,,,5397,4,,87566.26,59890.48,1000864,0.00,SCGY
160,131,124,SCNJ,四川内江,QY13,成都,89283.16,,68197.00,49009.00,19188.00,0,内江,1501,,西南,,1900-01-01 00:00:00.0,2015-06-26 00:00:00.0,,,5397,1,,89649.14,68145.88,1000886,0.00,SCNJ
171,142,135,SDTA,山东泰安,QY02,济南,89192.27,,68551.00,47181.00,21370.00,0,泰安,1499,,华北,,1900-01-01 00:00:00.0,2015-08-21 00:00:00.0,,,5503,1,,90672.73,68550.49,1001004,0.00,SDTA
2,2,2,SG01,长沙万达广场,QY23,长沙,150000.00,,100000.00,50000.00,40000.00,300,长沙,2,,华中,,2013-12-25 15:39:27.647,2003-06-19 00:00:00.0,,,3,0,,,,,0.00,SG01
3,3,3,SG02,南昌万达广场,QY19,南昌,0.00,,2.00,1.00,1.00,1,南昌,2,2,华南,,2013-12-25 15:40:11.127,2003-08-28 00:00:00.0,,,1,2,,1.00,1.00,,6929.00,SG02
8,8,8,SG03,南宁万达广场,QY46,南宁,0.00,,,,,,,,,华南区,,2013-12-25 15:40:20.89,2004-07-17 00:00:00.0,,,,0,,,,,0.00,SG03
11,11,11,SG04,大连万达广场,QY22,大连,0.00,,,,,,,,,东北区,,2013-12-25 15:39:54.807,2005-12-24 00:00:00.0,,,,0,,,,,100000000.10,SG04
19,19,19,SG05,苏州平江,SG08,无锡,94233.87,,74787.00,47855.00,26932.00,0,苏州,1498,,华东,,1900-01-01 00:00:00.0,2009-09-17 00:00:00.0,,,5490,3,,94233.87,73852.35,1000296,0.00,SG05
23,23,23,SG06,重庆南坪,QY20,重庆,99836.27,,76730.00,50266.00,26464.00,0,重庆,1498,,西南,,1900-01-01 00:00:00.0,2009-12-11 00:00:00.0,,,5397,3,,99836.27,75437.74,1000294,0.00,SG06
26,26,26,SG07,河南洛阳,QY18,郑州,67073.66,,58552.00,50031.00,8521.00,0,洛阳,1499,,华中,,1900-01-01 00:00:00.0,2009-12-22 00:00:00.0,,,5618,3,,67073.66,57933.98,1000300,0.00,SG07
28,28,28,SG08,无锡滨湖,SG08,无锡,116044.25,,95563.00,75016.00,20547.00,0,无锡,1498,,华东,,1900-01-01 00:00:00.0,2010-09-17 00:00:00.0,,,5490,3,,116044.25,92978.36,1000288,0.00,SG08
30,30,30,SG09,包头青山,QY32,呼和浩特,126560.39,,102943.00,79113.00,23830.00,779,包头,1499,1,西北,,1900-01-01 00:00:00.0,2010-11-04 00:00:00.0,,,5565,3,,126560.39,101780.45,1000302,0.00,SG09
31,31,31,SG10,呼和浩特,QY32,呼和浩特,118195.50,,98455.00,77260.00,21195.00,925,呼和浩特,1498,1,西北,,1900-01-01 00:00:00.0,2010-11-05 00:00:00.0,,,5565,3,,118195.50,97018.33,1000303,0.00,SG10
34,34,34,SG11,湖北襄阳,QY07,武汉,109144.07,,87791.00,65802.00,21989.00,950,襄阳,1499,1,华中,,1900-01-01 00:00:00.0,2010-11-26 00:00:00.0,,,5618,3,,109144.07,86429.09,1000281,0.00,SG11
35,35,35,SG12,湖北宜昌,QY07,武汉,96994.94,,79457.00,60417.00,19040.00,720,宜昌,1501,1,华中,,1900-01-01 00:00:00.0,2010-11-27 00:00:00.0,,,5618,3,,96994.94,78533.80,1000298,0.00,SG12
37,37,37,SG13,广州白云,SG13,广州,109709.99,,90172.00,70365.00,19807.00,1241,广州,1497,1,华南,,1900-01-01 00:00:00.0,2010-12-17 00:00:00.0,,,5396,3,,109709.99,88983.40,1000280,0.00,SG13
41,41,41,SG14,合肥包河,SG14,合肥,122157.49,,98873.00,75466.00,23407.00,1088,合肥,1498,1,中南,,1900-01-01 00:00:00.0,2010-12-23 00:00:00.0,,,5395,3,,122157.49,97620.69,1000110,0.00,SG14
42,42,42,SG15,江苏淮安,QY04,南京,114769.76,,93818.00,66798.00,27020.00,0,淮安,1501,,华东,,1900-01-01 00:00:00.0,2011-01-07 00:00:00.0,,,5490,3,,114769.76,94065.88,1000270,0.00,SG15
319,264,257,SH1646,上海闵行颛桥,QY10,上海,108006.75,,75128.00,36138.00,38990.00,,上海,1497,,华东,,1900-01-01 00:00:00.0,2017-12-22 00:00:00.0,,,5490,0,,108635.99,72893.06,1001646,0.00,
343,288,281,SH1815,黑龙江绥化,5564,黑龙江,,,57811.00,25733.00,32078.00,,绥化,1498,,东北,,2018-10-01 00:00:00.0,2018-09-30 00:00:00.0,,,5502,0,,,,1001815,0.00,
163,134,127,SHJS,上海金山,QY10,上海,86611.99,,63664.00,41914.00,21750.00,0,上海,1497,,华东,,1900-01-01 00:00:00.0,2015-07-17 00:00:00.0,,,5490,1,,86611.99,61739.42,1000905,0.00,SHJS
126,99,99,SHSJ,上海松江,QY10,上海,115789.92,,93688.00,61880.00,31808.00,0,上海,1497,,华东,,1900-01-01 00:00:00.0,2014-05-30 00:00:00.0,,,5490,1,,115789.92,92085.70,1000663,0.00,SHSJ
221,192,185,SM1129,河南三门峡,QY18,郑州,87882.07,,64807.00,30270.00,34537.00,0,三门峡,1501,,华中,,1900-01-01 00:00:00.0,2016-10-21 00:00:00.0,,,5618,1,,102600.00,64806.86,1001129,0.00,SMX
209,180,173,SN1131,四川遂宁,QY13,成都,90037.52,,65702.00,41761.00,23941.00,0,遂宁,1501,,西南,,1900-01-01 00:00:00.0,2016-10-21 00:00:00.0,,,5397,1,,90872.74,65701.37,1001131,0.00,SN
196,167,160,SP1111,吉林四平,QY01,长春,86950.00,,55907.00,30466.00,25441.00,0,四平,1501,,东北,,1900-01-01 00:00:00.0,2016-07-01 00:00:00.0,,,5502,1,,87516.00,55851.43,1001111,0.00,SP
341,286,279,SQ1813,商丘睢阳,QY18,郑州,92337.52,,59919.00,21227.00,38692.00,,商丘,1498,,华中,,2018-07-07 00:00:00.0,2018-07-06 00:00:00.0,,,5618,0,,92337.52,57703.61,1001813,0.00,
211,182,175,SR1137,江西上饶,QY19,南昌,89825.69,,64059.00,36738.00,27321.00,0,上饶,1499,,中南,,1900-01-01 00:00:00.0,2016-11-25 00:00:00.0,,,5395,1,,91128.68,64421.04,1001137,0.00,SR
227,198,191,SX1138,绍兴上虞,QY16,杭州,87912.22,,62626.00,27275.00,35351.00,0,绍兴,1499,,东南,,1900-01-01 00:00:00.0,2016-11-25 00:00:00.0,,,5563,1,,87912.22,62550.13,1001138,0.00,SXSY
168,139,132,SXWN,陕西渭南,QY11,西安,77317.72,,56746.00,39144.00,17602.00,0,渭南,1501,,西北,,1900-01-01 00:00:00.0,2015-08-07 00:00:00.0,,,5565,1,,78090.32,55723.60,1000984,0.00,SXWN
111,84,84,SYAT,沈阳奥体,QY05,沈阳,102311.07,,74280.00,45343.00,28937.00,0,沈阳,1498,,东北,,1900-01-01 00:00:00.0,2013-07-26 00:00:00.0,,,5502,1,,102311.07,69022.74,1000544,0.00,SYAT
212,183,176,SZ1141,安徽宿州,SG14,合肥,86571.02,,59562.00,30186.00,29376.00,0,宿州,1501,,中南,,1900-01-01 00:00:00.0,2016-12-02 00:00:00.0,,,5395,1,,89003.42,59561.94,1001141,0.00,SZ
305,250,243,SZ1632,宁夏石嘴山,QY025,银川,90097.71,,57227.00,22803.00,34424.00,,石嘴山,1498,,西北,,2018-07-07 00:00:00.0,2018-07-06 00:00:00.0,,,5565,0,,90097.71,54695.41,1001632,0.00,
179,150,143,SZWZ,苏州吴中,SG08,无锡,98475.93,,70521.00,43838.00,26683.00,0,苏州,1498,,华东,,1900-01-01 00:00:00.0,2015-12-11 00:00:00.0,,,5490,1,,98475.93,68729.31,1001013,0.00,SZWZ
307,252,245,TJ1634,天津塘沽,QY06,天津,106529.40,,72983.00,38721.00,34262.00,,天津,1498,,华北,,1900-01-01 00:00:00.0,2017-12-29 00:00:00.0,,,5503,0,,107073.64,71256.82,1001634,0.00,
199,170,163,TL1114,内蒙古通辽,QY32,呼和浩特,88479.83,,67216.00,47224.00,19992.00,0,通辽,1501,,西北,,1900-01-01 00:00:00.0,2016-07-22 00:00:00.0,,,5565,1,,88771.16,65424.00,1001114,0.00,TL
306,251,244,TL1633,安徽铜陵,SG14,合肥,88833.62,,63362.00,29498.00,33864.00,,铜陵,1501,,中南,,1900-01-01 00:00:00.0,2017-11-10 00:00:00.0,,,5395,0,,88833.62,63138.41,1001633,0.00,
127,100,100,TY,太原万达广场,QY24,太原,,,,,,,,,,东北区,,2013-11-09 00:00:00.0,2013-11-09 00:00:00.0,,,,5,,,,1000602,,TY
175,146,139,TYLH,太原龙湖,QY24,太原,115527.17,,93170.00,69687.00,23483.00,0,太原,1498,,华中,,1900-01-01 00:00:00.0,2015-09-30 00:00:00.0,,,5618,1,,115527.17,89815.55,1001008,0.00,TYLH
191,162,155,TZ1106,台州经开,QY12,宁波,88160.58,,61665.00,37951.00,23714.00,0,台州,1499,,东南,,1900-01-01 00:00:00.0,2016-06-17 00:00:00.0,,,5563,1,,88160.58,61665.34,1001106,0.00,TZJK
375,320,313,TZ1835,泰州泰兴,QY04,南京,,,62770.00,25802.00,36968.00,,泰州,1501,,华东,,2018-12-16 00:00:00.0,2018-12-15 00:00:00.0,,,5490,0,,,,1001835,0.00,
183,154,147,WCJYQ,武汉万达中心,QY07,武汉,66504.70,,,,,,武汉,1498,,华中,,2018-01-04 19:41:09.757,2011-09-30 00:00:00.0,,,5618,0,,66504.70,66504.70,1001044,0.00,WCJYQ
125,98,98,WF,山东潍坊,QY03,青岛,94857.03,,72364.00,48377.00,23987.00,0,潍坊,1499,,华北,,1900-01-01 00:00:00.0,2014-05-23 00:00:00.0,,,5503,1,,95224.54,71921.87,1000646,0.00,WF
372,317,310,WF1845,潍坊寿光,QY03,青岛,,,56262.00,21200.00,35062.00,,潍坊,1499,,华北,,2018-12-30 00:00:00.0,2018-12-29 00:00:00.0,,,5503,0,,,,1001845,0.00,
194,165,158,WH1109,内蒙古乌海,QY32,呼和浩特,89261.66,,67626.00,44163.00,23463.00,0,乌海,1501,,西北,,1900-01-01 00:00:00.0,2016-06-25 00:00:00.0,,,5565,1,,89562.30,67561.09,1001109,0.00,WH
106,79,79,WHHJWD,武汉汉街,QY07,武汉,97303.90,,58816.00,26290.00,32526.00,0,武汉,1498,,华中,,1900-01-01 00:00:00.0,2013-09-28 00:00:00.0,,,5618,1,,97303.90,59579.23,1000483,0.00,WHHJWD
204,175,168,WL1119,乌鲁木齐经开,QY33,乌鲁木齐,96045.58,,70478.00,47608.00,22870.00,0,乌鲁木齐,1498,,西北,,1900-01-01 00:00:00.0,2016-08-12 00:00:00.0,,,5565,1,,96045.58,69188.15,1001119,0.00,WLMQJK
276,221,214,WL1424,乌鲁木齐德汇,QY33,乌鲁木齐,122888.73,,65400.00,36805.00,28595.00,,乌鲁木齐,1498,,西北,,1900-01-01 00:00:00.0,2018-01-28 00:00:00.0,,,5565,0,,122888.73,63578.43,1001424,0.00,
346,291,284,WL1818,乌鲁木齐高新,QY33,乌鲁木齐,,,64493.00,29212.00,35281.00,,乌鲁木齐,1498,,西北,,2018-09-22 00:00:00.0,2018-09-21 00:00:00.0,,,5565,0,,,,1001818,0.00,
351,296,289,WW1823,甘肃武威,QY025,银川,,,59432.00,23487.00,35945.00,,武威,1498,,西北,,2018-10-20 00:00:00.0,2018-10-19 00:00:00.0,,,5565,0,,,,1001823,0.00,
109,82,82,WXHS,无锡惠山,SG08,无锡,103928.60,,80985.00,51020.00,29965.00,0,无锡,1498,,华东,,1900-01-01 00:00:00.0,2013-06-21 00:00:00.0,,,5490,1,,103928.60,83632.58,1000524,0.00,WXHS
342,287,280,WZ1814,宁夏吴忠,QY025,银川,82452.85,,59569.00,27843.00,31726.00,,吴忠,1501,,西北,,1900-01-01 00:00:00.0,2018-06-15 00:00:00.0,,,5565,0,,83269.46,54796.79,1001814,0.00,
141,114,114,WZPY,温州平阳,QY12,宁波,90807.66,,69408.00,45637.00,23771.00,0,温州,1499,,东南,,1900-01-01 00:00:00.0,2014-12-06 00:00:00.0,,,5563,1,,92433.09,68287.92,1000769,0.00,WZPY
308,253,246,XA1635,西安高新,QY11,西安,110424.17,,70988.00,34877.00,36111.00,,西安,1498,,西北,,1900-01-01 00:00:00.0,2017-11-18 00:00:00.0,,,5565,0,,110424.17,69394.77,1001635,0.00,
117,90,90,XADMG,西安大明宫,QY11,西安,110161.34,,76738.00,47265.00,29473.00,0,西安,1498,,西北,,1900-01-01 00:00:00.0,2013-11-22 00:00:00.0,,,5565,1,,110161.34,75108.19,1000603,0.00,XADMG
314,259,252,XC1641,宣城宣州,SG14,合肥,98288.12,,66406.00,31188.00,35218.00,,宣城,1499,,中南,,1900-01-01 00:00:00.0,2018-06-29 00:00:00.0,,,5395,0,,98288.12,65553.16,1001641,0.00,
352,297,290,XC1824,河南许昌,QY18,郑州,,,66696.00,26293.00,40403.00,,许昌,1499,,华中,,2018-10-27 00:00:00.0,2018-10-26 00:00:00.0,,,5618,0,,,,1001824,0.00,
296,241,234,XH1464,南昌西湖,QY19,南昌,108971.50,,73561.00,30915.00,42646.00,,南昌,1498,,中南,,1900-01-01 00:00:00.0,2017-06-23 00:00:00.0,,,5395,0,,109525.50,73560.92,1001464,0.00,
113,86,86,XMJM,厦门集美,QY15,厦门,83619.40,,67408.00,53338.00,14070.00,0,厦门,1498,,东南,,1900-01-01 00:00:00.0,2013-06-08 00:00:00.0,,,5563,1,,83619.40,66260.82,1000546,0.00,XMJM
200,171,164,XN1115,青海西宁,QY025,银川,92276.17,,68595.00,47082.00,21513.00,0,西宁,1499,,西北,,1900-01-01 00:00:00.0,2016-07-29 00:00:00.0,,,5565,1,,92536.17,68594.61,1001115,0.00,XN
326,271,264,XS1684,西双版纳酒吧街,QY026,昆明,0.00,,,,,,西双版纳,1501,,西南,,2018-01-04 19:41:33.47,2015-12-18 00:00:00.0,,,5397,0,,15779.39,0.00,1001684,0.00,
170,141,134,XSBN,西双版纳,QY026,昆明,63259.97,,43631.00,22757.00,20874.00,0,西双版纳,1501,,西南,,1900-01-01 00:00:00.0,2015-09-26 00:00:00.0,,,5397,1,,63259.97,41915.62,1000964,0.00,XSBN
190,161,154,XT1105,湖南湘潭,QY23,长沙,96901.88,,71084.00,43312.00,27772.00,0,湘潭,1501,,中南,,1900-01-01 00:00:00.0,2016-06-10 00:00:00.0,,,5395,1,,97788.96,70071.57,1001105,0.00,XT
354,299,292,XT1826,河北邢台,QY09,北京,93365.70,,60169.00,26846.00,33323.00,,邢台,1501,,华北,,2018-11-03 00:00:00.0,2018-11-02 00:00:00.0,,,5503,0,,93931.55,60877.64,1001826,0.00,
299,244,237,XX1626,新乡牧野,QY18,郑州,95376.24,,63064.00,28046.00,35018.00,,新乡,1501,,华中,,1900-01-01 00:00:00.0,2017-12-23 00:00:00.0,,,5618,0,,95690.98,62330.48,1001626,0.00,
274,219,212,XY1384,咸阳丽彩,QY11,西安,87545.92,,44768.00,23253.00,21515.00,0,咸阳,1499,,西北,,1900-01-01 00:00:00.0,2017-01-20 00:00:00.0,,,5565,1,,87545.92,42386.90,1001384,0.00,
119,92,92,XZ,徐州云龙,QY04,南京,115652.66,,85098.00,50391.00,34707.00,0,徐州,1499,,华东,,1900-01-01 00:00:00.0,2013-12-06 00:00:00.0,,,5490,1,,115652.66,85832.85,1000624,0.00,XZ
210,181,174,XZ1132,徐州铜山,QY04,南京,89251.05,,65049.00,41352.00,23697.00,0,徐州,1499,,华东,,1900-01-01 00:00:00.0,2016-10-28 00:00:00.0,,,5490,1,,89746.55,65048.83,1001132,0.00,XZTS
284,229,222,YA1505,四川雅安,QY13,成都,88020.63,,60501.00,26433.00,34068.00,,雅安,1501,,西南,,1900-01-01 00:00:00.0,2017-07-21 00:00:00.0,,,5397,0,,88020.63,60500.91,1001505,0.00,
331,276,269,YA1785,陕西延安,QY11,西安,56323.26,,37983.00,16466.00,21517.00,,延安,1499,,西北,,1900-01-01 00:00:00.0,2018-02-09 00:00:00.0,,,5565,0,,57171.25,36425.48,1001785,0.00,
363,308,301,YB1836,四川宜宾,QY13,成都,,,64205.00,25300.00,38905.00,,宜宾,1499,,西南,,2018-12-22 00:00:00.0,2018-12-21 00:00:00.0,,,5397,0,,,,1001836,0.00,
222,193,186,YC1130,江西宜春,QY19,南昌,88729.02,,64919.00,28743.00,36176.00,0,宜春,1501,,中南,,1900-01-01 00:00:00.0,2016-10-21 00:00:00.0,,,5395,1,,88729.02,64919.18,1001130,0.00,YC
282,227,220,YC1485,江苏盐城,QY04,南京,103148.12,,68533.00,30161.00,38372.00,,盐城,1501,,华东,,1900-01-01 00:00:00.0,2017-06-29 00:00:00.0,,,5490,0,,103148.12,68532.53,1001485,0.00,
358,303,296,YC1830,山西运城,QY24,太原,100254.04,,63519.00,24200.00,39319.00,,运城,1501,,华中,,2018-11-17 00:00:00.0,2018-12-28 00:00:00.0,,,5618,0,,100761.50,63953.86,1001830,0.00,
130,103,103,YCXXWDGC,银川西夏,QY025,银川,90985.75,,72307.00,55058.00,17249.00,0,银川,1499,,西北,,1900-01-01 00:00:00.0,2014-07-18 00:00:00.0,,,5565,1,,91260.75,71534.78,1000704,0.00,YCXXWDGC
206,177,170,YJ1121,吉林延吉,QY01,长春,86140.08,,64807.00,42807.00,22000.00,0,延吉,1501,,东北,,1900-01-01 00:00:00.0,2016-09-09 00:00:00.0,,,5502,1,,87346.85,64807.56,1001121,0.00,YJ
159,130,123,YK,辽宁营口,QY05,沈阳,92714.87,,65351.00,38917.00,26434.00,0,营口,1501,,东北,,1900-01-01 00:00:00.0,2015-06-19 00:00:00.0,,,5502,1,,92714.87,63309.54,1000885,0.00,YK
226,197,190,YK1136,营口鲅鱼圈,QY05,沈阳,87956.41,,66846.00,33892.00,32954.00,0,营口,1501,,东北,,1900-01-01 00:00:00.0,2016-11-19 00:00:00.0,,,5502,1,,87956.41,65284.83,1001136,0.00,YK*YQ
364,309,302,YL1837,广西玉林,QY46,南宁,,,,,,,玉林,1501,,华南,,2018-12-22 00:00:00.0,2019-06-28 00:00:00.0,,,5396,0,,,,1001837,0.00,
366,311,304,YL1839,陕西榆林,QY11,西安,,,56473.00,20600.00,35873.00,,榆林,1501,,西北,,2018-12-22 00:00:00.0,2018-12-22 00:00:00.0,,,5565,0,,,,1001839,0.00,
231,202,195,YT1147,烟台开发区,QY03,青岛,88165.58,,65114.00,30172.00,34942.00,0,烟台,1499,,华北,,1900-01-01 00:00:00.0,2016-12-23 00:00:00.0,,,5503,1,,88165.58,65122.52,1001147,0.00,YTKFQ
156,118,118,YTZF,烟台芝罘,QY03,青岛,104548.57,,79662.00,55778.00,23884.00,0,烟台,1499,,华北,,1900-01-01 00:00:00.0,2014-11-21 00:00:00.0,,,5503,1,,105351.17,76851.66,1000773,0.00,YTZF
203,174,167,YW1118,浙江义乌,QY12,宁波,93514.41,,66499.00,41145.00,25354.00,0,义乌,1499,,东南,,1900-01-01 00:00:00.0,2016-09-16 00:00:00.0,,,5563,1,,94327.20,66498.57,1001118,0.00,YW
108,81,81,YX,江苏宜兴,SG08,无锡,125706.78,,97225.00,66293.00,30932.00,0,宜兴,1501,,华东,,1900-01-01 00:00:00.0,2013-05-31 00:00:00.0,,,5490,1,,125706.78,96247.26,1000523,0.00,YX
371,316,309,YX1844,云南玉溪,QY026,昆明,,,,,,,玉溪,1501,,西南,,2019-12-28 00:00:00.0,2019-12-27 00:00:00.0,,,5397,0,,,,1001844,0.00,
110,83,83,YY,宁波余姚,QY12,宁波,109268.32,,80905.00,51849.00,29056.00,0,宁波,1498,,东南,,1900-01-01 00:00:00.0,2013-11-01 00:00:00.0,,,5563,1,,109268.32,79566.75,1000543,0.00,YY
239,210,203,YY1155,湖南益阳,QY23,长沙,88359.17,,64578.00,31682.00,32896.00,,益阳,1501,,中南,,1900-01-01 00:00:00.0,2017-06-23 00:00:00.0,,,5395,0,,88359.17,64586.95,1001155,0.00,YY
312,257,250,YZ1639,扬州邗江,QY04,南京,92635.83,,64057.00,28583.00,35474.00,,扬州,1499,,华东,,1900-01-01 00:00:00.0,2017-12-08 00:00:00.0,,,5490,0,,93086.79,62778.67,1001639,0.00,
295,240,233,Z1607,浙江诸暨,QY16,杭州,92169.29,,60082.00,30025.00,30057.00,,诸暨,1501,,东南,,1900-01-01 00:00:00.0,2017-08-11 00:00:00.0,,,5563,0,,92944.94,60081.30,1001607,0.00,
316,261,254,Z1643,衢州柯城,QY12,宁波,105613.01,,67147.00,28837.00,38310.00,,衢州,1501,,东南,,1900-01-01 00:00:00.0,2017-12-15 00:00:00.0,,,5563,0,,105613.01,66838.05,1001643,0.00,
369,314,307,ZJ1842,江苏张家港,QY04,南京,,,53114.00,24888.00,28226.00,,张家港,1499,,华东,,2018-12-29 00:00:00.0,2018-12-28 00:00:00.0,,,5490,0,,,,1001842,0.00,
158,129,122,ZJJX,浙江嘉兴,QY16,杭州,90984.52,,60471.00,34239.00,26232.00,0,嘉兴,1499,,东南,,1900-01-01 00:00:00.0,2015-06-12 00:00:00.0,,,5563,1,,91441.83,60471.18,1000884,0.00,ZJJX
214,185,178,ZQ1123,重庆永川,QY20,重庆,88500.12,,67809.00,37034.00,30775.00,0,重庆,1498,,西南,,1900-01-01 00:00:00.0,2016-09-16 00:00:00.0,,,5397,1,,88500.12,65542.15,1001123,0.00,ZQYC
288,233,226,ZQ1544,重庆北碚,QY20,重庆,98590.00,,71039.00,35384.00,35655.00,,重庆,1498,,西南,,1900-01-01 00:00:00.0,2017-08-25 00:00:00.0,,,5397,0,,98590.00,71039.31,1001544,0.00,
302,247,240,ZQ1629,重庆綦江,QY20,重庆,88953.32,,62968.00,27763.00,35205.00,,重庆,1498,,西南,,1900-01-01 00:00:00.0,2017-10-27 00:00:00.0,,,5397,0,,88953.32,62993.04,1001629,0.00,
361,306,299,ZQ1833,重庆沙坪坝,QY20,重庆,,,67210.00,28900.00,38310.00,,重庆,1498,,西南,,2018-12-01 00:00:00.0,2018-11-30 00:00:00.0,,,5397,0,,,,1001833,0.00,
381,326,317,ZQ2006,重庆铜梁,,,,,,,,,,,,,,2018-12-31 00:00:00.0,2018-12-31 00:00:00.0,,,,0,,,,1002006,0.00,
349,294,287,ZX1821,上海中信泰富,QY10,上海,,,120877.00,78887.00,41990.00,,上海,1497,,华东,,2018-10-02 00:00:00.0,2018-10-01 00:00:00.0,,,5490,0,,,,1001821,0.00,
192,163,156,ZY1107,四川资阳,QY13,成都,86214.24,,64499.00,41222.00,23277.00,0,资阳,1501,,西南,,1900-01-01 00:00:00.0,2016-06-17 00:00:00.0,,,5397,1,,86979.51,64498.66,1001107,0.00,ZY
208,179,172,ZZ1128,漳州台商,QY15,厦门,85641.87,,58142.00,31334.00,26808.00,0,漳州,1501,,东南,,1900-01-01 00:00:00.0,2017-01-06 00:00:00.0,,,5563,1,,86629.96,58141.33,1001128,0.00,ZZTSQ
224,195,188,ZZ1134,郑州惠济,QY18,郑州,133361.16,,89704.00,38342.00,51362.00,0,郑州,1498,,华中,,1900-01-01 00:00:00.0,2016-11-18 00:00:00.0,,,5618,1,,133361.16,89703.44,1001134,0.00,ZZHJ
281,226,219,ZZ1484,山东枣庄,QY02,济南,88142.81,,62827.00,29647.00,33180.00,,枣庄,1501,,华北,,1900-01-01 00:00:00.0,2017-06-29 00:00:00.0,,,5503,0,,88142.81,62827.11,1001484,0.00,
