passengerods_plazainfo.plazainfoid,passengerods_plazainfo.branchid,passengerods_plazainfo.plazacode,passengerods_plazainfo.plazaname,passengerods_plazainfo.zoneid,passengerods_plazainfo.active,passengerods_plazainfo.businessstartdate,passengerods_plazainfo.plazacentury,passengerods_plazainfo.plazarate,passengerods_plazainfo.buildarea,passengerods_plazainfo.rentarea,passengerods_plazainfo.primarystorerentarea,passengerods_plazainfo.vicestorearea,passengerods_plazainfo.normalstorerentarea,passengerods_plazainfo.parkingcount,passengerods_plazainfo.cityname,passengerods_plazainfo.citylevel,passengerods_plazainfo.districttype,passengerods_plazainfo.owner,passengerods_plazainfo.phonenumber,passengerods_plazainfo.fax,passengerods_plazainfo.address,passengerods_plazainfo.busiarea,passengerods_plazainfo.comments,passengerods_plazainfo.createddate,passengerods_plazainfo.modifieddate,passengerods_plazainfo.deleteddate,passengerods_plazainfo.ts,passengerods_plazainfo.managedarea,passengerods_plazainfo.plazatype,passengerods_plazainfo.businessdate,passengerods_plazainfo.totalbuildingarea,passengerods_plazainfo.businessbuildingarea,passengerods_plazainfo.ysid,passengerods_plazainfo.indexcode,passengerods_plazainfo.cfcompanyid,passengerods_plazainfo.plazalevel2,passengerods_plazainfo.cityid,passengerods_plazainfo.operatingcycle,passengerods_plazainfo.operatingcycletype,passengerods_plazainfo.fullplazaname,passengerods_plazainfo.assettype,passengerods_plazainfo.bhflag,passengerods_plazainfo.bhexittime
1,1,QY0101,长春重庆路,2,true,2003-01-16 00:00:00.0,,,,2.00,1.00,0.00,1.00,0,长春,0,,东北,,,,0.00,,2011-03-30 18:10:26.33,2018-02-26 10:10:25.747,2014-12-02 00:00:00.0,00 00 00 00 06 25 77 22,2,2,,0.00,0.00,,QY0101,,,,181,5,,,,
2,2,SG01,长沙万达广场,49,false,2003-06-19 00:00:00.0,,,,100000.00,50000.00,0.00,40000.00,300,长沙,2,,华中,,,,150000.00,,2011-03-30 18:10:26.33,2018-02-26 10:10:25.807,2013-12-25 15:39:27.647,00 00 00 00 06 25 77 23,3,0,,,,,SG01,,,,176,5,,,,
3,3,SG02,南昌万达广场,36,false,2003-08-28 00:00:00.0,,,,2.00,1.00,6929.00,1.00,1,南昌,2,2,华南,,,,0.00,,2011-03-30 18:10:26.33,2018-02-26 10:10:25.873,2013-12-25 15:40:11.127,00 00 00 00 06 25 77 24,1,2,,1.00,1.00,,SG02,,,,174,5,,,,
4,4,QY0201,济南泉城路,3,false,2003-09-17 00:00:00.0,,,,1.00,1.00,0.00,1.00,0,济南,0,,华北,,,,0.00,,2011-03-30 18:10:26.33,2018-02-26 10:10:25.91,2016-09-02 00:00:00.0,00 00 00 00 06 25 77 25,5,2,,0.00,0.00,,QY0201,,,,173,5,,,,
5,5,QY0301,青岛台东路,4,false,2003-09-25 00:00:00.0,,,,,,0.00,,,,,,华中,,,,0.00,,2011-03-30 18:10:26.33,2018-02-26 10:10:26.037,2015-07-16 15:30:04.183,00 00 00 00 06 25 77 26,3,0,,,,,QY0301,,,,173,5,,,,
6,6,QY0401,南京新街口,,true,2004-01-01 00:00:00.0,,,,,,0.00,,,,,,华中,,,,0.00,,2011-03-30 18:10:26.33,2018-02-26 10:10:26.097,2011-04-12 22:34:16.14,00 00 00 00 06 25 77 27,3,0,,,,,QY0401,,,,169,5,,,,
7,7,QY0601,天津金街,7,false,2003-12-24 00:00:00.0,,,,,,100.00,,,,,,东北区,,,,0.00,,2011-03-30 18:10:26.33,2018-02-26 10:10:26.18,2015-07-16 15:30:46.257,00 00 00 00 06 25 77 28,,0,,,,,QY0601,,,,170,5,,,,
8,8,SG03,南宁万达广场,48,false,2004-07-17 00:00:00.0,,,,,,0.00,,,,,,华南区,,,,0.00,,2011-03-30 18:10:26.33,2018-02-26 10:10:26.253,2013-12-25 15:40:20.89,00 00 00 00 06 25 77 29,,0,,,,,SG03,,,,163,5,,,,
9,9,QY0701,武汉江汉路,8,true,2004-12-18 00:00:00.0,,,,,,0.00,,,,,,华中,,,,0.00,,2011-03-30 18:10:26.33,2018-02-26 10:10:26.333,2011-04-12 22:34:16.14,00 00 00 00 06 25 77 2a,3,0,,,,,QY0701,,,,158,5,,,,
10,10,QY0801,哈尔滨中央大街,,true,2005-04-15 00:00:00.0,,,,,,0.00,,,,,,东北区,,,,0.00,,2011-03-30 18:10:26.33,2018-02-26 10:10:26.453,2011-04-12 22:34:16.14,00 00 00 00 06 25 77 2b,,0,,,,,QY0801,,,,154,5,,,,
11,11,SG04,大连万达广场,39,false,2005-12-24 00:00:00.0,,,,,,100000000.10,,,,,,东北区,,,,0.00,,2011-03-30 18:10:26.33,2018-02-26 10:10:26.543,2013-12-25 15:39:54.807,00 00 00 00 06 25 77 2c,,0,,,,,SG04,,,,146,5,,,,
12,12,QY1201,宁波万达广场,,true,2006-12-22 00:00:00.0,,,,1.00,1.00,0.00,1.00,100,宁波,3,,华南区,,,,1.00,,2011-03-30 18:10:26.33,2018-02-26 10:10:26.613,2011-05-06 00:00:00.0,00 00 00 00 06 25 77 2d,0,3,,,,,QY1201,,,,134,5,,,,
13,13,QY1001,上海五角场,11,true,2006-12-23 00:00:00.0,,,,172649.00,142605.00,0.00,30044.00,0,上海,1497,,华东,,,,198765.39,,2011-03-30 18:10:26.33,2018-06-05 00:00:00.393,1900-01-01 00:00:00.0,00 00 00 00 06 29 61 b9,5490,4,,198765.39,175089.92,1000107,QY1001,4380,A类,39,138,5,上海五角场万达广场,1,0,1900-01-01 00:00:00.0
15,15,QY0802,哈尔滨香坊,9,true,2007-10-25 00:00:00.0,,,,75364.00,63021.00,0.00,12343.00,441,哈尔滨,1498,1,东北,,,,88687.93,,2011-03-30 18:10:26.33,2018-06-05 00:00:00.397,1900-01-01 00:00:00.0,00 00 00 00 06 29 61 ba,5502,4,,88687.93,74300.98,1000297,QY0802,5300,A类,157,128,5,哈尔滨香坊万达广场,1,1,1900-01-01 00:00:00.0
16,16,QY1301,成都锦华路,14,true,2007-12-22 00:00:00.0,,,,127925.00,102727.00,0.00,25198.00,0,成都,1498,,西南,,,,146451.72,,2011-03-30 18:10:26.33,2018-06-05 00:00:00.397,1900-01-01 00:00:00.0,00 00 00 00 06 29 60 90,5397,4,,146451.72,132135.24,1000284,QY1301,4411,A类,312,126,5,成都锦华路万达广场,1,0,2017-02-20 00:00:00.0
17,17,QY1101,西安碑林,12,true,2008-05-16 00:00:00.0,,,,83946.00,69350.00,0.00,14596.00,0,西安,1498,,西北,,,,98539.60,,2011-03-30 18:10:26.33,2018-06-05 00:00:00.4,1900-01-01 00:00:00.0,00 00 00 00 06 29 61 bb,5565,4,,98539.60,83122.38,1000293,QY1101,4334,A类,306,121,5,西安李家村万达广场,1,1,1900-01-01 00:00:00.0
18,18,QY0902,北京石景山,10,true,2008-12-20 00:00:00.0,,,,84637.00,70899.00,0.00,13738.00,0,北京,1497,,华北,,,,97211.58,,2011-03-30 18:10:26.33,2018-06-05 00:00:00.407,1900-01-01 00:00:00.0,00 00 00 00 06 29 61 bc,5503,4,,97211.58,83436.84,1000265,QY0902,4405,A类,38,114,5,北京石景山万达广场,1,1,1900-01-01 00:00:00.0
19,19,SG05,苏州平江,23,true,2009-09-17 00:00:00.0,,,,74787.00,47855.00,0.00,26932.00,0,苏州,1498,,华东,,,,94233.87,,2011-03-30 18:10:26.33,2018-06-05 00:00:00.42,1900-01-01 00:00:00.0,00 00 00 00 06 29 61 bd,5490,3,,94233.87,73852.35,1000296,SG05,4330,B类,213,105,5,苏州平江万达广场,1,0,2015-10-31 00:00:00.0
20,20,QY1002,上海周浦,11,true,2009-09-19 00:00:00.0,,,,98014.00,77379.00,0.00,20635.00,0,上海,1497,,华东,,,,117381.34,,2011-03-30 18:10:26.33,2018-06-05 00:00:00.423,1900-01-01 00:00:00.0,00 00 00 00 06 29 61 be,5490,3,,117381.34,97504.06,1000274,QY1002,4379,A类,39,105,5,上海周浦万达广场,1,1,1900-01-01 00:00:00.0
21,21,QY0501,沈阳太原街,6,true,2009-11-20 00:00:00.0,,,,43381.00,10607.00,0.00,32774.00,292,沈阳,1498,4,东北,,,,66006.96,,2011-03-30 18:10:26.33,2018-06-05 00:00:00.427,1900-01-01 00:00:00.0,00 00 00 00 06 29 61 bf,5502,3,,66006.96,41341.63,1000277,QY0501,4337,A类,243,103,5,沈阳太原街万达广场,1,0,1900-01-01 00:00:00.0
22,22,QY0302,青岛CBD,4,true,2009-11-27 00:00:00.0,,,,81371.00,55321.00,0.00,26050.00,0,青岛,1498,,华北,,,,108115.57,,2011-03-30 18:10:26.33,2018-06-05 00:00:00.43,1900-01-01 00:00:00.0,00 00 00 00 06 29 61 c0,5503,3,,108115.57,84658.13,1000271,QY0302,4390,B类,281,103,5,青岛CBD万达广场,1,0,2015-05-31 00:00:00.0
23,23,SG06,重庆南坪,37,true,2009-12-11 00:00:00.0,,,,76730.00,50266.00,0.00,26464.00,0,重庆,1498,,西南,,,,99836.27,,2011-03-30 18:10:26.33,2018-06-05 00:00:00.433,1900-01-01 00:00:00.0,00 00 00 00 06 29 61 c1,5397,3,,99836.27,75437.74,1000294,SG06,4329,A类,379,102,5,重庆南坪万达广场,1,0,2015-10-31 00:00:00.0
24,24,QY0402,南京建邺,5,true,2009-12-18 00:00:00.0,,,,120973.00,97585.00,0.00,23388.00,0,南京,1498,,华东,,,,144179.67,,2011-03-30 18:10:26.33,2018-06-05 00:00:00.437,1900-01-01 00:00:00.0,00 00 00 00 06 29 61 c2,5490,3,,144179.67,118141.42,1000289,QY0402,4384,A类,211,102,5,南京建邺万达广场,1,1,1900-01-01 00:00:00.0
25,25,QY1102,西安民乐园,12,true,2009-12-19 00:00:00.0,,,,65238.00,32598.00,0.00,32640.00,0,西安,1498,,西北,,,,106886.80,,2011-03-30 18:10:26.33,2018-06-05 00:00:00.437,1900-01-01 00:00:00.0,00 00 00 00 06 29 61 c3,5565,3,,106886.80,64253.15,1000290,QY1102,4335,A类,306,102,5,西安民乐园万达广场,1,0,2017-02-20 00:00:00.0
26,26,SG07,河南洛阳,35,true,2009-12-22 00:00:00.0,,,,58552.00,50031.00,0.00,8521.00,0,洛阳,1499,,华中,,,,67073.66,,2011-03-30 18:10:26.33,2018-06-05 00:00:00.44,1900-01-01 00:00:00.0,00 00 00 00 06 29 61 c4,5618,3,,67073.66,57933.98,1000300,SG07,4332,A类,142,102,5,洛阳万达广场,1,1,1900-01-01 00:00:00.0
27,27,QY0502,沈阳铁西,6,true,2010-08-20 00:00:00.0,,,,85892.00,57417.00,0.00,28475.00,846,沈阳,1498,1,东北,,,,113323.12,,2011-03-30 18:10:26.33,2018-06-05 00:00:00.44,1900-01-01 00:00:00.0,00 00 00 00 06 29 61 c5,5502,3,,113323.12,84783.68,1000266,QY0502,4338,C类,243,94,4,沈阳铁西万达广场,1,0,2015-03-15 00:00:00.0
28,28,SG08,无锡滨湖,23,true,2010-09-17 00:00:00.0,,,,95563.00,75016.00,0.00,20547.00,0,无锡,1498,,华东,,,,116044.25,,2011-03-30 18:10:26.33,2018-06-05 00:00:00.44,1900-01-01 00:00:00.0,00 00 00 00 06 29 61 c6,5490,3,,116044.25,92978.36,1000288,SG08,4412,A类,216,93,4,无锡滨湖万达广场,1,1,1900-01-01 00:00:00.0
29,29,QY0102,长春红旗街,2,true,2010-10-29 00:00:00.0,,,,67485.00,34019.00,0.00,33466.00,830,长春,1498,1,东北,,,,101338.42,,2011-03-30 18:10:26.33,2018-06-05 00:00:00.443,1900-01-01 00:00:00.0,00 00 00 00 06 29 61 c7,5502,3,,101338.42,65412.05,1000276,QY0102,4370,A类,201,92,4,长春红旗街万达广场,1,0,2015-03-31 00:00:00.0
30,30,SG09,包头青山,45,true,2010-11-04 00:00:00.0,,,,102943.00,79113.00,0.00,23830.00,779,包头,1499,1,西北,,,,126560.39,,2011-03-30 18:10:26.33,2018-06-05 00:00:00.443,1900-01-01 00:00:00.0,00 00 00 00 06 29 61 c8,5565,3,,126560.39,101780.45,1000302,SG09,4386,B类,248,91,4,包头青山万达广场,1,1,1900-01-01 00:00:00.0
31,31,SG10,呼和浩特,45,true,2010-11-05 00:00:00.0,,,,98455.00,77260.00,0.00,21195.00,925,呼和浩特,1498,1,西北,,,,118195.50,,2011-03-30 18:10:26.33,2018-06-05 00:00:00.447,1900-01-01 00:00:00.0,00 00 00 00 06 29 61 c9,5565,3,,118195.50,97018.33,1000303,SG10,4372,A类,251,91,4,呼和浩特万达广场,1,1,1900-01-01 00:00:00.0
32,32,QY0202,济南魏家庄,3,true,2010-11-19 00:00:00.0,,,,82143.00,56450.00,0.00,25693.00,0,济南,1498,,华北,,,,108767.84,,2011-03-30 18:10:26.33,2018-06-05 00:00:00.447,1900-01-01 00:00:00.0,00 00 00 00 06 29 61 ca,5503,3,,108767.84,80485.88,1000263,QY0202,4367,B类,276,91,4,济南魏家庄万达广场,1,0,2015-07-31 00:00:00.0
33,33,QY0602,天津河东,7,true,2010-11-20 00:00:00.0,,,,97261.00,75225.00,0.00,22036.00,0,天津,1498,,华北,,,,119039.79,,2011-03-30 18:10:26.33,2018-06-05 00:00:00.447,1900-01-01 00:00:00.0,00 00 00 00 06 29 61 cb,5503,1,,119039.79,96114.03,1000275,QY0602,4343,A类,330,91,4,天津河东万达广场,1,1,1900-01-01 00:00:00.0
34,34,SG11,湖北襄阳,8,true,2010-11-26 00:00:00.0,,,,87791.00,65802.00,0.00,21989.00,950,襄阳,1499,1,华中,,,,109144.07,,2011-03-30 18:10:26.33,2018-06-05 00:00:00.447,1900-01-01 00:00:00.0,00 00 00 00 06 29 61 cc,5618,3,,109144.07,86429.09,1000281,SG11,4374,A类,182,91,4,襄阳万达广场,1,1,1900-01-01 00:00:00.0
35,35,SG12,湖北宜昌,8,true,2010-11-27 00:00:00.0,,,,79457.00,60417.00,0.00,19040.00,720,宜昌,1501,1,华中,,,,96994.94,,2011-03-30 18:10:26.33,2018-06-05 00:00:00.447,1900-01-01 00:00:00.0,00 00 00 00 06 29 61 cd,5618,3,,96994.94,78533.80,1000298,SG12,4409,A类,184,91,4,宜昌万达广场,1,0,2016-03-15 00:00:00.0
36,36,QY1202,宁波江北,13,true,2010-12-10 00:00:00.0,,,,81810.00,53190.00,0.00,28620.00,0,宁波,1498,,东南,,,,94819.77,,2011-03-30 18:10:26.33,2018-06-05 00:00:00.447,1900-01-01 00:00:00.0,00 00 00 00 06 29 61 ce,5563,3,,94819.77,80673.03,1000264,QY1202,4392,B类,373,90,4,宁波江北万达广场,1,0,2015-08-20 00:00:00.0
37,37,SG13,广州白云,28,true,2010-12-17 00:00:00.0,,,,90172.00,70365.00,0.00,19807.00,1241,广州,1497,1,华南,,,,109709.99,,2011-03-30 18:10:26.33,2018-06-05 00:00:00.447,1900-01-01 00:00:00.0,00 00 00 00 06 29 61 cf,5396,3,,109709.99,88983.40,1000280,SG13,4375,A类,83,90,4,广州白云万达广场,1,1,1900-01-01 00:00:00.0
38,38,QY1203,绍兴柯桥,33,true,2010-12-17 00:00:00.0,,,,93808.00,62300.00,0.00,31508.00,0,绍兴,1499,,东南,,,,121598.18,,2011-03-30 18:10:26.33,2018-06-05 00:00:00.45,1900-01-01 00:00:00.0,00 00 00 00 06 29 61 d0,5563,3,,121598.18,91212.97,1000295,QY1203,4393,B类,375,90,4,绍兴柯桥万达广场,1,0,2015-08-31 00:00:00.0
39,39,QY0702,武汉菱角湖,8,true,2010-12-18 00:00:00.0,,,,88156.00,62255.00,0.00,25901.00,938,武汉,1498,1,华中,,,,112794.70,,2011-03-30 18:10:26.33,2018-06-05 00:00:00.457,1900-01-01 00:00:00.0,00 00 00 00 06 29 61 d1,5618,3,,112794.70,85443.23,1000292,QY0702,4359,A类,179,90,4,武汉菱角湖万达广场,1,0,2015-10-10 00:00:00.0
40,40,QY1401,福州金融街,15,true,2010-12-22 00:00:00.0,,,,90651.00,71120.00,0.00,19531.00,1200,福州,1498,1,东南,,,,110131.95,,2011-03-30 18:10:26.33,2018-06-05 00:00:00.457,1900-01-01 00:00:00.0,00 00 00 00 06 29 61 d2,5563,3,,110131.95,89637.86,1000272,QY1401,4349,B类,57,90,4,福州金融街万达广场,1,1,1900-01-01 00:00:00.0
41,41,SG14,合肥包河,29,true,2010-12-23 00:00:00.0,,,,98873.00,75466.00,0.00,23407.00,1088,合肥,1498,1,中南,,,,122157.49,,2011-03-30 18:10:26.33,2018-06-05 00:00:00.457,1900-01-01 00:00:00.0,00 00 00 00 06 29 61 d3,5395,3,,122157.49,97620.69,1000110,SG14,4350,A类,47,90,4,合肥包河万达广场,1,1,1900-01-01 00:00:00.0
42,42,SG15,江苏淮安,5,true,2011-01-07 00:00:00.0,,,,93818.00,66798.00,0.00,27020.00,0,淮安,1501,,华东,,,,114769.76,,2011-03-30 18:10:26.33,2018-06-05 00:00:00.46,1900-01-01 00:00:00.0,00 00 00 00 06 29 61 d4,5490,3,,114769.76,94065.88,1000270,SG15,4413,B类,209,89,4,淮安万达广场,1,0,2015-04-30 00:00:00.0
43,43,QY1204,宁波鄞州,13,true,2006-12-22 00:00:00.0,,,,193359.00,162177.00,0.00,31182.00,0,宁波,1498,,东南,,,,202293.91,,2011-05-06 16:09:06.78,2018-06-05 00:00:00.46,1900-01-01 00:00:00.0,00 00 00 00 06 29 61 d5,5563,4,,202293.91,169271.68,1000109,QY1204,4394,A类,373,138,5,宁波鄞州万达广场,1,0,1900-01-01 00:00:00.0
44,44,QY1003,上海江桥,11,true,2011-06-18 00:00:00.0,,,,104318.00,67325.00,0.00,36993.00,0,上海,1497,,华东,,,,134068.32,,2011-05-24 12:50:56.89,2018-06-05 00:00:00.46,1900-01-01 00:00:00.0,00 00 00 00 06 29 61 d6,5490,2,,134068.32,104020.78,1000108,QY1003,4377,A类,39,84,4,上海江桥万达广场,1,0,2015-09-30 00:00:00.0
45,45,45,武汉经开,8,,2011-08-27 00:00:00.0,,,,86447.00,64216.00,0.00,22231.00,500,武汉,1498,1,华中,,,,106097.62,,2011-07-27 08:32:55.637,2018-06-05 00:00:00.46,1900-01-01 00:00:00.0,00 00 00 00 06 29 61 d7,5618,2,,106097.62,85796.96,1000301,45,4357,A类,179,82,4,武汉经开万达广场,1,0,2015-10-10 00:00:00.0
46,46,46,江苏镇江,5,,2011-08-12 00:00:00.0,,,,76408.00,53639.00,0.00,22769.00,0,镇江,1501,,华东,,,,97035.96,,2011-07-27 08:34:53.623,2018-06-05 00:00:00.46,1900-01-01 00:00:00.0,00 00 00 00 06 29 61 d8,5490,2,,98358.16,75036.12,1000278,46,4354,B类,220,82,4,镇江万达广场,1,0,2015-08-31 00:00:00.0
47,47,47,厦门湖里,32,,2011-09-02 00:00:00.0,,,,98247.00,74422.00,0.00,23825.00,99,厦门,1498,1,东南,,,,119073.60,,2011-08-11 15:08:42.95,2018-06-05 00:00:00.46,1900-01-01 00:00:00.0,00 00 00 00 06 29 61 d9,5563,2,,119073.60,97182.88,1000267,47,4361,A类,64,81,4,厦门湖里万达广场,1,1,1900-01-01 00:00:00.0
48,48,48,银川金凤,44,,2011-09-09 00:00:00.0,,,,89157.00,62566.00,0.00,26591.00,0,银川,1499,,西北,,,,107462.05,,2011-08-11 15:11:41.87,2018-06-05 00:00:00.463,1900-01-01 00:00:00.0,00 00 00 00 06 29 61 da,5565,2,,107807.61,88305.20,1000283,48,4353,A类,262,81,4,银川金凤万达广场,1,1,1900-01-01 00:00:00.0
49,49,49,石家庄裕华,10,,2011-09-23 00:00:00.0,,,,116464.00,90664.00,0.00,25800.00,0,石家庄,1498,,华北,,,,138894.47,,2011-08-30 19:12:15.537,2018-06-05 00:00:00.463,1900-01-01 00:00:00.0,00 00 00 00 06 29 61 db,5503,2,,143073.75,115028.25,1000269,49,4371,A类,133,81,4,石家庄裕华万达广场,1,1,1900-01-01 00:00:00.0
50,50,50,武汉楚河汉街,8,,2011-09-30 00:00:00.0,,,,94790.00,0.00,0.00,94790.00,0,武汉,1498,,华中,,,,99537.90,,2011-09-13 10:43:51.823,2018-06-05 00:00:00.463,1900-01-01 00:00:00.0,00 00 00 00 06 29 61 dc,5618,2,,99537.90,95373.87,1000286,50,5303,A类,179,81,4,武汉中央文化区楚河汉街,1,0,1900-01-01 00:00:00.0
51,51,51,郑州中原,35,,2011-10-28 00:00:00.0,,,,91617.00,70281.00,0.00,21336.00,0,郑州,1498,,华中,,,,110537.50,,2011-10-09 17:30:37.72,2018-06-05 00:00:00.463,1900-01-01 00:00:00.0,00 00 00 00 06 29 61 dd,5618,2,,116558.50,90114.64,1000287,51,4348,A类,152,80,4,郑州中原万达广场,1,1,1900-01-01 00:00:00.0
52,52,52,河北廊坊,10,,2011-11-11 00:00:00.0,,,,85526.00,64914.00,0.00,20612.00,0,廊坊,1501,,华北,,,,103377.58,,2011-10-09 17:31:39.047,2018-06-05 00:00:00.467,1900-01-01 00:00:00.0,00 00 00 00 06 29 61 de,5503,2,,103377.58,84672.01,1000282,52,4403,A类,131,79,4,廊坊万达广场,1,1,1900-01-01 00:00:00.0
53,53,53,唐山路南,7,,2011-12-23 00:00:00.0,,,,109650.00,74026.00,0.00,35624.00,0,唐山,1499,,华北,,,,140356.33,,2011-10-24 16:22:47.29,2018-06-05 00:00:00.467,1900-01-01 00:00:00.0,00 00 00 00 06 29 61 df,5503,2,,140356.33,108248.83,1000323,53,4410,A类,134,78,4,唐山路南万达广场,1,0,2015-03-31 00:00:00.0
54,54,54,大庆萨尔图,55,,2011-11-25 00:00:00.0,,,,75363.00,45067.00,0.00,30296.00,0,大庆,1499,,东北,,,,102210.28,,2011-11-01 16:57:57.303,2018-06-05 00:00:00.467,1900-01-01 00:00:00.0,00 00 00 00 06 29 61 e0,5502,2,,102210.28,77887.92,1000299,54,4352,B类,155,79,4,大庆萨尔图万达广场,1,0,2015-10-10 00:00:00.0
55,55,55,福州仓山,15,,2011-12-02 00:00:00.0,,,,101630.00,80592.00,0.00,21038.00,2000,福州,1498,1,东南,,,,120285.49,,2011-11-01 16:58:34.757,2018-06-05 00:00:00.467,1900-01-01 00:00:00.0,00 00 00 00 06 29 61 e1,5563,2,,121096.44,100088.45,1000268,55,4397,A类,57,78,4,福州仓山万达广场,1,1,1900-01-01 00:00:00.0
56,56,56,常州新北,23,,2011-12-10 00:00:00.0,,,,90885.00,64614.00,0.00,26271.00,0,常州,1499,,华东,,,,113209.47,,2011-11-01 17:01:54.09,2018-06-05 00:00:00.47,1900-01-01 00:00:00.0,00 00 00 00 06 29 61 e2,5490,2,,113209.47,89622.97,1000285,56,4398,A类,208,78,4,常州新北万达广场,1,1,1900-01-01 00:00:00.0
57,57,57,泰州海陵,5,,2011-12-09 00:00:00.0,,,,85015.00,56212.00,0.00,28803.00,0,泰州,1501,,华东,,,,110641.98,,2011-11-01 17:02:45.413,2018-06-05 00:00:00.473,1900-01-01 00:00:00.0,00 00 00 00 06 29 61 e3,5490,2,,110641.98,83412.77,1000273,57,4373,B类,215,78,4,泰州万达广场,1,0,2015-04-30 00:00:00.0
58,58,58,上海宝山,11,,2012-06-29 00:00:00.0,,,,91913.00,74103.00,0.00,17810.00,0,上海,1497,,华东,,,,109390.80,,2012-05-07 12:39:43.913,2018-06-05 00:00:00.473,1900-01-01 00:00:00.0,00 00 00 00 06 29 61 e4,5490,1,,109390.80,87091.36,1000343,58,4378,A类,39,72,4,上海宝山万达广场,1,1,1900-01-01 00:00:00.0
59,59,59,合肥天鹅湖,29,,2012-07-20 00:00:00.0,,,,84120.00,61034.00,0.00,23086.00,1120,合肥,1498,3,中南,,,,104982.40,,2012-06-05 14:45:49.52,2018-06-05 00:00:00.473,1900-01-01 00:00:00.0,00 00 00 00 06 29 61 e5,5395,1,,104982.40,83718.34,1000363,59,4351,A类,47,71,4,合肥天鹅湖万达广场,1,1,1900-01-01 00:00:00.0
60,60,60,福建晋江,32,,2012-08-10 00:00:00.0,,,,82737.00,60639.00,0.00,22098.00,0,晋江,1501,,东南,,,,103113.91,,2012-06-28 11:20:01.857,2018-06-05 00:00:00.477,1900-01-01 00:00:00.0,00 00 00 00 06 29 61 e6,5563,1,,109622.19,81091.96,1000390,60,4646,B类,384,70,4,晋江万达广场,1,0,2015-03-15 00:00:00.0
61,61,61,长白山度假小镇,,,2012-07-28 00:00:00.0,,,,32548.00,6780.00,0.00,25768.00,0,白山,0,,东北,,,,0.00,,2012-07-05 09:34:04.83,2018-06-05 00:00:00.477,2015-01-20 00:00:00.0,00 00 00 00 06 29 5f bd,2,1,,0.00,0.00,,61,,,,70,4,,,,
62,62,62,福建宁德,15,,2012-08-11 00:00:00.0,,,,86135.00,59194.00,0.00,26941.00,0,宁德,1501,,东南,,,,109121.06,,2012-07-05 09:34:47.59,2018-06-05 00:00:00.477,1900-01-01 00:00:00.0,00 00 00 00 06 29 61 e7,5563,1,,109513.07,85220.97,1000389,62,4628,B类,60,70,4,宁德万达广场,1,0,2015-10-15 00:00:00.0
63,63,63,南昌红谷滩,36,,2012-08-25 00:00:00.0,,,,96639.00,69847.00,0.00,26792.00,0,南昌,1498,,中南,,,,118252.62,,2012-07-19 11:47:13.687,2018-06-05 00:00:00.477,1900-01-01 00:00:00.0,00 00 00 00 06 29 61 e8,5395,1,,118252.62,94351.39,1000384,63,4347,A类,226,70,4,南昌红谷滩万达广场,1,1,1900-01-01 00:00:00.0
64,64,64,沈阳北一路,6,,2012-08-31 00:00:00.0,,,,97272.00,67517.00,0.00,29755.00,0,沈阳,1498,,东北,,,,121226.37,,2012-07-24 10:41:21.627,2018-06-05 00:00:00.477,1900-01-01 00:00:00.0,00 00 00 00 06 29 61 e9,5502,1,,125190.60,94568.65,1000392,64,4339,C类,243,70,4,沈阳北一路万达广场,1,0,2015-03-15 00:00:00.0
65,65,65,芜湖镜湖,29,,2012-09-07 00:00:00.0,,,,78663.00,54477.00,0.00,24186.00,0,芜湖,1501,,中南,,,,99517.72,,2012-07-26 14:08:52.773,2018-06-05 00:00:00.477,1900-01-01 00:00:00.0,00 00 00 00 06 29 61 ea,5395,1,,99517.72,73400.87,1000387,65,4630,C类,55,69,4,芜湖镜湖万达广场,1,0,2015-03-15 00:00:00.0
66,66,66,无锡江阴,23,,2012-09-22 00:00:00.0,,,,100491.00,67075.00,0.00,33416.00,0,江阴,1499,,华东,,,,129198.85,,2012-07-26 14:12:28.497,2018-06-05 00:00:00.48,1900-01-01 00:00:00.0,00 00 00 00 06 29 61 eb,5490,1,,129198.85,98481.03,1000386,66,4415,D类,385,69,4,无锡江阴万达广场,1,0,2015-07-31 00:00:00.0
67,67,67,青岛李沧,4,,2012-09-21 00:00:00.0,,,,92196.00,55262.00,0.00,36934.00,0,青岛,1498,,华北,,,,120463.13,,2012-07-26 14:13:07.527,2018-06-05 00:00:00.48,1900-01-01 00:00:00.0,00 00 00 00 06 29 61 ec,5503,1,,120801.93,90267.65,1000396,67,4346,C类,281,69,4,青岛李沧万达广场,1,0,2015-03-15 00:00:00.0
68,68,68,泉州浦西,32,,2012-09-29 00:00:00.0,,,,100055.00,76365.00,0.00,23690.00,0,泉州,1499,,东南,,,,120358.87,,2012-07-26 14:13:45.813,2018-06-05 00:00:00.48,1900-01-01 00:00:00.0,00 00 00 00 06 29 61 ed,5563,1,,128202.26,99622.34,1000391,68,4395,A类,62,69,4,泉州浦西万达广场,1,1,1900-01-01 00:00:00.0
69,69,69,郑州二七,35,,2012-10-13 00:00:00.0,,,,93855.00,73087.00,0.00,20768.00,0,郑州,1498,,华中,,,,112272.06,,2012-07-26 14:14:19.12,2018-06-05 00:00:00.48,1900-01-01 00:00:00.0,00 00 00 00 06 29 61 ee,5618,1,,112272.06,91973.58,1000388,69,4643,A类,152,68,4,郑州二七万达广场,1,1,1900-01-01 00:00:00.0
70,70,70,漳州碧湖,32,,2012-10-26 00:00:00.0,,,,96321.00,75759.00,0.00,20562.00,0,漳州,1501,,东南,,,,114735.49,,2012-07-26 14:16:31.52,2018-06-05 00:00:00.48,1900-01-01 00:00:00.0,00 00 00 00 06 29 61 ef,5563,1,,114735.49,92439.76,1000397,70,4638,B类,65,68,4,漳州碧湖万达广场,1,0,2015-08-31 00:00:00.0
71,71,71,温州龙湾,13,,2012-11-30 00:00:00.0,,,,117761.00,76716.00,0.00,41045.00,0,温州,1499,,东南,,,,151595.44,,2012-07-26 14:17:19.057,2018-06-05 00:00:00.48,1900-01-01 00:00:00.0,00 00 00 00 06 29 61 f0,5563,1,,158818.42,115351.71,1000385,71,4631,D类,377,67,4,温州龙湾万达广场,1,0,2015-03-15 00:00:00.0
72,72,72,江苏太仓,23,,2012-12-07 00:00:00.0,,,,87572.00,60114.00,0.00,27458.00,0,太仓,1501,,华东,,,,111940.38,,2012-07-26 14:18:17.217,2018-06-05 00:00:00.483,1900-01-01 00:00:00.0,00 00 00 00 06 29 61 f1,5490,1,,111940.38,85987.98,1000395,72,5323,C类,393,66,4,江苏太仓万达广场,1,0,2015-03-15 00:00:00.0
73,73,73,福建莆田,15,,2012-12-15 00:00:00.0,,,,93371.00,70615.00,0.00,22756.00,0,莆田,1501,,东南,,,,113815.34,,2012-07-26 14:18:53.08,2018-06-05 00:00:00.483,1900-01-01 00:00:00.0,00 00 00 00 06 29 61 f2,5563,1,,121300.60,89002.12,1000393,73,4642,B类,61,66,4,莆田万达广场,1,0,2015-08-31 00:00:00.0
74,74,74,绵阳涪城,14,,2012-12-21 00:00:00.0,,,,92462.00,69865.00,0.00,22597.00,0,绵阳,1499,,西南,,,,112185.40,,2012-07-26 14:19:28.93,2018-06-05 00:00:00.483,1900-01-01 00:00:00.0,00 00 00 00 06 29 60 c9,5397,1,,112185.40,91111.90,1000394,74,4645,A类,321,66,4,绵阳涪城万达广场,1,1,1900-01-01 00:00:00.0
75,75,75,成都金牛,14,,2012-12-22 00:00:00.0,,,,115528.00,79634.00,0.00,35894.00,0,成都,1498,,西南,,,,145966.75,,2012-07-26 14:20:11.6,2018-06-05 00:00:00.483,1900-01-01 00:00:00.0,00 00 00 00 06 29 60 ca,5397,1,,150414.45,116407.03,1000383,75,4654,B类,312,66,4,成都金牛万达广场,1,1,1900-01-01 00:00:00.0
76,76,CSKF,长沙开福,49,false,2013-09-27 00:00:00.0,,,,92028.00,57021.00,0.00,35007.00,0,长沙,1498,,中南,,,,125305.42,,2012-09-07 09:52:34.44,2018-06-05 00:00:00.483,1900-01-01 00:00:00.0,00 00 00 00 06 29 61 f3,5395,1,,126833.51,88979.66,1000403,CSKF,4399,B类,185,57,3,长沙开福万达广场,1,0,2015-09-30 00:00:00.0
77,77,DLGX,大连高新,39,,2013-05-25 00:00:00.0,,,,110097.00,84734.00,0.00,25363.00,0,大连,1498,,东北,,,,129811.68,,2013-01-11 16:22:14.023,2018-06-05 00:00:00.487,1900-01-01 00:00:00.0,00 00 00 00 06 29 61 f4,5502,1,,133039.55,107597.05,1000423,DLGX,5332,B类,235,61,4,大连高新万达广场,1,1,1900-01-01 00:00:00.0
78,78,CCKC,长春宽城,2,,2013-08-16 00:00:00.0,,,,73862.00,39138.00,0.00,34724.00,0,长春,1498,,东北,,,,108809.72,,2013-01-11 16:22:14.023,2018-06-05 00:00:00.487,1900-01-01 00:00:00.0,00 00 00 00 06 29 61 f5,5502,1,,108809.72,72403.36,1000463,CCKC,5340,C类,201,58,3,长春宽城万达广场,1,0,2015-07-31 00:00:00.0
79,79,WHHJWD,武汉汉街,8,,2013-09-28 00:00:00.0,,,,58816.00,26290.00,0.00,32526.00,0,武汉,1498,,华中,,,,97303.90,,2013-01-11 16:22:14.023,2018-06-05 00:00:00.487,1900-01-01 00:00:00.0,00 00 00 00 06 29 61 f6,5618,1,,97303.90,59579.23,1000483,WHHJWD,5336,B类,179,57,3,武汉汉街万达广场,1,0,2015-09-25 00:00:00.0
80,80,GZFY,广州番禺,28,,2014-11-08 00:00:00.0,,,,82948.00,60701.00,0.00,22247.00,0,广州,1497,,华南,,,,99908.40,,2013-01-11 16:22:14.023,2018-06-05 00:00:00.49,1900-01-01 00:00:00.0,00 00 00 00 06 29 61 f7,5396,1,,103801.76,81757.20,1000503,GZFY,5342,B类,83,43,3,广州番禺万达广场,1,0,2015-10-31 00:00:00.0
81,81,YX,江苏宜兴,23,,2013-05-31 00:00:00.0,,,,97225.00,66293.00,0.00,30932.00,0,宜兴,1501,,华东,,,,125706.78,,2013-01-11 16:22:14.023,2018-06-05 00:00:00.49,1900-01-01 00:00:00.0,00 00 00 00 06 29 61 f8,5490,1,,125706.78,96247.26,1000523,YX,5334,D类,386,61,4,宜兴万达广场,1,0,2015-03-15 00:00:00.0
82,82,WXHS,无锡惠山,23,,2013-06-21 00:00:00.0,,,,80985.00,51020.00,0.00,29965.00,0,无锡,1498,,华东,,,,103928.60,,2013-01-11 16:22:14.023,2018-06-05 00:00:00.49,1900-01-01 00:00:00.0,00 00 00 00 06 29 61 f9,5490,1,,103928.60,83632.58,1000524,WXHS,5335,B类,216,60,4,无锡惠山万达广场,1,0,2015-10-31 00:00:00.0
83,83,YY,宁波余姚,13,,2013-11-01 00:00:00.0,,,,80905.00,51849.00,0.00,29056.00,0,宁波,1498,,东南,,,,109268.32,,2013-01-11 16:22:14.023,2018-06-05 00:00:00.493,1900-01-01 00:00:00.0,00 00 00 00 06 29 61 fa,5563,1,,109268.32,79566.75,1000543,YY,5341,C类,373,55,3,余姚万达广场,1,0,2015-03-15 00:00:00.0
84,84,SYAT,沈阳奥体,6,,2013-07-26 00:00:00.0,,,,74280.00,45343.00,0.00,28937.00,0,沈阳,1498,,东北,,,,102311.07,,2013-01-11 16:22:14.023,2018-06-05 00:00:00.493,1900-01-01 00:00:00.0,00 00 00 00 06 29 61 fb,5502,1,,102311.07,69022.74,1000544,SYAT,5333,C类,243,59,3,沈阳奥体万达广场,1,0,2015-03-15 00:00:00.0
85,85,DGCA,东莞长安,42,,2013-07-20 00:00:00.0,,,,83033.00,45085.00,0.00,37948.00,0,东莞,1499,,华南,,,,118040.15,,2013-01-11 16:22:14.023,2018-06-05 00:00:00.493,1900-01-01 00:00:00.0,00 00 00 00 06 29 61 fc,5396,1,,117849.12,85822.26,1000545,DGCA,5326,B类,81,59,3,东莞长安万达广场,1,0,2015-03-15 00:00:00.0
86,86,XMJM,厦门集美,32,,2013-06-08 00:00:00.0,,,,67408.00,53338.00,0.00,14070.00,0,厦门,1498,,东南,,,,83619.40,,2013-01-11 16:22:14.023,2018-06-05 00:00:00.493,1900-01-01 00:00:00.0,00 00 00 00 06 29 61 fd,5563,1,,83619.40,66260.82,1000546,XMJM,5343,B类,64,60,4,厦门集美万达广场,1,0,2015-10-10 00:00:00.0
87,87,FS,辽宁抚顺,6,,2013-10-25 00:00:00.0,,,,86372.00,53152.00,0.00,33220.00,0,抚顺,1499,,东北,,,,121614.15,,2013-01-11 16:22:14.023,2018-06-05 00:00:00.493,1900-01-01 00:00:00.0,00 00 00 00 06 29 61 fe,5502,1,,121614.15,84468.22,1000547,FS,5344,D类,237,56,3,抚顺万达广场,1,0,2015-07-31 00:00:00.0
88,88,CQWZ,重庆万州,37,,2013-07-05 00:00:00.0,,,,66857.00,39850.00,0.00,27007.00,0,重庆,1498,,西南,,,,94112.54,,2013-01-11 16:22:14.023,2018-06-05 00:00:00.497,1900-01-01 00:00:00.0,00 00 00 00 06 29 61 ff,5397,1,,94112.54,68730.06,1000563,CQWZ,4396,A类,379,59,3,重庆万州万达广场,1,0,2016-06-30 00:00:00.0
89,89,HEBHX,哈尔滨哈西,9,,2013-09-13 00:00:00.0,,,,119512.00,83698.00,0.00,35814.00,0,哈尔滨,1498,,东北,,,,147479.31,,2013-02-26 14:10:03.257,2018-06-05 00:00:00.497,1900-01-01 00:00:00.0,00 00 00 00 06 29 62 01,5502,1,,147479.31,118169.82,1000583,HEBHX,5330,A类,157,57,3,哈尔滨哈西万达广场,1,1,1900-01-01 00:00:00.0
90,90,XADMG,西安大明宫,12,,2013-11-22 00:00:00.0,,,,76738.00,47265.00,0.00,29473.00,0,西安,1498,,西北,,,,110161.34,,2013-04-09 14:10:11.04,2018-06-05 00:00:00.497,1900-01-01 00:00:00.0,00 00 00 00 06 29 62 02,5565,1,,110161.34,75108.19,1000603,XADMG,5339,A类,306,55,3,西安大明宫万达广场,1,0,2017-02-28 00:00:00.0
91,91,BB,安徽蚌埠,29,,2013-11-29 00:00:00.0,,,,84101.00,57309.00,0.00,26792.00,0,蚌埠,1501,,中南,,,,107760.31,,2013-05-21 10:00:03.0,2018-06-05 00:00:00.497,1900-01-01 00:00:00.0,00 00 00 00 06 29 62 03,5395,1,,107760.31,83084.56,1000623,BB,5324,B类,41,55,3,蚌埠万达广场,1,0,2015-08-31 00:00:00.0
92,92,XZ,徐州云龙,5,,2013-12-06 00:00:00.0,,,,85098.00,50391.00,0.00,34707.00,0,徐州,1499,,华东,,,,115652.66,,2013-05-21 10:00:03.0,2018-06-05 00:00:00.5,1900-01-01 00:00:00.0,00 00 00 00 06 29 62 04,5490,1,,115652.66,85832.85,1000624,XZ,5353,B类,217,54,3,徐州万达广场,1,0,2015-07-31 00:00:00.0
93,93,DD,辽宁丹东,6,,2013-12-20 00:00:00.0,,,,85372.00,55037.00,0.00,30335.00,0,丹东,1501,,东北,,,,113330.54,,2013-05-21 14:00:04.93,2018-06-05 00:00:00.5,1900-01-01 00:00:00.0,00 00 00 00 06 29 62 05,5502,1,,113330.54,82576.00,1000625,DD,5325,D类,236,54,3,丹东万达广场,1,0,2015-10-31 00:00:00.0
94,94,NJJN,南京江宁,5,,2013-12-21 00:00:00.0,,,,97447.00,65719.00,0.00,31728.00,0,南京,1498,,华东,,,,120300.55,,2013-05-21 14:00:04.93,2018-06-05 00:00:00.5,1900-01-01 00:00:00.0,00 00 00 00 06 29 62 06,5490,1,,120300.55,95634.55,1000626,NJJN,5363,A类,211,54,3,南京江宁万达广场,1,1,1900-01-01 00:00:00.0
95,95,GZZC,广州增城,28,,2014-05-16 00:00:00.0,,,,76368.00,54869.00,0.00,21499.00,0,广州,1497,,华南,,,,95817.23,,2013-08-29 10:00:01.7,2018-06-05 00:00:00.503,1900-01-01 00:00:00.0,00 00 00 00 06 29 62 07,5396,1,,98016.85,76060.53,1000643,GZZC,5347,D类,83,49,3,广州增城万达广场,1,0,2015-10-10 00:00:00.0
96,96,CF,内蒙古赤峰,45,,2014-06-20 00:00:00.0,,,,73957.00,40742.00,0.00,33215.00,0,赤峰,1501,,西北,,,,105613.58,,2013-08-29 10:00:01.7,2018-06-05 00:00:00.503,1900-01-01 00:00:00.0,00 00 00 00 06 29 62 08,5565,1,,107046.78,73396.45,1000644,CF,5369,C类,249,48,3,赤峰万达广场,1,0,2015-10-31 00:00:00.0
97,97,MZL,满洲里,45,,2014-06-27 00:00:00.0,,,,44067.00,25707.00,0.00,18360.00,0,满洲里,1501,,西北,,,,60446.51,,2013-08-29 10:00:01.7,2018-06-05 00:00:00.503,1900-01-01 00:00:00.0,00 00 00 00 06 29 62 09,5565,1,,94130.49,42227.36,1000645,MZL,5372,D类,381,48,3,满洲里万达广场,1,0,2015-09-30 00:00:00.0
98,98,WF,山东潍坊,4,,2014-05-23 00:00:00.0,,,,72364.00,48377.00,0.00,23987.00,0,潍坊,1499,,华北,,,,94857.03,,2013-08-29 10:00:01.7,2018-06-05 00:00:00.503,1900-01-01 00:00:00.0,00 00 00 00 06 29 62 0a,5503,1,,95224.54,71921.87,1000646,WF,5368,D类,285,49,3,潍坊万达广场,1,0,2015-07-31 00:00:00.0
99,99,SHSJ,上海松江,11,,2014-05-30 00:00:00.0,,,,93688.00,61880.00,0.00,31808.00,0,上海,1497,,华东,,,,115789.92,,2013-10-18 14:00:03.393,2018-06-05 00:00:00.503,1900-01-01 00:00:00.0,00 00 00 00 06 29 62 0b,5490,1,,115789.92,92085.70,1000663,SHSJ,5370,A类,39,49,3,上海松江万达广场,1,0,2015-10-31 00:00:00.0
101,101,JN,济宁太白路,3,,2014-07-05 00:00:00.0,,,,65630.00,34595.00,0.00,31035.00,0,济宁,1499,,华北,,,,90394.61,,2013-12-03 18:01:06.51,2018-06-05 00:00:00.503,1900-01-01 00:00:00.0,00 00 00 00 06 29 62 0c,5503,1,,90394.61,64414.22,1000664,JN,5364,C类,277,47,3,济宁太白路万达广场,1,0,2015-08-31 00:00:00.0
102,102,JH,浙江金华,13,,2014-07-25 00:00:00.0,,,,72542.00,48151.00,0.00,24391.00,0,金华,1499,,东南,,,,99194.55,,2013-12-09 22:01:12.15,2018-06-05 00:00:00.507,1900-01-01 00:00:00.0,00 00 00 00 06 29 62 0d,5563,1,,100053.90,72721.93,1000685,JH,5377,C类,371,47,3,金华万达广场,1,0,2015-07-31 00:00:00.0
103,103,YCXXWDGC,银川西夏,44,,2014-07-18 00:00:00.0,,,,72307.00,55058.00,0.00,17249.00,0,银川,1499,,西北,,,,90985.75,,2013-12-10 18:01:13.17,2018-06-05 00:00:00.507,1900-01-01 00:00:00.0,00 00 00 00 06 29 62 0e,5565,1,,91260.75,71534.78,1000704,YCXXWDGC,5371,D类,262,47,3,银川西夏万达广场,1,0,2015-10-31 00:00:00.0
104,104,DGDC,东莞东城,42,,2014-09-12 00:00:00.0,,,,81124.00,58197.00,0.00,22927.00,0,东莞,1499,,华南,,,,103372.65,,2013-12-10 18:01:13.17,2018-06-05 00:00:00.507,1900-01-01 00:00:00.0,00 00 00 00 06 29 62 0f,5396,1,,105465.79,79249.31,1000707,DGDC,5378,A类,81,45,3,东莞东城万达广场,1,1,1900-01-01 00:00:00.0
105,105,FSNH,佛山南海,28,,2014-08-29 00:00:00.0,,,,72251.00,46413.00,0.00,25838.00,0,佛山,1498,,华南,,,,100630.78,,2013-12-11 14:01:15.89,2018-06-05 00:00:00.507,1900-01-01 00:00:00.0,00 00 00 00 06 29 62 10,5396,1,,101143.30,72302.50,1000706,FSNH,5373,A类,82,46,3,佛山南海万达广场,1,0,2015-10-10 00:00:00.0
106,106,CZWJ,常州武进,23,,2014-08-08 00:00:00.0,,,,68986.00,42991.00,0.00,25995.00,0,常州,1499,,华东,,,,90937.58,,2013-12-11 18:01:14.02,2018-06-05 00:00:00.51,1900-01-01 00:00:00.0,00 00 00 00 06 29 62 11,5490,1,,91773.56,68869.72,1000705,CZWJ,5386,D类,208,46,3,常州武进万达广场,1,0,2015-07-31 00:00:00.0
107,107,MAS,安徽马鞍山,29,,2014-09-19 00:00:00.0,,,,74191.00,51145.00,0.00,23046.00,0,马鞍山,1501,,中南,,,,94468.39,,2013-12-11 18:01:14.02,2018-06-05 00:00:00.51,1900-01-01 00:00:00.0,00 00 00 00 06 29 62 12,5395,1,,94468.39,74095.31,1000708,MAS,5379,D类,52,45,3,马鞍山万达广场,1,0,2015-08-31 00:00:00.0
108,108,KMCBD,昆明CBD,41,,2014-10-31 00:00:00.0,,,,78911.00,54349.00,0.00,24562.00,0,昆明,1498,,西南,,,,105727.90,,2014-01-22 18:01:41.383,2018-06-05 00:00:00.51,1900-01-01 00:00:00.0,00 00 00 00 06 29 62 13,5397,1,,105727.90,76180.70,1000744,KMCBD,5380,B类,359,44,3,昆明CBD万达广场,1,1,1900-01-01 00:00:00.0
109,109,JZ,湖北荆州,8,,2014-09-20 00:00:00.0,,,,78927.00,54300.00,0.00,24627.00,0,荆州,1499,,华中,,,,98666.27,,2014-01-24 18:01:42.76,2018-06-05 00:00:00.51,1900-01-01 00:00:00.0,00 00 00 00 06 29 62 14,5618,1,,98931.54,77324.62,1000764,JZ,5376,B类,173,45,3,荆州万达广场,1,0,2015-09-30 00:00:00.0
110,110,LZ,兰州城关,44,,2014-10-24 00:00:00.0,,,,84603.00,63547.00,0.00,21056.00,0,兰州,1498,,西北,,,,104588.24,,2014-01-24 18:01:42.76,2018-06-05 00:00:00.513,1900-01-01 00:00:00.0,00 00 00 00 06 29 62 15,5565,1,,104588.24,82711.64,1000765,LZ,5375,A类,72,44,3,兰州城关万达广场,1,1,1900-01-01 00:00:00.0
111,111,LY,福建龙岩,32,,2014-11-07 00:00:00.0,,,,62823.00,44014.00,0.00,18809.00,0,龙岩,1501,,东南,,,,84508.61,,2014-01-24 18:01:42.76,2018-06-05 00:00:00.513,1900-01-01 00:00:00.0,00 00 00 00 06 29 62 16,5563,1,,84508.61,59901.84,1000766,LY,5374,D类,58,43,3,龙岩万达广场,1,0,2015-10-31 00:00:00.0
112,112,JM,江门蓬江,28,,2014-11-28 00:00:00.0,,,,73188.00,51689.00,0.00,21499.00,0,江门,1499,,华南,,,,96978.68,,2014-01-24 18:01:42.76,2018-06-05 00:00:00.513,1900-01-01 00:00:00.0,00 00 00 00 06 29 62 17,5396,1,,97425.26,71142.27,1000767,JM,5381,D类,86,43,3,江门万达广场,1,0,2015-10-31 00:00:00.0
113,113,FQ,福建福清,15,,2014-12-05 00:00:00.0,,,,65080.00,43434.00,0.00,21646.00,0,福清,1501,,东南,,,,85402.85,,2014-01-24 18:01:42.76,2018-06-05 00:00:00.513,1900-01-01 00:00:00.0,00 00 00 00 06 29 62 18,5563,1,,85637.86,65036.53,1000768,FQ,5383,B类,394,42,3,福清万达广场,1,0,2015-10-31 00:00:00.0
114,114,WZPY,温州平阳,13,,2014-12-06 00:00:00.0,,,,69408.00,45637.00,0.00,23771.00,0,温州,1499,,东南,,,,90807.66,,2014-01-24 18:01:42.76,2018-06-05 00:00:00.513,1900-01-01 00:00:00.0,00 00 00 00 06 29 62 19,5563,1,,92433.09,68287.92,1000769,WZPY,5384,D类,377,42,3,温州平阳万达广场,1,0,2015-08-31 00:00:00.0
115,115,HZGS,杭州拱墅,33,,2014-12-12 00:00:00.0,,,,75040.00,51986.00,0.00,23054.00,0,杭州,1498,,东南,,,,97251.01,,2014-01-24 18:01:42.76,2018-06-05 00:00:00.513,1900-01-01 00:00:00.0,00 00 00 00 06 29 62 1a,5563,1,,98481.40,73316.34,1000770,HZGS,5385,B类,368,42,3,杭州拱墅万达广场,1,0,2015-10-31 00:00:00.0
116,116,NN,南宁青秀,48,,2014-12-18 00:00:00.0,,,,88562.00,67441.00,0.00,21121.00,0,南宁,1498,,华南,,,,110574.93,,2014-01-24 18:01:42.76,2018-06-05 00:00:00.517,1900-01-01 00:00:00.0,00 00 00 00 06 29 62 1b,5396,1,,111397.29,85091.14,1000771,NN,4414,B类,111,42,3,南宁青秀万达广场,1,0,2015-10-31 00:00:00.0
117,117,BJTZ,北京通州,10,,2014-11-29 00:00:00.0,,,,90248.00,63159.00,0.00,27089.00,0,北京,1497,,华北,,,,117213.57,,2014-01-24 18:01:42.76,2018-06-05 00:00:00.517,1900-01-01 00:00:00.0,00 00 00 00 06 29 62 1c,5503,1,,117213.57,89527.03,1000772,BJTZ,5382,A类,38,43,3,北京通州万达广场,1,1,1900-01-01 00:00:00.0
118,118,YTZF,烟台芝罘,4,,2014-11-21 00:00:00.0,,,,79662.00,55778.00,0.00,23884.00,0,烟台,1499,,华北,,,,104548.57,,2014-01-24 18:01:42.76,2018-06-05 00:00:00.517,1900-01-01 00:00:00.0,00 00 00 00 06 29 62 1d,5503,1,,105351.17,76851.66,1000773,YTZF,5387,B类,286,43,3,烟台芝罘万达广场,1,0,2015-10-31 00:00:00.0
120,120,SCGY,四川广元,14,,2015-06-05 00:00:00.0,,,,60227.00,37217.00,0.00,23010.00,0,广元,1501,,西南,,,,87288.47,,2014-08-11 22:01:22.877,2018-06-05 00:00:00.52,1900-01-01 00:00:00.0,00 00 00 00 06 29 60 f5,5397,4,,87566.26,59890.48,1000864,SCGY,5398,B类,317,36,3,四川广元万达广场,1,0,2016-05-31 00:00:00.0
129,122,ZJJX,浙江嘉兴,33,,2015-06-12 00:00:00.0,,,,60471.00,34239.00,0.00,26232.00,0,嘉兴,1499,,东南,,,,90984.52,,2014-08-28 16:10:05.63,2018-06-05 00:00:00.52,1900-01-01 00:00:00.0,00 00 00 00 06 29 62 1e,5563,1,,91441.83,60471.18,1000884,ZJJX,5399,C类,370,36,3,浙江嘉兴万达广场,1,0,2016-05-31 00:00:00.0
130,123,YK,辽宁营口,6,,2015-06-19 00:00:00.0,,,,65351.00,38917.00,0.00,26434.00,0,营口,1501,,东北,,,,92714.87,,2014-08-28 16:10:05.63,2018-06-05 00:00:00.52,1900-01-01 00:00:00.0,00 00 00 00 06 29 62 1f,5502,1,,92714.87,63309.54,1000885,YK,5400,B类,245,36,3,营口万达广场,1,0,1900-01-01 00:00:00.0
131,124,SCNJ,四川内江,14,,2015-06-26 00:00:00.0,,,,68197.00,49009.00,0.00,19188.00,0,内江,1501,,西南,,,,89283.16,,2014-08-28 16:10:05.63,2018-06-05 00:00:00.52,1900-01-01 00:00:00.0,00 00 00 00 06 29 60 f8,5397,1,,89649.14,68145.88,1000886,SCNJ,5401,B类,322,36,3,四川内江万达广场,1,0,2016-06-30 00:00:00.0
132,125,HBHS,湖北黄石,8,,2015-07-03 00:00:00.0,,,,58889.00,37383.00,0.00,21506.00,0,黄石,1501,,华中,,,,82640.44,,2014-08-28 16:10:05.63,2018-06-05 00:00:00.523,1900-01-01 00:00:00.0,00 00 00 00 06 29 62 20,5618,1,,83917.88,58891.03,1000887,HBHS,5402,B类,171,35,2,湖北黄石万达广场,1,0,2016-03-15 00:00:00.0
133,126,GZLG,广州萝岗,28,,2015-07-17 00:00:00.0,,,,71013.00,49150.00,0.00,21863.00,0,广州,1497,,华南,,,,93412.57,,2014-08-28 16:10:05.63,2018-06-05 00:00:00.523,1900-01-01 00:00:00.0,00 00 00 00 06 29 62 21,5396,1,,93588.77,71012.34,1000904,GZLG,5403,A类,83,35,2,广州萝岗万达广场,1,0,2016-03-15 00:00:00.0
134,127,SHJS,上海金山,11,,2015-07-17 00:00:00.0,,,,63664.00,41914.00,0.00,21750.00,0,上海,1497,,华东,,,,86611.99,,2014-08-28 16:10:05.63,2018-06-05 00:00:00.523,1900-01-01 00:00:00.0,00 00 00 00 06 29 62 22,5490,1,,86611.99,61739.42,1000905,SHJS,5404,C类,39,35,2,上海金山万达广场,1,0,2016-03-15 00:00:00.0
135,128,QQHE,齐齐哈尔,55,,2015-08-01 00:00:00.0,,,,62890.00,36738.00,0.00,26152.00,0,齐齐哈尔,1499,,东北,,,,92574.59,,2014-08-28 16:10:05.63,2018-06-05 00:00:00.523,1900-01-01 00:00:00.0,00 00 00 00 06 29 62 23,5502,1,,93183.09,71053.23,1000906,QQHE,5406,C类,164,34,2,齐齐哈尔万达广场,1,0,2016-06-30 00:00:00.0
136,129,AY,河南安阳,35,,2015-07-25 00:00:00.0,,,,66391.00,43319.00,0.00,23072.00,0,安阳,1501,,华中,,,,90532.82,,2014-08-28 16:10:05.63,2018-06-05 00:00:00.523,1900-01-01 00:00:00.0,00 00 00 00 06 29 62 24,5618,1,,91248.30,64901.95,1000907,AY,5405,C类,137,35,2,安阳万达广场,1,0,1900-01-01 00:00:00.0
137,130,GLQX,桂林高新,48,,2015-09-12 00:00:00.0,,,,66084.00,38562.00,0.00,27522.00,0,桂林,1499,,华南,,,,97311.21,,2014-10-19 04:02:52.487,2018-06-05 00:00:00.527,1900-01-01 00:00:00.0,00 00 00 00 06 29 62 25,5396,1,,98100.78,66084.18,1000924,GLQX,5412,C类,106,33,2,桂林高新万达广场,1,0,2016-06-30 00:00:00.0
138,131,NNAJ,南宁安吉,48,,2015-12-05 00:00:00.0,,,,65238.00,40818.00,0.00,24420.00,0,南宁,1498,,华南,,,,92287.17,,2014-11-03 06:02:59.58,2018-06-05 00:00:00.527,1900-01-01 00:00:00.0,00 00 00 00 06 29 62 26,5396,1,,92668.26,63691.85,1000944,NNAJ,5420,C类,111,30,2,南宁安吉万达广场,1,0,1900-01-01 00:00:00.0
139,132,SXWN,陕西渭南,12,,2015-08-07 00:00:00.0,,,,56746.00,39144.00,0.00,17602.00,0,渭南,1501,,西北,,,,77317.72,,2015-01-01 04:03:18.913,2018-06-05 00:00:00.527,1900-01-01 00:00:00.0,00 00 00 00 06 29 62 27,5565,1,,78090.32,55723.60,1000984,SXWN,5407,D类,305,34,2,陕西渭南万达广场,1,0,1900-01-01 00:00:00.0
140,133,DY,山东东营,3,,2015-08-15 00:00:00.0,,,,65185.00,35924.00,0.00,29261.00,0,东营,1501,,华北,,,,95140.45,,2015-01-01 04:03:18.913,2018-06-05 00:00:00.527,1900-01-01 00:00:00.0,00 00 00 00 06 29 62 28,5503,1,,95756.70,65271.32,1000985,DY,5408,C类,274,34,2,东营万达广场,1,0,2016-03-15 00:00:00.0
141,134,XSBN,西双版纳,41,,2015-09-26 00:00:00.0,,,,43631.00,22757.00,0.00,20874.00,0,西双版纳,1501,,西南,,,,63259.97,,2015-01-10 08:03:20.207,2018-06-05 00:00:00.527,1900-01-01 00:00:00.0,00 00 00 00 06 29 62 29,5397,1,,63259.97,41915.62,1000964,XSBN,5413,D类,352,33,2,西双版纳万达广场,8,0,1900-01-01 00:00:00.0
142,135,SDTA,山东泰安,3,,2015-08-21 00:00:00.0,,,,68551.00,47181.00,0.00,21370.00,0,泰安,1499,,华北,,,,89192.27,,2015-01-10 08:03:20.207,2018-06-05 00:00:00.53,1900-01-01 00:00:00.0,00 00 00 00 06 29 62 2a,5503,1,,90672.73,68550.49,1001004,SDTA,5409,C类,283,34,2,山东泰安万达广场,1,0,1900-01-01 00:00:00.0
143,136,DLKFQ,大连开发区,39,,2015-08-29 00:00:00.0,,,,69020.00,40816.00,0.00,28204.00,0,大连,1498,,东北,,,,97575.32,,2015-01-10 08:03:20.207,2018-06-05 00:00:00.53,1900-01-01 00:00:00.0,00 00 00 00 06 29 62 2b,5502,1,,98445.32,69004.65,1001005,DLKFQ,5410,C类,235,34,2,大连开发区万达广场,1,0,1900-01-01 00:00:00.0
144,137,FYYZ,阜阳颍州,29,,2015-08-29 00:00:00.0,,,,69533.00,45706.00,0.00,23827.00,0,阜阳,1499,,中南,,,,91173.81,,2015-01-10 08:03:20.207,2018-06-05 00:00:00.53,1900-01-01 00:00:00.0,00 00 00 00 06 29 62 2c,5395,1,,91878.18,69532.18,1001006,FYYZ,5415,A类,46,34,2,阜阳颍州万达广场,1,1,1900-01-01 00:00:00.0
145,138,JMS,佳木斯,55,,2015-09-12 00:00:00.0,,,,58418.00,39407.00,0.00,19011.00,0,佳木斯,1501,,东北,,,,82515.85,,2015-01-10 08:03:20.207,2018-06-05 00:00:00.53,1900-01-01 00:00:00.0,00 00 00 00 06 29 62 2d,5502,1,,82983.30,58417.62,1001007,JMS,5411,D类,161,33,2,佳木斯万达广场,1,0,1900-01-01 00:00:00.0
146,139,TYLH,太原龙湖,51,,2015-09-30 00:00:00.0,,,,93170.00,69687.00,0.00,23483.00,0,太原,1498,,华中,,,,115527.17,,2015-01-10 08:03:20.207,2018-06-05 00:00:00.53,1900-01-01 00:00:00.0,00 00 00 00 06 29 62 2e,5618,1,,115527.17,89815.55,1001008,TYLH,5414,A类,296,33,2,太原龙湖万达广场,1,1,1900-01-01 00:00:00.0
147,140,DGHJ,东莞厚街,42,,2015-11-06 00:00:00.0,,,,64243.00,38312.00,0.00,25931.00,0,东莞,1499,,华南,,,,88348.27,,2015-01-10 08:03:20.207,2018-06-05 00:00:00.53,1900-01-01 00:00:00.0,00 00 00 00 06 29 62 2f,5396,1,,88348.27,63222.16,1001010,DGHJ,5417,B类,81,31,2,东莞厚街万达广场,1,0,1900-01-01 00:00:00.0
148,141,DZ,山东德州,3,,2015-11-06 00:00:00.0,,,,64797.00,38612.00,0.00,26185.00,0,德州,1501,,华北,,,,91703.69,,2015-01-10 08:03:20.207,2018-06-05 00:00:00.533,1900-01-01 00:00:00.0,00 00 00 00 06 29 62 30,5503,1,,93156.23,62779.20,1001011,DZ,5418,D类,273,31,2,德州万达广场,1,0,1900-01-01 00:00:00.0
149,142,LZCZ,柳州城中,48,,2015-11-27 00:00:00.0,,,,72476.00,49910.00,0.00,22566.00,0,柳州,1499,,华南,,,,92201.35,,2015-01-10 08:03:20.207,2018-06-05 00:00:00.537,1900-01-01 00:00:00.0,00 00 00 00 06 29 62 31,5396,1,,93050.34,69963.18,1001012,LZCZ,5419,B类,110,31,2,柳州城中万达广场,1,0,1900-01-01 00:00:00.0
150,143,SZWZ,苏州吴中,23,,2015-12-11 00:00:00.0,,,,70521.00,43838.00,0.00,26683.00,0,苏州,1498,,华东,,,,98475.93,,2015-01-10 08:03:20.207,2018-06-05 00:00:00.537,1900-01-01 00:00:00.0,00 00 00 00 06 29 62 32,5490,1,,98475.93,68729.31,1001013,SZWZ,5421,B类,213,30,2,苏州吴中万达广场,1,0,1900-01-01 00:00:00.0
151,144,NT,南通港闸,23,,2015-12-11 00:00:00.0,,,,63787.00,39924.00,0.00,23863.00,0,南通,1499,,华东,,,,92773.62,,2015-01-10 08:03:20.207,2018-06-05 00:00:00.54,1900-01-01 00:00:00.0,00 00 00 00 06 29 62 33,5490,2,,93154.11,65593.94,1001014,NT,5422,B类,212,30,2,南通万达广场,1,0,1900-01-01 00:00:00.0
152,145,GZNS,广州南沙,28,,2015-12-22 00:00:00.0,,,,66490.00,46678.00,0.00,19812.00,0,广州,1497,,华南,,,,85238.06,,2015-01-10 08:03:20.207,2018-06-05 00:00:00.54,1900-01-01 00:00:00.0,00 00 00 00 06 29 62 34,5396,1,,86187.04,64922.10,1001015,GZNS,5423,B类,83,30,2,广州南沙万达广场,1,0,1900-01-01 00:00:00.0
153,146,CQBN,重庆巴南,37,,2015-10-30 00:00:00.0,,,,73503.00,44450.00,0.00,29053.00,0,重庆,1498,,西南,,,,97403.34,,2015-01-15 18:03:21.2,2018-06-05 00:00:00.54,1900-01-01 00:00:00.0,00 00 00 00 06 29 62 35,5397,1,,98101.45,73190.34,1001009,CQBN,5416,B类,379,32,2,重庆巴南万达广场,1,0,1900-01-01 00:00:00.0
154,147,WCJYQ,武汉万达中心,8,,2011-09-30 00:00:00.0,,,,,,0.00,,,武汉,1498,,华中,,,,66504.70,,2015-07-17 14:00:02.45,2018-06-05 00:00:00.543,2018-01-04 19:41:09.757,00 00 00 00 06 29 62 36,5618,0,,66504.70,66504.70,1001044,WCJYQ,4356,,179,32,2,武汉万达中心,7,0,1900-01-01 00:00:00.0
155,148,NCBY,南昌八一,36,true,2003-08-28 00:00:00.0,,,,27006.00,27006.00,0.00,0.00,,南昌,1498,,中南,,,,27005.73,,2015-10-13 18:00:04.26,2018-06-05 00:00:00.543,2018-01-09 11:23:04.98,00 00 00 00 06 29 62 37,5395,0,,27005.73,27005.73,1001064,NCBY,5431,A类,226,32,2,南昌八一万达广场,1,0,1900-01-01 00:00:00.0
156,149,CCCQL,长春重庆路,2,true,2003-01-16 00:00:00.0,,,,36346.00,36346.00,0.00,0.00,,长春,1498,,东北,,,,35505.91,,2015-10-13 18:00:04.26,2018-06-05 00:00:00.543,2018-01-09 11:40:23.527,00 00 00 00 06 29 62 38,5502,0,,36319.92,35505.91,1001065,CCCQL,5433,A类,201,32,2,长春重庆路万达广场,1,0,1900-01-01 00:00:00.0
157,150,QDTDL,青岛台东路,4,true,2003-09-25 00:00:00.0,,,,27764.00,27764.00,0.00,0.00,,青岛,1498,,华北,,,,27764.39,,2015-10-13 18:00:04.26,2018-06-05 00:00:00.543,2018-01-09 11:23:04.98,00 00 00 00 06 29 62 39,5503,0,,27764.39,27764.39,1001066,QDTDL,5432,A类,281,32,2,青岛台东路万达广场,1,0,1900-01-01 00:00:00.0
158,151,BJCBD,北京CBD,10,true,2006-12-28 00:00:00.0,,,,71636.00,71636.00,0.00,0.00,,北京,1497,,华北,,,,71636.28,,2015-10-13 22:00:03.177,2018-06-05 00:00:00.543,2018-01-09 11:23:04.98,00 00 00 00 06 29 62 3a,5503,0,,71636.28,69390.20,1001067,BJCBD,4406,A类,38,32,2,北京CBD万达广场,1,0,1900-01-01 00:00:00.0
159,152,CD1084,成都蜀都,14,,2016-04-29 00:00:00.0,,,,78640.00,52685.00,0.00,25955.00,0,成都,1498,,西南,,,,107193.30,,2015-10-17 01:00:03.77,2018-06-05 00:00:00.543,1900-01-01 00:00:00.0,00 00 00 00 06 29 61 15,5397,1,,107509.00,77422.04,1001084,CDSD,5445,B类,312,26,2,成都蜀都万达广场,1,0,1900-01-01 00:00:00.0
160,153,HB1104,湖北荆门,8,,2016-06-03 00:00:00.0,,,,67538.00,46133.00,0.00,21405.00,0,荆门,1501,,华中,,,,87692.25,,2015-10-28 10:00:03.947,2018-06-05 00:00:00.547,1900-01-01 00:00:00.0,00 00 00 00 06 29 62 3b,5618,1,,87909.58,66343.07,1001104,HBJM,5466,C类,172,24,2,湖北荆门万达广场,1,0,1900-01-01 00:00:00.0
161,154,XT1105,湖南湘潭,49,,2016-06-10 00:00:00.0,,,,71084.00,43312.00,0.00,27772.00,0,湘潭,1501,,中南,,,,96901.88,,2015-10-28 14:00:04.013,2018-06-05 00:00:00.547,1900-01-01 00:00:00.0,00 00 00 00 06 29 62 3c,5395,1,,97788.96,70071.57,1001105,XT,5479,C类,187,24,2,湘潭万达广场,1,0,1900-01-01 00:00:00.0
162,155,TZ1106,台州经开,13,,2016-06-17 00:00:00.0,,,,61665.00,37951.00,0.00,23714.00,0,台州,1499,,东南,,,,88160.58,,2015-10-28 14:00:04.013,2018-06-05 00:00:00.547,1900-01-01 00:00:00.0,00 00 00 00 06 29 62 3d,5563,1,,88160.58,61665.34,1001106,TZJK,5480,C类,376,24,2,台州经开万达广场,1,0,1900-01-01 00:00:00.0
163,156,ZY1107,四川资阳,14,,2016-06-17 00:00:00.0,,,,64499.00,41222.00,0.00,23277.00,0,资阳,1501,,西南,,,,86214.24,,2015-10-28 14:00:04.013,2018-06-05 00:00:00.55,1900-01-01 00:00:00.0,00 00 00 00 06 29 61 19,5397,1,,86979.51,64498.66,1001107,ZY,5478,D类,328,24,2,资阳万达广场,1,0,1900-01-01 00:00:00.0
164,157,JN1108,济南高新,3,,2016-06-18 00:00:00.0,,,,68505.00,40449.00,0.00,28056.00,0,济南,1498,,华北,,,,97364.59,,2015-10-28 14:00:04.013,2018-06-05 00:00:00.55,1900-01-01 00:00:00.0,00 00 00 00 06 29 62 3e,5503,1,,97364.59,66764.37,1001108,JNGX,5429,A类,276,24,2,济南高新万达广场,1,0,1900-01-01 00:00:00.0
165,158,WH1109,内蒙古乌海,45,,2016-06-25 00:00:00.0,,,,67626.00,44163.00,0.00,23463.00,0,乌海,1501,,西北,,,,89261.66,,2015-10-28 14:00:04.013,2018-06-05 00:00:00.55,1900-01-01 00:00:00.0,00 00 00 00 06 29 62 3f,5565,1,,89562.30,67561.09,1001109,WH,5471,C类,254,24,2,乌海万达广场,1,0,1900-01-01 00:00:00.0
166,159,GD1110,广东湛江,28,,2016-06-25 00:00:00.0,,,,66095.00,43507.00,0.00,22588.00,0,湛江,1499,,华南,,,,92061.34,,2015-10-28 14:00:04.013,2018-06-05 00:00:00.55,1900-01-01 00:00:00.0,00 00 00 00 06 29 62 40,5396,1,,92061.34,64445.27,1001110,GDZJ,5424,B类,97,24,2,广东湛江万达广场,1,0,1900-01-01 00:00:00.0
167,160,SP1111,吉林四平,2,,2016-07-01 00:00:00.0,,,,55907.00,30466.00,0.00,25441.00,0,四平,1501,,东北,,,,86950.00,,2015-10-28 14:00:04.013,2018-06-05 00:00:00.55,1900-01-01 00:00:00.0,00 00 00 00 06 29 62 41,5502,1,,87516.00,55851.43,1001111,SP,5472,D类,204,23,2,四平万达广场,1,0,1900-01-01 00:00:00.0
168,161,JX1112,黑龙江鸡西,55,,2016-07-15 00:00:00.0,,,,56936.00,39175.00,0.00,17761.00,0,鸡西,1501,,东北,,,,77059.36,,2015-10-28 14:00:04.013,2018-06-05 00:00:00.55,1900-01-01 00:00:00.0,00 00 00 00 06 29 62 42,5502,1,,77059.36,55452.14,1001112,JX,5434,D类,160,23,2,鸡西万达广场,1,0,1900-01-01 00:00:00.0
169,162,MD1113,牡丹江,55,,2016-07-22 00:00:00.0,,,,57343.00,30386.00,0.00,26957.00,0,牡丹江,1501,,东北,,,,86208.73,,2015-10-28 14:00:04.013,2018-06-05 00:00:00.55,1900-01-01 00:00:00.0,00 00 00 00 06 29 62 43,5502,1,,87050.73,57342.77,1001113,MDJ,5435,D类,162,23,2,牡丹江万达广场,1,0,1900-01-01 00:00:00.0
170,163,TL1114,内蒙古通辽,45,,2016-07-22 00:00:00.0,,,,67216.00,47224.00,0.00,19992.00,0,通辽,1501,,西北,,,,88479.83,,2015-10-28 14:00:04.013,2018-06-05 00:00:00.553,1900-01-01 00:00:00.0,00 00 00 00 06 29 62 44,5565,1,,88771.16,65424.00,1001114,TL,5426,C类,253,23,2,通辽万达广场,1,0,1900-01-01 00:00:00.0
171,164,XN1115,青海西宁,44,,2016-07-29 00:00:00.0,,,,68595.00,47082.00,0.00,21513.00,0,西宁,1499,,西北,,,,92276.17,,2015-10-28 18:00:03.02,2018-06-05 00:00:00.553,1900-01-01 00:00:00.0,00 00 00 00 06 29 62 45,5565,1,,92536.17,68594.61,1001115,XN,5481,B类,270,23,2,西宁万达广场,1,0,1900-01-01 00:00:00.0
172,165,HB1116,湖北十堰,8,,2016-08-05 00:00:00.0,,,,66515.00,41608.00,0.00,24907.00,0,十堰,1501,,华中,,,,90193.96,,2015-10-30 14:00:03.537,2018-06-05 00:00:00.553,1900-01-01 00:00:00.0,00 00 00 00 06 29 62 46,5618,1,,91087.28,65714.59,1001116,HBSY,5467,C类,176,22,2,湖北十堰万达广场,1,0,1900-01-01 00:00:00.0
173,166,BZ1117,安徽亳州,29,,2016-08-12 00:00:00.0,,,,64208.00,42490.00,0.00,21718.00,0,亳州,1501,,中南,,,,87665.16,,2015-10-30 14:00:03.537,2018-06-05 00:00:00.553,1900-01-01 00:00:00.0,00 00 00 00 06 29 62 47,5395,1,,87819.80,63311.09,1001117,BZ,5473,C类,42,22,2,亳州万达广场,1,0,1900-01-01 00:00:00.0
174,167,YW1118,浙江义乌,13,,2016-09-16 00:00:00.0,,,,66499.00,41145.00,0.00,25354.00,0,义乌,1499,,东南,,,,93514.41,,2015-10-30 14:00:03.537,2018-06-05 00:00:00.557,1900-01-01 00:00:00.0,00 00 00 00 06 29 62 48,5563,1,,94327.20,66498.57,1001118,YW,5469,B类,382,21,2,义乌万达广场,1,0,1900-01-01 00:00:00.0
175,168,WL1119,乌鲁木齐经开,46,,2016-08-12 00:00:00.0,,,,70478.00,47608.00,0.00,22870.00,0,乌鲁木齐,1498,,西北,,,,96045.58,,2015-10-30 14:00:03.537,2018-06-05 00:00:00.557,1900-01-01 00:00:00.0,00 00 00 00 06 29 62 49,5565,1,,96045.58,69188.15,1001119,WLMQJK,5447,C类,350,22,2,乌鲁木齐经开万达广场,1,0,1900-01-01 00:00:00.0
176,169,HF1120,合肥瑶海,29,,2016-09-09 00:00:00.0,,,,63518.00,40178.00,0.00,23340.00,0,合肥,1498,,中南,,,,87119.70,,2015-10-30 14:00:03.537,2018-06-05 00:00:00.557,1900-01-01 00:00:00.0,00 00 00 00 06 29 62 4a,5395,1,,87474.70,62672.48,1001120,HFYH,5444,B类,47,21,2,合肥瑶海万达广场,1,0,1900-01-01 00:00:00.0
177,170,YJ1121,吉林延吉,2,,2016-09-09 00:00:00.0,,,,64807.00,42807.00,0.00,22000.00,0,延吉,1501,,东北,,,,86140.08,,2015-10-30 14:00:03.537,2018-06-05 00:00:00.557,1900-01-01 00:00:00.0,00 00 00 00 06 29 62 4b,5502,1,,87346.85,64807.56,1001121,YJ,5428,D类,380,21,2,延吉万达广场,1,0,1900-01-01 00:00:00.0
178,171,PJ1122,辽宁盘锦,6,,2016-09-09 00:00:00.0,,,,65593.00,31084.00,0.00,34509.00,0,盘锦,1501,,东北,,,,95953.75,,2015-10-30 14:00:03.537,2018-06-05 00:00:00.56,1900-01-01 00:00:00.0,00 00 00 00 06 29 62 4c,5502,1,,97349.30,65592.61,1001122,PJ,5448,D类,242,21,2,盘锦万达广场,1,0,1900-01-01 00:00:00.0
179,172,ZZ1128,漳州台商,32,,2017-01-06 00:00:00.0,,,,58142.00,31334.00,0.00,26808.00,0,漳州,1501,,东南,,,,85641.87,,2015-10-30 14:00:03.537,2018-06-05 00:00:00.56,1900-01-01 00:00:00.0,00 00 00 00 06 29 62 4d,5563,1,,86629.96,58141.33,1001128,ZZTSQ,5468,D类,65,17,2,漳州台商区万达广场,1,0,1900-01-01 00:00:00.0
180,173,SN1131,四川遂宁,14,,2016-10-21 00:00:00.0,,,,65702.00,41761.00,0.00,23941.00,0,遂宁,1501,,西南,,,,90037.52,,2015-10-30 14:00:03.537,2018-06-05 00:00:00.56,1900-01-01 00:00:00.0,00 00 00 00 06 29 61 2a,5397,1,,90872.74,65701.37,1001131,SN,5452,C类,325,20,2,遂宁万达广场,1,0,1900-01-01 00:00:00.0
181,174,XZ1132,徐州铜山,5,,2016-10-28 00:00:00.0,,,,65049.00,41352.00,0.00,23697.00,0,徐州,1499,,华东,,,,89251.05,,2015-10-30 14:00:03.537,2018-06-05 00:00:00.56,1900-01-01 00:00:00.0,00 00 00 00 06 29 62 4e,5490,1,,89746.55,65048.83,1001132,XZTS,5451,B类,217,20,2,徐州铜山万达广场,1,0,1900-01-01 00:00:00.0
182,175,SR1137,江西上饶,36,,2016-11-25 00:00:00.0,,,,64059.00,36738.00,0.00,27321.00,0,上饶,1499,,中南,,,,89825.69,,2015-10-30 18:00:03.277,2018-06-05 00:00:00.56,1900-01-01 00:00:00.0,00 00 00 00 06 29 62 4f,5395,1,,91128.68,64421.04,1001137,SR,5458,B类,228,19,2,上饶万达广场,1,0,1900-01-01 00:00:00.0
183,176,SZ1141,安徽宿州,29,,2016-12-02 00:00:00.0,,,,59562.00,30186.00,0.00,29376.00,0,宿州,1501,,中南,,,,86571.02,,2015-10-30 18:00:03.277,2018-06-05 00:00:00.56,1900-01-01 00:00:00.0,00 00 00 00 06 29 62 50,5395,1,,89003.42,59561.94,1001141,SZ,5459,D类,53,18,2,宿州万达广场,1,0,1900-01-01 00:00:00.0
184,177,D1143,东莞虎门,42,,2016-12-16 00:00:00.0,,,,68701.00,42578.00,0.00,26123.00,0,东莞,1499,,华南,,,,92756.46,,2015-10-30 18:00:03.277,2018-06-05 00:00:00.56,1900-01-01 00:00:00.0,00 00 00 00 06 29 62 51,5396,1,,93480.52,68700.89,1001143,D*HM,5441,B类,81,18,2,东莞虎门万达广场,1,0,1900-01-01 00:00:00.0
185,178,ZQ1123,重庆永川,37,,2016-09-16 00:00:00.0,,,,67809.00,37034.00,0.00,30775.00,0,重庆,1498,,西南,,,,88500.12,,2015-10-30 22:00:03.33,2018-06-05 00:00:00.563,1900-01-01 00:00:00.0,00 00 00 00 06 29 62 52,5397,1,,88500.12,65542.15,1001123,ZQYC,5427,D类,379,21,2,重庆永川万达广场,6,0,1900-01-01 00:00:00.0
186,179,CD1124,湖南常德,49,,2016-09-16 00:00:00.0,,,,65102.00,30109.00,0.00,34993.00,0,常德,1499,,中南,,,,88681.41,,2015-10-30 22:00:03.33,2018-06-05 00:00:00.563,1900-01-01 00:00:00.0,00 00 00 00 06 29 62 53,5395,1,,88681.41,64218.23,1001124,CD,5474,B类,191,21,2,常德万达广场,6,0,1900-01-01 00:00:00.0
187,180,CD1142,成都青羊,14,,2016-12-10 00:00:00.0,,,,67438.00,39055.00,0.00,28383.00,0,成都,1498,,西南,,,,91051.01,,2015-11-02 18:00:03.353,2018-06-05 00:00:00.563,1900-01-01 00:00:00.0,00 00 00 00 06 29 61 31,5397,1,,92117.59,67437.67,1001142,CDQY,5446,B类,312,18,2,成都青羊万达广场,1,0,1900-01-01 00:00:00.0
188,181,BJ1145,北京丰台科技园,10,,2016-12-22 00:00:00.0,,,,74081.00,35298.00,0.00,38783.00,0,北京,1497,,华北,,,,109672.21,,2015-11-02 18:00:03.353,2018-06-05 00:00:00.567,1900-01-01 00:00:00.0,00 00 00 00 06 29 62 54,5503,1,,109746.15,74046.78,1001145,BJFT,5436,C类,38,18,2,北京丰台万达广场,1,0,1900-01-01 00:00:00.0
189,182,DY1125,四川德阳,14,,2016-09-17 00:00:00.0,,,,65773.00,32144.00,0.00,33629.00,0,德阳,1501,,西南,,,,88776.47,,2015-11-04 22:00:04.267,2018-06-05 00:00:00.567,1900-01-01 00:00:00.0,00 00 00 00 06 29 61 33,5397,1,,88776.47,65274.42,1001125,DY,5475,D类,314,21,2,德阳万达广场,6,0,1900-01-01 00:00:00.0
190,183,LS1126,四川乐山,14,,2016-09-23 00:00:00.0,,,,64461.00,31095.00,0.00,33366.00,0,乐山,1501,,西南,,,,88335.25,,2015-11-04 22:00:04.267,2018-06-05 00:00:00.567,1900-01-01 00:00:00.0,00 00 00 00 06 29 61 34,5397,1,,88335.25,64461.35,1001126,LS,5476,C类,318,21,2,乐山万达广场,6,0,1900-01-01 00:00:00.0
191,184,MZ1127,广东梅州,42,,2016-09-23 00:00:00.0,,,,64976.00,29335.00,0.00,35641.00,0,梅州,1499,,华南,,,,88597.02,,2015-11-04 22:00:04.267,2018-06-05 00:00:00.567,1900-01-01 00:00:00.0,00 00 00 00 06 29 62 55,5396,1,,88597.02,64497.42,1001127,MZ,5477,D类,89,21,2,梅州万达广场,6,0,1900-01-01 00:00:00.0
192,185,SM1129,河南三门峡,35,,2016-10-21 00:00:00.0,,,,64807.00,30270.00,0.00,34537.00,0,三门峡,1501,,华中,,,,87882.07,,2015-11-04 22:00:04.267,2018-06-05 00:00:00.567,1900-01-01 00:00:00.0,00 00 00 00 06 29 62 56,5618,1,,102600.00,64806.86,1001129,SMX,5439,C类,147,20,2,三门峡万达广场,6,0,1900-01-01 00:00:00.0
193,186,YC1130,江西宜春,36,,2016-10-21 00:00:00.0,,,,64919.00,28743.00,0.00,36176.00,0,宜春,1501,,中南,,,,88729.02,,2015-11-04 22:00:04.267,2018-06-05 00:00:00.57,1900-01-01 00:00:00.0,00 00 00 00 06 29 62 57,5395,1,,88729.02,64919.18,1001130,YC,5456,D类,230,20,2,宜春万达广场,6,0,1900-01-01 00:00:00.0
194,187,FS1133,佛山三水,28,,2016-11-18 00:00:00.0,,,,64220.00,29305.00,0.00,34915.00,0,佛山,1498,,华南,,,,88715.32,,2015-11-04 22:00:04.267,2018-06-05 00:00:00.57,1900-01-01 00:00:00.0,00 00 00 00 06 29 62 58,5396,1,,88715.32,64219.10,1001133,FSSS,5430,D类,82,19,2,佛山三水万达广场,6,0,1900-01-01 00:00:00.0
195,188,ZZ1134,郑州惠济,35,,2016-11-18 00:00:00.0,,,,89704.00,38342.00,0.00,51362.00,0,郑州,1498,,华中,,,,133361.16,,2015-11-04 22:00:04.267,2018-06-05 00:00:00.57,1900-01-01 00:00:00.0,00 00 00 00 06 29 62 59,5618,1,,133361.16,89703.44,1001134,ZZHJ,5442,C类,152,19,2,郑州惠济万达广场,6,0,1900-01-01 00:00:00.0
196,189,LY1135,江苏连云港,5,,2016-11-18 00:00:00.0,,,,77529.00,35636.00,0.00,41893.00,0,连云港,1501,,华东,,,,108624.96,,2015-11-04 22:00:04.267,2018-06-05 00:00:00.57,1900-01-01 00:00:00.0,00 00 00 00 06 29 62 5a,5490,1,,108624.96,77529.11,1001135,LYG,5450,D类,210,19,2,连云港万达广场,6,0,1900-01-01 00:00:00.0
197,190,YK1136,营口鲅鱼圈,6,,2016-11-19 00:00:00.0,,,,66846.00,33892.00,0.00,32954.00,0,营口,1501,,东北,,,,87956.41,,2015-11-04 22:00:04.267,2018-06-05 00:00:00.57,1900-01-01 00:00:00.0,00 00 00 00 06 29 62 5b,5502,1,,87956.41,65284.83,1001136,YK*YQ,5457,D类,245,19,2,营口鲅鱼圈万达广场,6,0,1900-01-01 00:00:00.0
198,191,SX1138,绍兴上虞,33,,2016-11-25 00:00:00.0,,,,62626.00,27275.00,0.00,35351.00,0,绍兴,1499,,东南,,,,87912.22,,2015-11-04 22:00:04.267,2018-06-05 00:00:00.573,1900-01-01 00:00:00.0,00 00 00 00 06 29 62 5c,5563,1,,87912.22,62550.13,1001138,SXSY,5453,D类,375,19,2,绍兴上虞万达广场,6,0,1900-01-01 00:00:00.0
199,192,LY1139,辽宁辽阳,6,,2017-07-28 00:00:00.0,,,,70187.00,28967.00,0.00,41220.00,0,辽阳,1501,,东北,,,,97902.13,,2015-11-04 22:00:04.267,2018-06-05 00:00:00.573,1900-01-01 00:00:00.0,00 00 00 00 06 29 62 5d,5502,1,,97902.13,69826.11,1001139,LY,5449,D类,241,11,1,辽阳万达广场,6,0,1900-01-01 00:00:00.0
200,193,CD1144,成都双流,14,,2016-12-17 00:00:00.0,,,,86044.00,42088.00,0.00,43956.00,0,成都,1498,,西南,,,,116183.72,,2015-11-04 22:00:04.267,2018-06-05 00:00:00.573,1900-01-01 00:00:00.0,00 00 00 00 06 29 61 3e,5397,1,,116183.72,86575.53,1001144,CDSL,5460,D类,312,18,2,成都双流万达广场,6,0,1900-01-01 00:00:00.0
201,194,BJ1146,北京槐房,10,,2016-12-22 00:00:00.0,,,,79609.00,32615.00,0.00,46994.00,0,北京,1497,,华北,,,,118714.17,,2015-11-04 22:00:04.267,2018-06-05 00:00:00.577,1900-01-01 00:00:00.0,00 00 00 00 06 29 62 5e,5503,1,,118714.17,79609.22,1001146,BJHF,5437,C类,38,18,2,北京槐房万达广场,4,0,1900-01-01 00:00:00.0
202,195,YT1147,烟台开发区,4,,2016-12-23 00:00:00.0,,,,65114.00,30172.00,0.00,34942.00,0,烟台,1499,,华北,,,,88165.58,,2015-11-04 22:00:04.267,2018-06-05 00:00:00.577,1900-01-01 00:00:00.0,00 00 00 00 06 29 62 5f,5503,1,,88165.58,65122.52,1001147,YTKFQ,5454,D类,286,18,2,烟台开发区万达广场,6,0,1900-01-01 00:00:00.0
203,196,HK1148,海口秀英,28,,2016-12-23 00:00:00.0,,,,71407.00,31217.00,0.00,40190.00,0,海口,1499,,华南,,,,98594.52,,2015-11-04 22:00:04.267,2018-06-05 00:00:00.577,1900-01-01 00:00:00.0,00 00 00 00 06 29 62 60,5396,1,,98594.52,71407.38,1001148,HKXY,5470,C类,124,18,2,海口秀英万达广场,6,0,1900-01-01 00:00:00.0
204,197,HZ1149,浙江湖州,33,,2016-12-29 00:00:00.0,,,,69195.00,30418.00,0.00,38777.00,0,湖州,1501,,东南,,,,98099.53,,2015-11-04 22:00:04.267,2018-06-05 00:00:00.577,1900-01-01 00:00:00.0,00 00 00 00 06 29 62 61,5563,1,,98099.53,68822.33,1001149,HZ,5461,D类,369,18,2,湖州万达广场,6,0,1900-01-01 00:00:00.0
205,198,FY1150,阜阳颍泉,29,,2017-06-16 00:00:00.0,,,,64055.00,31744.00,0.00,32311.00,,阜阳,1499,,中南,,,,86584.20,,2015-11-04 22:00:04.267,2018-06-05 00:00:00.58,1900-01-01 00:00:00.0,00 00 00 00 06 29 62 62,5395,0,,88409.64,64055.41,1001150,FY*Q,5440,D类,46,12,2,阜阳颍泉万达广场,6,0,1900-01-01 00:00:00.0
206,199,FZ1151,江西抚州,36,,2017-06-16 00:00:00.0,,,,70025.00,32128.00,0.00,37897.00,,抚州,1501,,中南,,,,98008.87,,2015-11-04 22:00:04.267,2018-06-05 00:00:00.58,1900-01-01 00:00:00.0,00 00 00 00 06 29 62 63,5395,0,,98008.87,70025.37,1001151,FZ,5462,C类,221,12,2,抚州万达广场,6,0,1900-01-01 00:00:00.0
207,200,BZ1152,山东滨州,3,,2016-12-30 00:00:00.0,,,,63346.00,26375.00,0.00,36971.00,0,滨州,1501,,华北,,,,88600.65,,2015-11-04 22:00:04.267,2018-06-05 00:00:00.58,1900-01-01 00:00:00.0,00 00 00 00 06 29 62 64,5503,1,,88600.65,63346.01,1001152,BZ,5463,D类,272,18,2,滨州万达广场,6,0,1900-01-01 00:00:00.0
208,201,FJ1153,福建三明,15,,2016-12-30 00:00:00.0,,,,64521.00,30887.00,0.00,33634.00,0,三明,1501,,东南,,,,88316.08,,2015-11-04 22:00:04.267,2018-06-05 00:00:00.58,1900-01-01 00:00:00.0,00 00 00 00 06 29 62 65,5563,1,,88316.08,64521.39,1001153,FJSM,5438,D类,63,18,2,福建三明万达广场,6,0,1900-01-01 00:00:00.0
209,202,LA1154,安徽六安,29,,2016-12-31 00:00:00.0,,,,66166.00,28836.00,0.00,37330.00,0,六安,1501,,中南,,,,96051.81,,2015-11-04 22:00:04.267,2018-06-05 00:00:00.58,1900-01-01 00:00:00.0,00 00 00 00 06 29 62 66,5395,1,,98958.96,66166.57,1001154,LA,5455,C类,51,18,2,六安万达广场,6,0,1900-01-01 00:00:00.0
210,203,YY1155,湖南益阳,49,,2017-06-23 00:00:00.0,,,,64578.00,31682.00,0.00,32896.00,,益阳,1501,,中南,,,,88359.17,,2015-11-04 22:00:04.267,2018-06-05 00:00:00.58,1900-01-01 00:00:00.0,00 00 00 00 06 29 62 67,5395,0,,88359.17,64586.95,1001155,YY,5464,C类,193,12,2,益阳万达广场,6,0,1900-01-01 00:00:00.0
211,204,LZ1156,柳州柳南,48,,2016-12-31 00:00:00.0,,,,62764.00,27480.00,0.00,35284.00,0,柳州,1499,,华南,,,,88891.05,,2015-11-04 22:00:04.267,2018-06-05 00:00:00.583,1900-01-01 00:00:00.0,00 00 00 00 06 29 62 68,5396,1,,88891.05,62764.17,1001156,LZLN,5465,D类,110,18,2,柳州柳南万达广场,6,0,1900-01-01 00:00:00.0
212,205,NC1164,南昌万达茂,36,,2016-05-28 00:00:00.0,,,,83813.00,40047.00,0.00,43766.00,0,南昌,1498,,中南,,,,125279.62,,2015-11-04 22:00:04.267,2018-06-05 00:00:00.583,1900-01-01 00:00:00.0,00 00 00 00 06 29 62 69,5395,1,,125279.62,82025.07,1001164,NCWDCGC,5482,D类,226,25,2,南昌万达茂,8,0,1900-01-01 00:00:00.0
213,206,HF1184,合肥万达茂,29,,2016-09-24 00:00:00.0,,,,86187.00,43285.00,0.00,42902.00,0,合肥,1498,,中南,,,,125051.35,,2015-11-04 22:00:04.267,2018-06-05 00:00:00.583,1900-01-01 00:00:00.0,00 00 00 00 06 29 62 6a,5395,1,,125051.35,86187.29,1001184,HFWDC,5484,D类,47,21,2,合肥万达茂,8,0,1900-01-01 00:00:00.0
214,207,CY1140,辽宁朝阳,6,,2016-11-26 00:00:00.0,,,,63310.00,27938.00,0.00,35372.00,0,朝阳,1501,,东北,,,,88156.71,,2015-11-06 14:00:03.533,2018-06-05 00:00:00.583,1900-01-01 00:00:00.0,00 00 00 00 06 29 62 6b,5502,1,,88156.71,60568.25,1001140,CY,5485,D类,234,19,2,朝阳万达广场,1,0,1900-01-01 00:00:00.0
215,208,DLWDZX,大连万达中心,39,,2012-02-25 00:00:00.0,,,,,,0.00,,,大连,1498,,东北,,,,59698.48,,2015-11-10 22:00:03.62,2018-06-05 00:00:00.587,2018-01-04 19:41:12.067,00 00 00 00 06 29 62 6c,5502,0,,59698.48,59698.48,1001204,DLWDZX,5486,,235,19,2,大连万达中心,9,0,1900-01-01 00:00:00.0
216,209,QY1284,广东清远,28,,2016-12-29 00:00:00.0,,,,70796.00,27472.00,0.00,43324.00,0,清远,1501,,华南,,,,98384.40,,2016-01-23 18:00:05.447,2018-06-05 00:00:00.587,1900-01-01 00:00:00.0,00 00 00 00 06 29 62 6d,5396,1,,98384.40,70795.95,1001284,,5489,C类,90,18,2,清远万达广场,1,0,1900-01-01 00:00:00.0
217,210,DL1285,大连普兰店,39,,2017-07-29 00:00:00.0,,,,55872.00,24631.00,0.00,31241.00,,大连,1498,,东北,,,,80733.20,,2016-01-23 18:00:05.447,2018-06-05 00:00:00.587,1900-01-01 00:00:00.0,00 00 00 00 06 29 62 6e,5502,0,,80733.20,55900.31,1001285,,5487,D类,235,11,1,大连普兰店万达广场,1,0,1900-01-01 00:00:00.0
218,211,DL1286,大连庄河,39,,2017-08-18 00:00:00.0,,,,55557.00,24164.00,0.00,31393.00,,大连,1498,,东北,,,,79859.13,,2016-01-23 18:00:05.447,2018-06-05 00:00:00.587,1900-01-01 00:00:00.0,00 00 00 00 06 29 62 6f,5502,0,,79859.13,55557.74,1001286,,5488,D类,235,10,1,大连庄河万达广场,1,0,1900-01-01 00:00:00.0
219,212,XY1384,咸阳丽彩,12,,2017-01-20 00:00:00.0,,,,44768.00,23253.00,0.00,21515.00,0,咸阳,1499,,西北,,,,87545.92,,2016-09-13 22:00:03.277,2018-06-05 00:00:00.59,1900-01-01 00:00:00.0,00 00 00 00 06 29 62 70,5565,1,,87545.92,42386.90,1001384,,5520,C类,307,17,2,咸阳丽彩万达广场,4,0,1900-01-01 00:00:00.0
220,213,BH1364,广西北海,48,,2017-05-27 00:00:00.0,,,,67944.00,30469.00,0.00,37475.00,,北海,1501,,华南,,,,98344.88,,2016-10-18 22:00:02.7,2018-06-05 00:00:00.59,1900-01-01 00:00:00.0,00 00 00 00 06 29 62 71,5396,0,,98344.88,67944.56,1001364,,5494,C类,102,13,2,北海万达广场,6,0,1900-01-01 00:00:00.0
221,214,WL1424,乌鲁木齐德汇,46,,2018-01-28 00:00:00.0,,,,65400.00,36805.00,0.00,28595.00,,乌鲁木齐,1498,,西北,,,,122888.73,,2016-10-20 04:00:10.473,2018-06-05 00:00:00.59,1900-01-01 00:00:00.0,00 00 00 00 06 29 62 72,5565,0,,122888.73,63578.43,1001424,,5523,,350,5,1,乌鲁木齐德汇万达广场,4,0,1900-01-01 00:00:00.0
222,215,JS1425,广州金沙洲,28,,2017-06-30 00:00:00.0,,,,74935.00,50504.00,0.00,24431.00,,广州,1497,,华南,,,,103909.06,,2016-10-20 04:00:10.473,2018-06-05 00:00:00.59,1900-01-01 00:00:00.0,00 00 00 00 06 29 62 73,5396,0,,104070.06,74935.00,1001425,,5518,C类,83,12,2,金沙洲万达广场,1,0,1900-01-01 00:00:00.0
223,216,NN1404,南宁万达茂,48,,2017-06-17 00:00:00.0,,,,64741.00,33998.00,0.00,30743.00,,南宁,1498,,华南,,,,95360.57,,2016-10-20 22:00:03.543,2018-06-05 00:00:00.59,1900-01-01 00:00:00.0,00 00 00 00 06 29 62 74,5396,0,,95485.49,64741.16,1001404,,5497,D类,111,12,2,南宁万达茂,1,0,1900-01-01 00:00:00.0
224,217,NN1405,南宁江南,48,,2017-06-23 00:00:00.0,,,,73265.00,40298.00,0.00,32967.00,,南宁,1498,,华南,,,,101833.61,,2016-10-20 22:00:03.543,2018-06-05 00:00:00.59,1900-01-01 00:00:00.0,00 00 00 00 06 29 62 75,5396,0,,102647.83,72241.06,1001405,,5495,C类,111,12,2,南宁江南万达广场,1,0,1900-01-01 00:00:00.0
225,218,JZ1444,山西晋中,51,,2017-08-18 00:00:00.0,,,,68105.00,29929.00,0.00,38176.00,,晋中,1501,,华中,,,,97916.82,,2016-10-20 22:00:03.543,2018-06-05 00:00:00.59,1900-01-01 00:00:00.0,00 00 00 00 06 29 62 76,5618,0,,97916.82,68105.30,1001444,,5500,D类,292,10,1,晋中万达广场,1,0,1900-01-01 00:00:00.0
226,219,ZZ1484,山东枣庄,3,,2017-06-29 00:00:00.0,,,,62827.00,29647.00,0.00,33180.00,,枣庄,1501,,华北,,,,88142.81,,2016-10-20 22:00:03.543,2018-06-05 00:00:00.593,1900-01-01 00:00:00.0,00 00 00 00 06 29 62 77,5503,0,,88142.81,62827.11,1001484,,5491,C类,287,12,2,枣庄万达广场,6,0,1900-01-01 00:00:00.0
227,220,YC1485,江苏盐城,5,,2017-06-29 00:00:00.0,,,,68533.00,30161.00,0.00,38372.00,,盐城,1501,,华东,,,,103148.12,,2016-10-20 22:00:03.543,2018-06-05 00:00:00.593,1900-01-01 00:00:00.0,00 00 00 00 06 29 62 78,5490,0,,103148.12,68532.53,1001485,,5501,D类,218,12,2,盐城万达广场,6,0,1900-01-01 00:00:00.0
228,221,JJ1504,江西九江,36,,2017-07-08 00:00:00.0,,,,64139.00,30091.00,0.00,34048.00,,九江,1499,,中南,,,,88497.41,,2016-10-20 22:00:03.543,2018-06-05 00:00:00.593,1900-01-01 00:00:00.0,00 00 00 00 06 29 62 79,5395,0,,88497.41,64138.98,1001504,,5498,C类,225,11,1,九江万达广场,6,0,1900-01-01 00:00:00.0
229,222,YA1505,四川雅安,14,,2017-07-21 00:00:00.0,,,,60501.00,26433.00,0.00,34068.00,,雅安,1501,,西南,,,,88020.63,,2016-10-20 22:00:03.543,2018-06-05 00:00:00.593,1900-01-01 00:00:00.0,00 00 00 00 06 29 61 5b,5397,0,,88020.63,60500.91,1001505,,5517,D类,326,11,1,雅安万达广场,6,0,1900-01-01 00:00:00.0
230,223,JZ1507,辽宁锦州,6,,2017-09-01 00:00:00.0,,,,67720.00,28717.00,0.00,39003.00,,锦州,1499,,东北,,,,99028.85,,2016-10-20 22:00:03.543,2018-06-05 00:00:00.593,1900-01-01 00:00:00.0,00 00 00 00 06 29 62 7a,5502,0,,99028.85,67275.14,1001507,,5521,C类,240,9,1,锦州万达广场,6,0,1900-01-01 00:00:00.0
231,224,PD1524,河南平顶山,35,,2017-11-24 00:00:00.0,,,,70078.00,28003.00,0.00,42075.00,,平顶山,1501,,华中,,,,99160.30,,2016-10-20 22:00:03.543,2018-06-05 00:00:00.593,1900-01-01 00:00:00.0,00 00 00 00 06 29 62 7b,5618,0,,99160.30,68444.03,1001524,,5519,C类,145,7,1,平顶山万达广场,6,0,1900-01-01 00:00:00.0
232,225,HS1525,呼市回民区,45,,2017-08-25 00:00:00.0,,,,62133.00,31755.00,0.00,30378.00,,呼和浩特,1498,,西北,,,,88628.31,,2016-10-20 22:00:03.543,2018-06-05 00:00:00.597,1900-01-01 00:00:00.0,00 00 00 00 06 29 62 7c,5565,0,,88628.31,60570.47,1001525,,5499,D类,251,10,1,呼市回民区万达广场,1,0,1900-01-01 00:00:00.0
233,226,ZQ1544,重庆北碚,37,,2017-08-25 00:00:00.0,,,,71039.00,35384.00,0.00,35655.00,,重庆,1498,,西南,,,,98590.00,,2016-10-20 22:00:03.543,2018-06-05 00:00:00.597,1900-01-01 00:00:00.0,00 00 00 00 06 29 62 7d,5397,0,,98590.00,71039.31,1001544,,5524,D类,379,10,1,重庆北碚万达广场,1,0,1900-01-01 00:00:00.0
234,227,DL1564,大连甘井子,39,,2017-09-29 00:00:00.0,,,,59242.00,23614.00,0.00,35628.00,,大连,1498,,东北,,,,92542.63,,2016-10-21 22:00:02.953,2018-06-05 00:00:00.597,1900-01-01 00:00:00.0,00 00 00 00 06 29 62 7e,5502,0,,93644.74,58428.35,1001564,,5525,C类,235,9,1,大连甘井子万达广场,4,0,1900-01-01 00:00:00.0
235,228,JZ1584,河南焦作,35,,2017-06-30 00:00:00.0,,,,68953.00,27327.00,0.00,41626.00,,焦作,1501,,华中,,,,104751.71,,2016-10-23 18:00:03.47,2018-06-05 00:00:00.597,1900-01-01 00:00:00.0,00 00 00 00 06 29 62 7f,5618,0,,105633.48,68952.66,1001584,,5527,C类,140,12,2,焦作万达广场,6,0,1900-01-01 00:00:00.0
236,229,QD1506,青岛港湾,4,,2017-09-29 00:00:00.0,,,,37120.00,20516.00,0.00,16604.00,,青岛,1498,,华北,,,,50672.29,,2016-10-31 10:00:03.697,2018-06-05 00:00:00.597,2018-01-16 10:51:12.59,00 00 00 00 06 29 62 80,5503,0,,50672.29,37119.66,1001506,,5496,C类,281,12,2,青岛港区万达广场,9,0,1900-01-01 00:00:00.0
237,230,KS1604,江苏昆山,23,,2017-07-08 00:00:00.0,,,,57450.00,29326.00,0.00,28124.00,,昆山,1499,,华东,,,,82744.98,,2016-10-31 10:00:03.697,2018-06-05 00:00:00.6,1900-01-01 00:00:00.0,00 00 00 00 06 29 62 81,5490,0,,84003.18,57449.96,1001604,,5529,C类,390,11,1,昆山万达广场,1,0,1900-01-01 00:00:00.0
238,231,CS1605,江苏常熟,23,,2017-07-22 00:00:00.0,,,,70034.00,32509.00,0.00,37525.00,,常熟,1499,,华东,,,,97384.67,,2016-10-31 10:00:03.697,2018-06-05 00:00:00.6,1900-01-01 00:00:00.0,00 00 00 00 06 29 62 82,5490,0,,98267.26,70033.85,1001605,,5541,C类,391,11,1,常熟万达广场,1,0,1900-01-01 00:00:00.0
239,232,CC1606,长春车城,2,,2017-09-08 00:00:00.0,,,,65751.00,32342.00,0.00,33409.00,,长春,1498,,东北,,,,88487.42,,2016-10-31 10:00:03.697,2018-06-05 00:00:00.6,1900-01-01 00:00:00.0,00 00 00 00 06 29 62 83,5502,0,,88487.42,64111.04,1001606,,5532,D类,201,9,1,长春车城万达广场,1,0,1900-01-01 00:00:00.0
240,233,Z1607,浙江诸暨,33,,2017-08-11 00:00:00.0,,,,60082.00,30025.00,0.00,30057.00,,诸暨,1501,,东南,,,,92169.29,,2016-10-31 10:00:03.697,2018-06-05 00:00:00.603,1900-01-01 00:00:00.0,00 00 00 00 06 29 62 84,5563,0,,92944.94,60081.30,1001607,,5542,D类,392,10,1,诸暨万达广场,1,0,1900-01-01 00:00:00.0
241,234,XH1464,南昌西湖,36,,2017-06-23 00:00:00.0,,,,73561.00,30915.00,0.00,42646.00,,南昌,1498,,中南,,,,108971.50,,2016-10-31 14:00:03.667,2018-06-05 00:00:00.603,1900-01-01 00:00:00.0,00 00 00 00 06 29 62 85,5395,0,,109525.50,73560.92,1001464,,5493,C类,226,12,2,西湖万达广场,6,0,1900-01-01 00:00:00.0
242,235,CD1624,成都崇州,14,,2017-09-01 00:00:00.0,,,,58480.00,25830.00,0.00,32650.00,,成都,1498,,西南,,,,86347.34,,2016-10-31 14:00:03.667,2018-06-05 00:00:00.603,1900-01-01 00:00:00.0,00 00 00 00 06 29 61 68,5397,0,,86347.34,57587.93,1001624,,5547,D类,312,9,1,成都崇州万达广场,6,0,1900-01-01 00:00:00.0
243,236,JL1625,吉林昌邑,2,,2017-09-15 00:00:00.0,,,,64216.00,31182.00,0.00,33034.00,,吉林市,1499,,东北,,,,88616.21,,2016-10-31 14:00:03.667,2018-06-05 00:00:00.603,1900-01-01 00:00:00.0,00 00 00 00 06 29 62 86,5502,0,,88616.21,63242.20,1001625,,5533,C类,202,9,1,吉林昌邑区万达广场,1,0,1900-01-01 00:00:00.0
244,237,XX1626,新乡牧野,35,,2017-12-23 00:00:00.0,,,,63064.00,28046.00,0.00,35018.00,,新乡,1501,,华中,,,,95376.24,,2016-10-31 14:00:03.667,2018-06-05 00:00:00.603,1900-01-01 00:00:00.0,00 00 00 00 06 29 62 87,5618,0,,95690.98,62330.48,1001626,,5534,C类,149,6,1,新乡牧野区万达广场,6,0,1900-01-01 00:00:00.0
245,238,HY1627,湖南衡阳,49,,2017-09-29 00:00:00.0,,,,67907.00,32340.00,0.00,35567.00,,衡阳,1499,,中南,,,,97968.21,,2016-10-31 14:00:03.667,2018-06-05 00:00:00.603,1900-01-01 00:00:00.0,00 00 00 00 06 29 62 88,5395,0,,97968.21,67906.71,1001627,,5558,C类,188,9,1,衡阳万达广场,1,0,1900-01-01 00:00:00.0
246,239,DT1628,山西大同,51,,2017-10-20 00:00:00.0,,,,67962.00,28650.00,0.00,39312.00,,大同,1501,,华中,,,,103853.83,,2016-10-31 14:00:03.667,2018-06-05 00:00:00.607,1900-01-01 00:00:00.0,00 00 00 00 06 29 62 89,5618,0,,104276.99,67407.25,1001628,,5535,C类,290,8,1,大同万达广场,6,0,1900-01-01 00:00:00.0
247,240,ZQ1629,重庆綦江,37,,2017-10-27 00:00:00.0,,,,62968.00,27763.00,0.00,35205.00,,重庆,1498,,西南,,,,88953.32,,2016-10-31 14:00:03.667,2018-06-05 00:00:00.607,1900-01-01 00:00:00.0,00 00 00 00 06 29 62 8a,5397,0,,88953.32,62993.04,1001629,,5555,D类,379,8,1,重庆綦江万达广场,1,0,1900-01-01 00:00:00.0
248,241,QJ1630,云南曲靖,41,,2017-10-27 00:00:00.0,,,,63924.00,24423.00,0.00,39501.00,,曲靖,1501,,西南,,,,98616.27,,2016-10-31 14:00:03.667,2018-06-05 00:00:00.607,1900-01-01 00:00:00.0,00 00 00 00 06 29 62 8b,5397,0,,98616.27,63924.18,1001630,,5531,C类,364,8,1,曲靖万达广场,1,0,1900-01-01 00:00:00.0
249,242,JQ1631,甘肃酒泉,44,,2017-11-10 00:00:00.0,,,,62313.00,26980.00,0.00,35333.00,,酒泉,1501,,西北,,,,88622.14,,2016-10-31 14:00:03.667,2018-06-05 00:00:00.607,1900-01-01 00:00:00.0,00 00 00 00 06 29 62 8c,5565,0,,88622.14,62313.46,1001631,,5552,D类,71,7,1,酒泉万达广场,1,0,1900-01-01 00:00:00.0
250,243,SZ1632,宁夏石嘴山,44,,2018-07-06 00:00:00.0,,,,57227.00,22803.00,0.00,34424.00,,石嘴山,1498,,西北,,,,90097.71,,2016-10-31 14:00:03.667,2018-01-04 19:42:05.043,2018-07-07 00:00:00.0,00 00 00 00 06 29 62 8d,5565,0,,90097.71,54695.41,1001632,,5553,,260,,,石嘴山万达广场,1,0,1900-01-01 00:00:00.0
251,244,TL1633,安徽铜陵,29,,2017-11-10 00:00:00.0,,,,63362.00,29498.00,0.00,33864.00,,铜陵,1501,,中南,,,,88833.62,,2016-10-31 14:00:03.667,2018-06-05 00:00:00.61,1900-01-01 00:00:00.0,00 00 00 00 06 29 62 8e,5395,0,,88833.62,63138.41,1001633,,5492,C类,54,7,1,铜陵万达广场,1,0,1900-01-01 00:00:00.0
252,245,TJ1634,天津塘沽,7,,2017-12-29 00:00:00.0,,,,72983.00,38721.00,0.00,34262.00,,天津,1498,,华北,,,,106529.40,,2016-10-31 14:00:03.667,2018-06-05 00:00:00.61,1900-01-01 00:00:00.0,00 00 00 00 06 29 62 8f,5503,0,,107073.64,71256.82,1001634,,5536,C类,330,6,1,天津塘沽万达广场,1,0,1900-01-01 00:00:00.0
253,246,XA1635,西安高新,12,,2017-11-18 00:00:00.0,,,,70988.00,34877.00,0.00,36111.00,,西安,1498,,西北,,,,110424.17,,2016-10-31 14:00:03.667,2018-06-05 00:00:00.61,1900-01-01 00:00:00.0,00 00 00 00 06 29 62 90,5565,0,,110424.17,69394.77,1001635,,5554,C类,306,7,1,西安高新万达广场,1,0,1900-01-01 00:00:00.0
254,247,HZ1636,惠州大亚湾,42,,2017-11-24 00:00:00.0,,,,68934.00,26588.00,0.00,42346.00,,惠州,1499,,华南,,,,106664.45,,2016-10-31 14:00:03.667,2018-06-05 00:00:00.61,1900-01-01 00:00:00.0,00 00 00 00 06 29 62 91,5396,0,,106664.45,68345.71,1001636,,5546,C类,85,7,1,惠州大亚湾万达广场,1,0,1900-01-01 00:00:00.0
255,248,GL1637,桂林叠彩,48,,2017-11-24 00:00:00.0,,,,68000.00,31041.00,0.00,36959.00,,桂林,1499,,华南,,,,101061.64,,2016-10-31 14:00:03.667,2018-06-05 00:00:00.61,1900-01-01 00:00:00.0,00 00 00 00 06 29 62 92,5396,0,,101505.03,67187.35,1001637,,5545,D类,106,7,1,桂林叠彩万达广场,6,0,1900-01-01 00:00:00.0
256,249,CD1638,成都金堂,14,,2017-12-08 00:00:00.0,,,,59150.00,27041.00,0.00,32109.00,,成都,1498,,西南,,,,88312.26,,2016-10-31 14:00:03.667,2018-06-05 00:00:00.613,1900-01-01 00:00:00.0,00 00 00 00 06 29 61 76,5397,0,,88312.26,58932.13,1001638,,5548,C类,312,6,1,成都金堂万达广场,6,0,1900-01-01 00:00:00.0
257,250,YZ1639,扬州邗江,5,,2017-12-08 00:00:00.0,,,,64057.00,28583.00,0.00,35474.00,,扬州,1499,,华东,,,,92635.83,,2016-10-31 14:00:03.667,2018-06-05 00:00:00.613,1900-01-01 00:00:00.0,00 00 00 00 06 29 62 93,5490,0,,93086.79,62778.67,1001639,,5538,C类,219,6,1,扬州邗江万达广场,1,0,1900-01-01 00:00:00.0
258,251,LP1640,贵州六盘水,41,,2017-12-08 00:00:00.0,,,,62762.00,23944.00,0.00,38818.00,,六盘水,1501,,西南,,,,93817.50,,2016-10-31 14:00:03.667,2018-06-05 00:00:00.613,1900-01-01 00:00:00.0,00 00 00 00 06 29 62 94,5397,0,,93817.50,62206.19,1001640,,5550,C类,118,6,1,六盘水万达广场,1,0,1900-01-01 00:00:00.0
259,252,XC1641,宣城宣州,29,,2018-06-29 00:00:00.0,,,,66406.00,31188.00,0.00,35218.00,,宣城,1499,,中南,,,,98288.12,,2016-10-31 14:00:03.667,2018-05-25 14:16:17.353,1900-01-01 00:00:00.0,00 00 00 00 06 29 62 95,5395,0,,98288.12,65553.16,1001641,,5556,,56,,,宣城万达广场,1,0,1900-01-01 00:00:00.0
260,253,NT1642,南通通州,23,,2017-12-15 00:00:00.0,,,,67012.00,28904.00,0.00,38108.00,,南通,1499,,华东,,,,101666.33,,2016-10-31 14:00:03.667,2018-06-05 00:00:00.613,1900-01-01 00:00:00.0,00 00 00 00 06 29 62 96,5490,0,,101666.33,66707.25,1001642,,5539,D类,212,6,1,南通通州万达广场,6,0,1900-01-01 00:00:00.0
261,254,Z1643,衢州柯城,13,,2017-12-15 00:00:00.0,,,,67147.00,28837.00,0.00,38310.00,,衢州,1501,,东南,,,,105613.01,,2016-10-31 14:00:03.667,2018-06-05 00:00:00.617,1900-01-01 00:00:00.0,00 00 00 00 06 29 62 97,5563,0,,105613.01,66838.05,1001643,,5543,C类,374,6,1,衢州万达广场,6,0,1900-01-01 00:00:00.0
262,255,BJ1644,北京丰台西铁营,10,,2017-12-22 00:00:00.0,,,,43983.00,23436.00,0.00,20547.00,,北京,1497,,华北,,,,66486.69,,2016-10-31 14:00:03.667,2018-06-05 00:00:00.617,1900-01-01 00:00:00.0,00 00 00 00 06 29 62 98,5503,0,,66486.69,43023.63,1001644,,5537,C类,38,6,1,北京丰台西铁营万达广场,4,0,1900-01-01 00:00:00.0
263,256,CD1645,成都武侯,14,,2017-12-22 00:00:00.0,,,,68893.00,39834.00,0.00,29059.00,,成都,1498,,西南,,,,105232.58,,2016-10-31 14:00:03.667,2018-06-05 00:00:00.617,1900-01-01 00:00:00.0,00 00 00 00 06 29 61 7d,5397,0,,105232.58,68054.73,1001645,,5549,C类,312,6,1,成都武侯万达广场,4,0,1900-01-01 00:00:00.0
264,257,SH1646,上海闵行颛桥,11,,2017-12-22 00:00:00.0,,,,75128.00,36138.00,0.00,38990.00,,上海,1497,,华东,,,,108006.75,,2016-10-31 14:00:03.667,2018-06-05 00:00:00.617,1900-01-01 00:00:00.0,00 00 00 00 06 29 62 99,5490,0,,108635.99,72893.06,1001646,,5544,C类,39,6,1,上海闵行颛桥万达广场,1,0,1900-01-01 00:00:00.0
265,258,GY1647,贵阳观山湖,41,,2018-05-25 00:00:00.0,,,,75037.00,30702.00,0.00,44335.00,,贵阳,1501,,西南,,,,119692.78,,2016-10-31 14:00:03.667,2018-06-05 00:00:00.617,1900-01-01 00:00:00.0,00 00 00 00 06 29 62 9a,5397,0,,120735.44,76278.17,1001647,,5551,,117,1,1,贵阳观山湖万达广场,6,0,1900-01-01 00:00:00.0
266,259,CZ1648,常州溧阳,23,,2018-06-01 00:00:00.0,,,,59805.00,21124.00,0.00,38681.00,,常州,1499,,华东,,,,91712.70,,2016-10-31 14:00:03.667,2018-06-05 00:00:00.62,1900-01-01 00:00:00.0,00 00 00 00 06 29 62 9b,5490,0,,91915.01,59308.23,1001648,,5540,,208,0,1,常州溧阳万达广场,1,0,1900-01-01 00:00:00.0
267,260,HG1649,湖北黄冈,8,,2018-06-22 00:00:00.0,,,,58879.00,22930.00,0.00,35949.00,,黄冈,1501,,华中,,,,92031.58,,2016-10-31 14:00:03.667,2018-05-25 14:15:18.557,1900-01-01 00:00:00.0,00 00 00 00 06 29 62 9c,5618,0,,92470.45,57808.13,1001649,,5557,,170,,,黄冈万达广场,1,0,1900-01-01 00:00:00.0
268,261,DZ1650,丹寨万达小镇,41,,2017-07-01 00:00:00.0,,,,37962.00,2674.00,0.00,35288.00,,丹寨,1501,,西南,,,,38997.82,,2016-10-31 14:00:03.667,2018-06-05 00:00:00.62,1900-01-01 00:00:00.0,00 00 00 00 06 29 62 9d,5397,0,,38997.82,37962.16,1001650,,5528,,389,11,1,丹寨万达小镇,10,0,1900-01-01 00:00:00.0
269,262,HE1651,哈尔滨万达茂,9,,2017-06-30 00:00:00.0,,,,83992.00,48801.00,0.00,35191.00,,哈尔滨,1498,,东北,,,,131638.85,,2016-10-31 14:00:03.667,2018-06-05 00:00:00.62,1900-01-01 00:00:00.0,00 00 00 00 06 29 62 9e,5502,0,,131638.85,83991.24,1001651,,5526,C类,157,12,2,哈尔滨万达文化旅游城,8,0,1900-01-01 00:00:00.0
270,263,HF1664,合肥万达城酒吧街,29,,2016-09-24 00:00:00.0,,,,,,0.00,,,合肥,1498,,中南,,,,0.00,,2017-02-10 22:00:06.377,2018-06-05 00:00:00.62,2018-01-04 19:41:40.553,00 00 00 00 06 29 62 9f,5395,0,,15497.67,0.00,1001664,,5561,,47,12,2,合肥万达城酒吧街,8,0,1900-01-01 00:00:00.0
271,264,XS1684,西双版纳酒吧街,41,,2015-12-18 00:00:00.0,,,,,,0.00,,,西双版纳,1501,,西南,,,,0.00,,2017-02-10 22:00:06.377,2018-06-05 00:00:00.62,2018-01-04 19:41:33.47,00 00 00 00 06 29 62 a0,5397,0,,15779.39,0.00,1001684,,5559,,352,12,2,西双版纳酒吧街,8,0,1900-01-01 00:00:00.0
272,265,NC1704,南昌万达城酒吧街,36,,2017-09-08 00:00:00.0,,,,0.00,0.00,0.00,0.00,,南昌,1498,,中南,,,,0.00,,2017-02-10 22:00:06.377,2018-06-05 00:00:00.62,2018-01-04 19:41:54.56,00 00 00 00 06 29 62 a1,5395,0,,18659.07,0.00,1001704,,5560,,226,12,2,南昌万达城酒吧街,8,0,1900-01-01 00:00:00.0
273,266,BJ1724,北京怀柔,10,,2018-01-01 00:00:00.0,,,,38154.00,19065.00,0.00,19089.00,,北京,1497,,华北,,,,57739.58,,2017-05-10 01:00:03.697,2018-06-05 00:00:00.62,1900-01-01 00:00:00.0,00 00 00 00 06 29 62 a2,5503,0,,57739.58,37598.61,1001724,,5566,,38,5,1,北京怀柔万达广场,4,0,1900-01-01 00:00:00.0
274,267,QD1744,青岛万达茂,4,,2018-04-28 00:00:00.0,,,,75704.00,43966.00,0.00,31738.00,,青岛,1498,,华北,,,,114016.28,,2017-05-25 00:00:04.537,2018-06-05 00:00:00.623,1900-01-01 00:00:00.0,00 00 00 00 06 29 62 a3,5503,0,,114016.28,73469.95,1001744,,5568,,281,2,1,青岛东方影都万达茂,8,0,1900-01-01 00:00:00.0
275,268,JJ1784,晋江古厝,32,,2018-04-02 00:00:00.0,,,,,,0.00,,,晋江,1501,,东南,,,,0.00,,2017-07-26 22:00:30.613,2018-06-05 00:00:00.623,2018-04-03 00:00:00.0,00 00 00 00 06 29 62 a4,5563,0,,3051.91,0.00,1001784,,5578,,384,2,1,晋江古厝,1,0,1900-01-01 00:00:00.0
276,269,YA1785,陕西延安,12,,2018-02-09 00:00:00.0,,,,37983.00,16466.00,0.00,21517.00,,延安,1499,,西北,,,,56323.26,,2017-07-26 22:00:30.613,2018-06-05 00:00:00.623,1900-01-01 00:00:00.0,00 00 00 00 06 29 62 a5,5565,0,,57171.25,36425.48,1001785,,5577,,308,4,1,延安万达广场,4,0,1900-01-01 00:00:00.0
277,270,HB1804,鹤壁淇滨,35,,2018-06-22 00:00:00.0,,,,62096.00,25972.00,0.00,36124.00,,鹤壁,1498,,华中,,,,94073.56,,2017-08-02 18:00:05.01,2018-05-25 14:15:39.07,1900-01-01 00:00:00.0,00 00 00 00 06 29 62 a6,5618,0,,94073.56,60806.29,1001804,,5571,,138,,,鹤壁淇滨万达广场,1,0,1900-01-01 00:00:00.0
278,271,NB1805,宁波奉化,13,,2018-05-26 00:00:00.0,,,,57102.00,26772.00,0.00,30330.00,,宁波,1498,,东南,,,,87937.45,,2017-08-02 18:00:05.01,2018-06-05 00:00:00.623,1900-01-01 00:00:00.0,00 00 00 00 06 29 62 a7,5563,0,,88426.45,58142.96,1001805,,5579,,373,1,1,宁波奉化万达广场,4,0,1900-01-01 00:00:00.0
279,272,DY1806,东营东城,3,,2018-07-12 00:00:00.0,,,,58488.00,24568.00,0.00,33920.00,,东营,1501,,华北,,,,85741.26,,2017-08-02 18:00:05.01,2018-01-04 19:42:05.34,2018-07-13 00:00:00.0,00 00 00 00 06 29 62 a8,5503,0,,85741.26,58264.67,1001806,,5586,,274,,,东营东城万达广场,1,0,1900-01-01 00:00:00.0
280,273,JX1807,嘉兴龙鼎,33,,2018-05-25 00:00:00.0,,,,64019.00,29460.00,0.00,34559.00,,嘉兴,1499,,东南,,,,112252.40,,2017-08-02 18:00:05.01,2018-06-05 00:00:00.627,1900-01-01 00:00:00.0,00 00 00 00 06 29 62 a9,5563,0,,112252.40,64670.45,1001807,,5603,,370,1,1,嘉兴龙鼎万达广场,4,0,1900-01-01 00:00:00.0
281,274,LZ1808,四川泸州,14,,2018-06-01 00:00:00.0,,,,67762.00,29732.00,0.00,38030.00,,泸州,1501,,西南,,,,99980.30,,2017-08-02 18:00:05.01,2018-06-05 00:00:00.627,1900-01-01 00:00:00.0,00 00 00 00 06 29 61 8f,5397,0,,99980.30,66201.43,1001808,,5609,,319,0,1,泸州万达广场,1,0,1900-01-01 00:00:00.0
282,275,NJ1809,南京仙林万达茂,5,,2018-06-01 00:00:00.0,,,,68786.00,33391.00,0.00,35395.00,,南京,1498,,华东,,,,109020.26,,2017-08-02 18:00:05.01,2018-06-05 00:00:00.627,1900-01-01 00:00:00.0,00 00 00 00 06 29 62 aa,5490,0,,109890.70,69679.82,1001809,,5592,,211,0,1,南京仙林万达茂,1,0,1900-01-01 00:00:00.0
283,276,BT1810,包头九原,45,,2018-08-17 00:00:00.0,,,,63473.00,28959.00,0.00,34514.00,,包头,1499,,西北,,,,88905.03,,2017-08-02 18:00:05.01,2018-01-04 19:42:06.107,2018-08-18 00:00:00.0,00 00 00 00 06 29 62 ab,5565,0,,88905.03,62547.36,1001810,,5598,,248,,,包头九原万达广场,1,0,1900-01-01 00:00:00.0
284,277,FX1811,辽宁阜新,6,,2018-08-10 00:00:00.0,,,,65115.00,24910.00,0.00,40205.00,,阜新,1501,,东北,,,,98429.46,,2017-08-02 18:00:05.01,2018-01-04 19:42:05.84,2018-08-11 00:00:00.0,00 00 00 00 06 29 62 ac,5502,0,,98429.46,65358.09,1001811,,5583,,238,,,阜新万达广场,1,0,1900-01-01 00:00:00.0
285,278,HB1812,安徽淮北,29,,2018-09-28 00:00:00.0,,,,59350.00,22203.00,0.00,37147.00,,淮北,1501,,中南,,,,91842.80,,2017-08-02 18:00:05.01,2018-01-04 19:42:07.96,2018-09-29 00:00:00.0,00 00 00 00 06 29 62 ad,5395,0,,91842.80,59100.99,1001812,,5600,,48,,,淮北万达广场,1,0,1900-01-01 00:00:00.0
286,279,SQ1813,商丘睢阳,35,,2018-07-06 00:00:00.0,,,,59919.00,21227.00,0.00,38692.00,,商丘,1498,,华中,,,,92337.52,,2017-08-02 18:00:05.01,2018-01-04 19:42:04.78,2018-07-07 00:00:00.0,00 00 00 00 06 29 62 ae,5618,0,,92337.52,57703.61,1001813,,5572,,148,,,商丘睢阳万达广场,1,0,1900-01-01 00:00:00.0
287,280,WZ1814,宁夏吴忠,44,,2018-06-15 00:00:00.0,,,,59569.00,27843.00,0.00,31726.00,,吴忠,1501,,西北,,,,82452.85,,2017-08-02 18:00:05.01,2018-05-14 10:00:37.773,1900-01-01 00:00:00.0,00 00 00 00 06 29 62 af,5565,0,,83269.46,54796.79,1001814,,5575,,261,,,吴忠万达广场,4,0,1900-01-01 00:00:00.0
288,281,SH1815,黑龙江绥化,55,,2018-09-30 00:00:00.0,,,,57811.00,25733.00,0.00,32078.00,,绥化,1498,,东北,,,,,,2017-08-02 18:00:05.01,2018-01-04 19:42:08.21,2018-10-01 00:00:00.0,00 00 00 00 06 29 62 b0,5502,0,,,,1001815,,5604,,166,,,绥化万达广场,4,0,1900-01-01 00:00:00.0
289,282,JM1816,江门新会,28,,2018-08-24 00:00:00.0,,,,67340.00,26107.00,0.00,41233.00,,江门,1499,,华南,,,,101498.52,,2017-08-02 18:00:05.01,2018-01-04 19:42:06.357,2018-08-25 00:00:00.0,00 00 00 00 06 29 62 b1,5396,0,,101498.52,67189.85,1001816,,5605,,86,,,江门新会万达广场,1,0,1900-01-01 00:00:00.0
290,283,MS1817,四川眉山,14,,2018-07-27 00:00:00.0,,,,58809.00,25386.00,0.00,33423.00,,眉山,1501,,西南,,,,91435.58,,2017-08-02 18:00:05.01,2018-01-04 19:42:05.59,2018-07-28 00:00:00.0,00 00 00 00 06 29 61 98,5397,0,,92422.78,58618.20,1001817,,5610,,320,,,眉山万达广场,1,0,1900-01-01 00:00:00.0
291,284,WL1818,乌鲁木齐高新,46,,2018-09-21 00:00:00.0,,,,64493.00,29212.00,0.00,35281.00,,乌鲁木齐,1498,,西北,,,,,,2017-08-02 18:00:05.01,2018-01-04 19:42:07.18,2018-09-22 00:00:00.0,00 00 00 00 06 29 62 b2,5565,0,,,,1001818,,5580,,350,,,乌鲁木齐高新区万达广场,1,0,1900-01-01 00:00:00.0
292,285,CZ1819,山西长治,51,,2018-09-22 00:00:00.0,,,,56297.00,28795.00,0.00,27502.00,,长治,1498,,华中,,,,,,2017-08-02 18:00:05.01,2018-01-04 19:42:07.447,2018-09-23 00:00:00.0,00 00 00 00 06 29 62 b3,5618,0,,,,1001819,,5581,,289,,,长治万达广场,4,0,1900-01-01 00:00:00.0
293,286,EE1820,鄂尔多斯,45,,2019-09-30 00:00:00.0,,,,,,0.00,,,鄂尔多斯,1501,,西北,,,,,,2017-08-02 18:00:05.01,2018-01-04 19:42:14.733,2019-10-01 00:00:00.0,00 00 00 00 06 29 62 b4,5565,0,,,,1001820,,5599,,250,,,鄂尔多斯万达广场,4,0,1900-01-01 00:00:00.0
294,287,ZX1821,上海中信泰富,11,,2018-10-01 00:00:00.0,,,,120877.00,78887.00,0.00,41990.00,,上海,1497,,华东,,,,,,2017-08-02 18:00:05.01,2018-01-04 19:42:08.46,2018-10-02 00:00:00.0,00 00 00 00 06 29 62 b5,5490,0,,,,1001821,,5585,,39,,,中信泰富万达广场,4,0,1900-01-01 00:00:00.0
295,288,FJ1822,福建南平,15,,2018-12-01 00:00:00.0,,,,54961.00,27085.00,0.00,27876.00,,南平,1498,,东南,,,,29550.00,,2017-08-02 18:00:05.01,2018-01-04 19:42:06.87,2018-09-22 00:00:00.0,00 00 00 00 06 29 62 b6,5563,0,,29550.00,29550.00,1001822,,5607,,59,,,福建南平万达广场,1,0,1900-01-01 00:00:00.0
296,289,WW1823,甘肃武威,44,,2018-10-19 00:00:00.0,,,,59432.00,23487.00,0.00,35945.00,,武威,1498,,西北,,,,,,2017-08-02 18:00:05.01,2018-01-04 19:42:08.71,2018-10-20 00:00:00.0,00 00 00 00 06 29 62 b7,5565,0,,,,1001823,,5576,,78,,,武威万达广场,1,0,1900-01-01 00:00:00.0
297,290,XC1824,河南许昌,35,,2018-10-26 00:00:00.0,,,,66696.00,26293.00,0.00,40403.00,,许昌,1499,,华中,,,,,,2017-08-02 18:00:05.01,2018-01-04 19:42:08.977,2018-10-27 00:00:00.0,00 00 00 00 06 29 62 b8,5618,0,,,,1001824,,5573,,151,,,许昌万达广场,1,0,1900-01-01 00:00:00.0
298,291,CD1825,成都龙泉驿,14,,2018-10-26 00:00:00.0,,,,58208.00,25700.00,0.00,32508.00,,成都,1498,,西南,,,,,,2017-08-02 18:00:05.01,2018-01-04 19:42:09.24,2018-10-27 00:00:00.0,00 00 00 00 06 29 61 a0,5397,0,,,,1001825,,5611,,312,,,成都龙泉驿万达广场,1,0,1900-01-01 00:00:00.0
299,292,XT1826,河北邢台,10,,2018-11-02 00:00:00.0,,,,60169.00,26846.00,0.00,33323.00,,邢台,1501,,华北,,,,93365.70,,2017-08-02 18:00:05.01,2018-01-04 19:42:09.49,2018-11-03 00:00:00.0,00 00 00 00 06 29 62 b9,5503,0,,93931.55,60877.64,1001826,,5613,,135,,,邢台万达广场,1,0,1900-01-01 00:00:00.0
300,293,HF1827,合肥巢湖,29,,2018-11-02 00:00:00.0,,,,65328.00,29760.00,0.00,35568.00,,合肥,1498,,中南,,,,,,2017-08-02 18:00:05.01,2018-01-04 19:42:09.757,2018-11-03 00:00:00.0,00 00 00 00 06 29 62 ba,5395,0,,,,1001827,,5601,,47,,,合肥巢湖万达广场,1,0,1900-01-01 00:00:00.0
301,294,BX1828,辽宁本溪,6,,2018-12-21 00:00:00.0,,,,50120.00,21800.00,0.00,28320.00,,本溪,1501,,东北,,,,,,2017-08-02 18:00:05.01,2018-01-04 19:42:11.3,2018-12-22 00:00:00.0,00 00 00 00 06 29 62 bb,5502,0,,,,1001828,,5584,,233,,,本溪万达广场,4,0,1900-01-01 00:00:00.0
302,295,HZ1829,山东菏泽,3,,2018-11-16 00:00:00.0,,,,65824.00,24068.00,0.00,41756.00,,菏泽,1498,,华北,,,,,,2017-08-02 18:00:05.01,2018-01-04 19:42:10.007,2018-11-17 00:00:00.0,00 00 00 00 06 29 62 bc,5503,0,,,,1001829,,5587,,275,,,菏泽万达广场,4,0,1900-01-01 00:00:00.0
303,296,YC1830,山西运城,51,,2018-12-28 00:00:00.0,,,,63519.00,24200.00,0.00,39319.00,,运城,1501,,华中,,,,100254.04,,2017-08-02 18:00:05.01,2018-01-04 19:42:10.27,2018-11-17 00:00:00.0,00 00 00 00 06 29 62 bd,5618,0,,100761.50,63953.86,1001830,,5582,,299,,,运城万达广场,1,0,1900-01-01 00:00:00.0
304,297,KF1831,河南开封,35,,2018-09-28 00:00:00.0,,,,66831.00,27629.00,0.00,39202.00,,开封,1501,,华中,,,,,,2017-08-02 18:00:05.01,2018-01-04 19:42:07.697,2018-09-29 00:00:00.0,00 00 00 00 06 29 62 be,5618,0,,,,1001831,,5574,,141,,,开封万达广场,4,0,1900-01-01 00:00:00.0
305,298,HN1832,安徽淮南,29,,2018-09-07 00:00:00.0,,,,56962.00,28896.00,0.00,28066.00,,淮南,1501,,中南,,,,86682.03,,2017-08-02 18:00:05.01,2018-01-04 19:42:06.62,2018-09-08 00:00:00.0,00 00 00 00 06 29 62 bf,5395,0,,87245.24,53600.46,1001832,,5602,,49,,,淮南万达广场,4,0,1900-01-01 00:00:00.0
306,299,ZQ1833,重庆沙坪坝,37,,2018-11-30 00:00:00.0,,,,67210.00,28900.00,0.00,38310.00,,重庆,1498,,西南,,,,,,2017-08-02 18:00:05.01,2018-01-04 19:42:10.537,2018-12-01 00:00:00.0,00 00 00 00 06 29 62 c0,5397,0,,,,1001833,,5570,,379,,,重庆沙坪坝万达广场,1,0,1900-01-01 00:00:00.0
307,300,JS1834,江苏宿迁,5,,2018-12-07 00:00:00.0,,,,63646.00,25200.00,0.00,38446.00,,宿迁,1501,,华东,,,,,,2017-08-02 18:00:05.01,2018-01-04 19:42:10.787,2018-12-08 00:00:00.0,00 00 00 00 06 29 62 c1,5490,0,,,,1001834,,5593,,214,,,江苏宿迁万达广场,1,0,1900-01-01 00:00:00.0
308,301,YB1836,四川宜宾,14,,2018-12-21 00:00:00.0,,,,64205.00,25300.00,0.00,38905.00,,宜宾,1499,,西南,,,,,,2017-08-02 18:00:05.01,2018-01-04 19:42:12.36,2018-12-22 00:00:00.0,00 00 00 00 06 29 61 aa,5397,0,,,,1001836,,5612,,327,,,宜宾万达广场,1,0,1900-01-01 00:00:00.0
309,302,YL1837,广西玉林,48,,2019-06-28 00:00:00.0,,,,,,0.00,,,玉林,1501,,华南,,,,,,2017-08-02 18:00:05.01,2018-01-04 19:42:11.567,2018-12-22 00:00:00.0,00 00 00 00 06 29 62 c2,5396,0,,,,1001837,,5590,,114,,,玉林万达广场,6,0,1900-01-01 00:00:00.0
310,303,NC1838,南昌青山湖,36,,2018-12-21 00:00:00.0,,,,64467.00,24900.00,0.00,39567.00,,南昌,1498,,中南,,,,,,2017-08-02 18:00:05.01,2018-01-04 19:42:11.83,2018-12-22 00:00:00.0,00 00 00 00 06 29 62 c3,5395,0,,,,1001838,,5596,,226,,,南昌青山湖万达广场,1,0,1900-01-01 00:00:00.0
311,304,YL1839,陕西榆林,12,,2018-12-22 00:00:00.0,,,,56473.00,20600.00,0.00,35873.00,,榆林,1501,,西北,,,,,,2017-08-02 18:00:05.01,2018-01-04 19:42:12.097,2018-12-22 00:00:00.0,00 00 00 00 06 29 62 c4,5565,0,,,,1001839,,5614,,309,,,榆林万达广场,1,0,1900-01-01 00:00:00.0
312,305,NJ1840,南京溧水,5,,2018-09-28 00:00:00.0,,,,67366.00,25092.00,0.00,42274.00,,南京,1498,,华东,,,,,,2017-08-02 18:00:05.01,2018-01-04 19:42:12.877,2018-12-23 00:00:00.0,00 00 00 00 06 29 62 c5,5490,0,,,,1001840,,5594,,211,,,南京溧水万达广场,1,0,1900-01-01 00:00:00.0
313,306,QZ1841,泉州星光耀,32,,2018-12-22 00:00:00.0,,,,,,0.00,,,泉州,1499,,东南,,,,,,2017-08-02 18:00:05.01,2018-01-04 19:42:12.61,2018-12-23 00:00:00.0,00 00 00 00 06 29 62 c6,5563,0,,,,1001841,,5608,,62,,,泉州星光耀万达广场,4,0,1900-01-01 00:00:00.0
314,307,ZJ1842,江苏张家港,5,,2018-12-28 00:00:00.0,,,,53114.00,24888.00,0.00,28226.00,,张家港,1499,,华东,,,,,,2017-08-02 18:00:05.01,2018-01-04 19:42:13.67,2018-12-29 00:00:00.0,00 00 00 00 06 29 62 c7,5490,0,,,,1001842,,5595,,397,,,张家港万达广场,4,0,1900-01-01 00:00:00.0
315,308,GZ1843,广州新塘,28,,2018-12-28 00:00:00.0,,,,59943.00,25500.00,0.00,34443.00,,广州,1497,,华南,,,,,,2017-08-02 18:00:05.01,2018-01-04 19:42:13.953,2018-12-29 00:00:00.0,00 00 00 00 06 29 62 c8,5396,0,,,,1001843,,5606,,83,,,广州新塘万达广场,4,0,1900-01-01 00:00:00.0
316,309,YX1844,云南玉溪,41,,2019-12-27 00:00:00.0,,,,,,0.00,,,玉溪,1501,,西南,,,,,,2017-08-02 18:00:05.01,2018-01-04 19:42:14.997,2019-12-28 00:00:00.0,00 00 00 00 06 29 62 c9,5397,0,,,,1001844,,5597,,366,,,玉溪万达广场,4,0,1900-01-01 00:00:00.0
317,310,WF1845,潍坊寿光,4,,2018-12-29 00:00:00.0,,,,56262.00,21200.00,0.00,35062.00,,潍坊,1499,,华北,,,,,,2017-08-02 18:00:05.01,2018-01-04 19:42:14.217,2018-12-30 00:00:00.0,00 00 00 00 06 29 62 ca,5503,0,,,,1001845,,5589,,285,,,潍坊寿光万达广场,1,0,1900-01-01 00:00:00.0
318,311,GG1846,广西贵港,48,,2018-12-29 00:00:00.0,,,,,,0.00,,,贵港,1501,,华南,,,,,,2017-08-02 18:00:05.01,2018-01-04 19:42:14.483,2018-12-30 00:00:00.0,00 00 00 00 06 29 62 cb,5396,0,,,,1001846,,5591,,105,,,贵港万达广场,1,0,1900-01-01 00:00:00.0
319,312,QD1864,青岛东方影都酒吧街,4,,2018-04-28 00:00:00.0,,,,,,0.00,,,青岛,1498,,华北,,,,0.00,,2017-09-29 18:00:04.86,2018-06-05 00:00:00.63,2018-04-09 16:53:56.88,00 00 00 00 06 29 62 cc,5503,0,,18736.25,0.00,1001864,,5615,,281,0,1,青岛东方影都酒吧街,8,0,1900-01-01 00:00:00.0
320,313,TZ1835,泰州泰兴,5,,2018-12-15 00:00:00.0,,,,62770.00,25802.00,0.00,36968.00,,泰州,1501,,华东,,,,,,2017-12-07 14:00:04.463,2018-01-04 19:42:11.05,2018-12-16 00:00:00.0,00 00 00 00 06 29 62 cd,5490,0,,,,1001835,,5588,,215,,,泰州泰兴万达广场,4,0,1900-01-01 00:00:00.0
321,314,DQ1884,大庆让胡路,55,,2018-12-23 00:00:00.0,,,,,,0.00,,,大庆,1499,,东北,,,,,,2018-01-03 01:00:03.717,2018-01-04 19:42:13.14,2018-12-24 00:00:00.0,00 00 00 00 06 29 62 ce,5502,0,,,,1001884,,5617,,155,,,大庆让胡路万达广场,4,0,1900-01-01 00:00:00.0
322,315,QZ1885,泉州安溪,32,,2018-12-28 00:00:00.0,,,,62309.00,32781.00,0.00,29528.00,,泉州,1499,,东南,,,,,,2018-01-03 01:00:03.717,2018-01-04 19:42:13.407,2018-12-29 00:00:00.0,00 00 00 00 06 29 62 cf,5563,0,,,,1001885,,5616,,62,,,泉州安溪万达广场,1,0,1900-01-01 00:00:00.0
325,316,MY1986,绵阳CBD,,,2018-12-21 00:00:00.0,,,,55130.00,34095.00,0.00,21035.00,,,,,,,,,,,2018-03-26 18:00:07.427,2018-03-26 18:00:07.427,2018-12-21 00:00:00.0,00 00 00 00 06 25 77 38,,0,,,,1001986,,5619,,,,,绵阳CBD,,,
326,317,ZQ2006,重庆铜梁,,,2018-12-31 00:00:00.0,,,,,,0.00,,,,,,,,,,,,2018-03-27 14:00:03.85,2018-03-27 14:00:03.85,2018-12-31 00:00:00.0,00 00 00 00 06 25 77 39,,0,,,,1002006,,5620,,,,,重庆铜梁,,,
327,318,CZ2026,滁州万达广场,,,2019-12-06 00:00:00.0,,,,62647.00,23706.00,0.00,38941.00,,,,,,,,,,,2018-04-11 18:00:44.693,2018-04-11 18:00:44.693,2019-12-06 00:00:00.0,00 00 00 00 06 25 77 3a,,0,,,,1002026,,5622,,,,,滁州万达广场,,,
